date,cash,portfolio_value,positions,trades
2020-01-02,65,99379,PCELL.ST:10946; RATO-B.ST:11091; NOTE.ST:11102; NIBE-B.ST:11105; NEWA-B.ST:11110; SAAB-B.ST:11106; ELAN-B.ST:11095; MEKO.ST:11069; CLAS-B.ST:10690,BUY PCELL.ST 65 @ 168.40 fee 69.00; BUY RATO-B.ST 391 @ 28.36 fee 69.00; BUY NOTE.ST 287 @ 38.68 fee 69.00; BUY NIBE-B.ST 276 @ 40.24 fee 69.00; BUY NEWA-B.ST 425 @ 26.14 fee 69.00; BUY SAAB-B.ST 147 @ 75.55 fee 69.00; BUY ELAN-B.ST 151 @ 73.48 fee 69.00; BUY MEKO.ST 130 @ 85.15 fee 69.00; BUY CLAS-B.ST 117 @ 91.37 fee 69.00
2020-01-03,65,98036,PCELL.ST:10790; RATO-B.ST:11011; NOTE.ST:10923; NIBE-B.ST:10983; NEWA-B.ST:10782; SAAB-B.ST:11117; ELAN-B.ST:10716; MEKO.ST:10970; CLAS-B.ST:10681,
2020-01-07,65,99120,PCELL.ST:11336; RATO-B.ST:11051; NOTE.ST:10758; NIBE-B.ST:11092; NEWA-B.ST:10891; SAAB-B.ST:11515; ELAN-B.ST:10842; MEKO.ST:10729; CLAS-B.ST:10841,
2020-01-08,65,98677,PCELL.ST:11115; RATO-B.ST:11031; NOTE.ST:10703; NIBE-B.ST:11145; NEWA-B.ST:10764; SAAB-B.ST:11766; ELAN-B.ST:10665; MEKO.ST:10800; CLAS-B.ST:10624,
2020-01-09,65,100232,PCELL.ST:12116; RATO-B.ST:10958; NOTE.ST:10785; NIBE-B.ST:11278; NEWA-B.ST:10836; SAAB-B.ST:11742; ELAN-B.ST:10691; MEKO.ST:11034; CLAS-B.ST:10728,
2020-01-10,663,99712,PCELL.ST:12519; RATO-B.ST:10918; NOTE.ST:10620; NIBE-B.ST:11288; NEWA-B.ST:10727; CLAS-B.ST:10775; AZN.ST:7493; EQT.ST:8220; BEIJ-B.ST:8212; INVE-B.ST:8277,SELL SAAB-B.ST 147 @ 80.06 fee 69.00; SELL ELAN-B.ST 151 @ 70.80 fee 69.00; SELL MEKO.ST 130 @ 83.25 fee 69.00; BUY AZN.ST 8 @ 936.60 fee 69.00; BUY EQT.ST 74 @ 111.08 fee 69.00; BUY BEIJ-B.ST 98 @ 83.80 fee 69.00; BUY INVE-B.ST 71 @ 116.58 fee 69.00
2020-01-13,663,99981,PCELL.ST:13098; RATO-B.ST:10965; NOTE.ST:10318; NIBE-B.ST:11437; NEWA-B.ST:10600; CLAS-B.ST:10641; AZN.ST:7434; EQT.ST:8293; BEIJ-B.ST:8247; INVE-B.ST:8287,
2020-01-14,663,99959,PCELL.ST:12883; RATO-B.ST:10885; NOTE.ST:10042; NIBE-B.ST:11609; NEWA-B.ST:10800; CLAS-B.ST:10661; AZN.ST:7497; EQT.ST:8310; BEIJ-B.ST:8293; INVE-B.ST:8315,
2020-01-15,663,100788,PCELL.ST:13260; RATO-B.ST:10878; NOTE.ST:10111; NIBE-B.ST:11646; NEWA-B.ST:10964; CLAS-B.ST:10564; AZN.ST:7616; EQT.ST:8439; BEIJ-B.ST:8322; INVE-B.ST:8325,
2020-01-16,663,102525,PCELL.ST:14105; RATO-B.ST:10965; NOTE.ST:10359; NIBE-B.ST:11719; NEWA-B.ST:11201; CLAS-B.ST:10467; AZN.ST:7559; EQT.ST:8617; BEIJ-B.ST:8391; INVE-B.ST:8481,
2020-01-17,13,103677,PCELL.ST:13748; RATO-B.ST:10998; NOTE.ST:11652; NIBE-B.ST:11779; NEWA-B.ST:11019; CLAS-B.ST:10467; EQT.ST:8683; BEIJ-B.ST:8500; INVE-B.ST:8567; SHB-B.ST:8253,SELL AZN.ST 8 @ 967.75 fee 69.00; BUY SHB-B.ST 105 @ 78.60 fee 69.00
2020-01-20,13,104332,PCELL.ST:13715; RATO-B.ST:10951; NOTE.ST:12381; NIBE-B.ST:11742; NEWA-B.ST:11000; CLAS-B.ST:10467; EQT.ST:8791; BEIJ-B.ST:8477; INVE-B.ST:8541; SHB-B.ST:8253,
2020-01-21,13,102821,PCELL.ST:12688; RATO-B.ST:10965; NOTE.ST:12120; NIBE-B.ST:11672; NEWA-B.ST:10909; CLAS-B.ST:10409; EQT.ST:8825; BEIJ-B.ST:8402; INVE-B.ST:8548; SHB-B.ST:8269,
2020-01-22,13,102861,PCELL.ST:12675; RATO-B.ST:11130; NOTE.ST:11968; NIBE-B.ST:11593; NEWA-B.ST:10745; CLAS-B.ST:10515; EQT.ST:8985; BEIJ-B.ST:8460; INVE-B.ST:8538; SHB-B.ST:8237,
2020-01-23,13,99590,PCELL.ST:11050; RATO-B.ST:10938; NOTE.ST:12133; NIBE-B.ST:11248; NEWA-B.ST:10836; CLAS-B.ST:10292; EQT.ST:8651; BEIJ-B.ST:7868; INVE-B.ST:8452; SHB-B.ST:8107,
2020-01-24,15,100066,PCELL.ST:11778; RATO-B.ST:11111; NOTE.ST:12078; NIBE-B.ST:11351; NEWA-B.ST:10946; EQT.ST:8491; SHB-B.ST:8156; BULTEN.ST:8755; ELAN-B.ST:8749; SAAB-B.ST:8637,SELL CLAS-B.ST 117 @ 87.06 fee 69.00; SELL BEIJ-B.ST 98 @ 79.40 fee 69.00; SELL INVE-B.ST 71 @ 120.97 fee 69.00; BUY BULTEN.ST 142 @ 61.66 fee 69.00; BUY ELAN-B.ST 121 @ 72.30 fee 69.00; BUY SAAB-B.ST 111 @ 77.81 fee 69.00
2020-01-27,15,98171,PCELL.ST:11401; RATO-B.ST:10898; NOTE.ST:11693; NIBE-B.ST:11128; NEWA-B.ST:10673; EQT.ST:8488; SHB-B.ST:7985; BULTEN.ST:8719; ELAN-B.ST:8729; SAAB-B.ST:8442,
2020-01-28,15,99226,PCELL.ST:11700; RATO-B.ST:10998; NOTE.ST:11789; NIBE-B.ST:11165; NEWA-B.ST:10709; EQT.ST:8575; SHB-B.ST:8237; BULTEN.ST:8755; ELAN-B.ST:8870; SAAB-B.ST:8413,
2020-01-29,15,100313,PCELL.ST:12506; RATO-B.ST:11190; NOTE.ST:11858; NIBE-B.ST:11311; NEWA-B.ST:10618; EQT.ST:8683; SHB-B.ST:8204; BULTEN.ST:8768; ELAN-B.ST:8789; SAAB-B.ST:8371,
2020-01-30,15,99475,PCELL.ST:12675; RATO-B.ST:11064; NOTE.ST:11569; NIBE-B.ST:11168; NEWA-B.ST:10545; EQT.ST:8470; SHB-B.ST:8139; BULTEN.ST:8707; ELAN-B.ST:8830; SAAB-B.ST:8292,
2020-01-31,16,98951,PCELL.ST:12597; RATO-B.ST:11243; NOTE.ST:11253; NIBE-B.ST:11085; NEWA-B.ST:10545; EQT.ST:8512; BULTEN.ST:8719; HPOL-B.ST:8380; HEXA-B.ST:8352; BEIJ-B.ST:8248,SELL SHB-B.ST 105 @ 77.83 fee 69.00; SELL ELAN-B.ST 121 @ 74.15 fee 69.00; SELL SAAB-B.ST 111 @ 74.34 fee 69.00; BUY HPOL-B.ST 117 @ 71.62 fee 69.00; BUY HEXA-B.ST 112 @ 74.57 fee 69.00; BUY BEIJ-B.ST 97 @ 85.03 fee 69.00
2020-02-03,16,99732,PCELL.ST:13000; RATO-B.ST:11601; NOTE.ST:11652; NIBE-B.ST:11128; NEWA-B.ST:10563; EQT.ST:8617; BULTEN.ST:8646; HPOL-B.ST:8130; HEXA-B.ST:8359; BEIJ-B.ST:8021,
2020-02-04,16,102748,PCELL.ST:13682; RATO-B.ST:11860; NOTE.ST:12574; NIBE-B.ST:11344; NEWA-B.ST:10545; EQT.ST:8874; BULTEN.ST:8719; HPOL-B.ST:8342; HEXA-B.ST:8686; BEIJ-B.ST:8106,
2020-02-05,16,104631,PCELL.ST:13780; RATO-B.ST:11907; NOTE.ST:13000; NIBE-B.ST:11414; NEWA-B.ST:10818; EQT.ST:8997; BULTEN.ST:8768; HPOL-B.ST:8361; HEXA-B.ST:9119; BEIJ-B.ST:8453,
2020-02-06,16,104095,PCELL.ST:14040; RATO-B.ST:10766; NOTE.ST:12780; NIBE-B.ST:11291; NEWA-B.ST:11383; EQT.ST:9034; BULTEN.ST:9120; HPOL-B.ST:8207; HEXA-B.ST:8937; BEIJ-B.ST:8521,
2020-02-07,47,103116,PCELL.ST:13780; RATO-B.ST:10759; NIBE-B.ST:11178; NEWA-B.ST:11419; EQT.ST:9149; BULTEN.ST:9217; BEIJ-B.ST:8259; SAAB-B.ST:9850; ELAN-B.ST:9779; INVE-B.ST:9677,SELL NOTE.ST 287 @ 44.67 fee 69.00; SELL HPOL-B.ST 117 @ 69.32 fee 69.00; SELL HEXA-B.ST 112 @ 78.75 fee 69.00; BUY SAAB-B.ST 130 @ 75.77 fee 69.00; BUY ELAN-B.ST 131 @ 74.65 fee 69.00; BUY INVE-B.ST 78 @ 124.07 fee 69.00
2020-02-10,47,105047,PCELL.ST:14918; RATO-B.ST:11044; NIBE-B.ST:11391; NEWA-B.ST:11747; EQT.ST:9111; BULTEN.ST:9303; BEIJ-B.ST:8316; SAAB-B.ST:9566; ELAN-B.ST:9889; INVE-B.ST:9716,
2020-02-11,47,106875,PCELL.ST:16055; RATO-B.ST:11383; NIBE-B.ST:11523; NEWA-B.ST:11583; EQT.ST:9142; BULTEN.ST:9363; BEIJ-B.ST:8487; SAAB-B.ST:9677; ELAN-B.ST:9801; INVE-B.ST:9814,
2020-02-12,47,107102,PCELL.ST:15925; RATO-B.ST:11562; NIBE-B.ST:11391; NEWA-B.ST:11456; EQT.ST:9577; BULTEN.ST:9400; BEIJ-B.ST:8442; SAAB-B.ST:9640; ELAN-B.ST:9889; INVE-B.ST:9775,
2020-02-13,47,107907,PCELL.ST:15795; RATO-B.ST:11654; NIBE-B.ST:11984; NEWA-B.ST:11365; EQT.ST:10155; BULTEN.ST:9448; BEIJ-B.ST:8413; SAAB-B.ST:9529; ELAN-B.ST:9713; INVE-B.ST:9803,
2020-02-14,70,108919,PCELL.ST:16575; RATO-B.ST:11601; NIBE-B.ST:11905; NEWA-B.ST:11274; EQT.ST:10294; BULTEN.ST:9534; BEIJ-B.ST:8521; ELAN-B.ST:9889; INVE-B.ST:9849; MEKO.ST:9408,SELL SAAB-B.ST 130 @ 73.61 fee 69.00; BUY MEKO.ST 117 @ 80.41 fee 69.00
2020-02-17,70,111624,PCELL.ST:18785; RATO-B.ST:11767; NIBE-B.ST:11931; NEWA-B.ST:11237; EQT.ST:10680; BULTEN.ST:9704; BEIJ-B.ST:8487; ELAN-B.ST:9735; INVE-B.ST:9866; MEKO.ST:9361,
2020-02-18,70,112363,PCELL.ST:20150; RATO-B.ST:11363; NIBE-B.ST:11855; NEWA-B.ST:11073; EQT.ST:11028; BULTEN.ST:9667; BEIJ-B.ST:8413; ELAN-B.ST:9669; INVE-B.ST:9814; MEKO.ST:9261,
2020-02-19,70,113526,PCELL.ST:20898; RATO-B.ST:11469; NIBE-B.ST:11908; NEWA-B.ST:11091; EQT.ST:11230; BULTEN.ST:9315; BEIJ-B.ST:8618; ELAN-B.ST:9757; INVE-B.ST:9884; MEKO.ST:9287,
2020-02-20,70,112175,PCELL.ST:18850; RATO-B.ST:11528; NIBE-B.ST:11954; NEWA-B.ST:11037; EQT.ST:11070; BULTEN.ST:9813; BEIJ-B.ST:8720; ELAN-B.ST:9910; INVE-B.ST:9856; MEKO.ST:9366,
2020-02-21,6,111064,RATO-B.ST:11416; NIBE-B.ST:11875; NEWA-B.ST:10818; EQT.ST:11032; BULTEN.ST:9570; BEIJ-B.ST:8709; ELAN-B.ST:9801; INVE-B.ST:9779; HPOL-B.ST:28059,SELL PCELL.ST 65 @ 291.00 fee 69.00; SELL MEKO.ST 117 @ 79.38 fee 69.00; BUY HPOL-B.ST 420 @ 66.81 fee 69.00
2020-02-24,6,105989,RATO-B.ST:10945; NIBE-B.ST:11427; NEWA-B.ST:10363; EQT.ST:10649; BULTEN.ST:8889; BEIJ-B.ST:8123; ELAN-B.ST:9318; INVE-B.ST:9282; HPOL-B.ST:26986,
2020-02-25,6,104112,RATO-B.ST:10726; NIBE-B.ST:11162; NEWA-B.ST:10163; EQT.ST:10517; BULTEN.ST:8682; BEIJ-B.ST:7895; ELAN-B.ST:9253; INVE-B.ST:9051; HPOL-B.ST:26657,
2020-02-26,6,103697,RATO-B.ST:10494; NIBE-B.ST:11201; NEWA-B.ST:10254; EQT.ST:10471; BULTEN.ST:8573; BEIJ-B.ST:7907; ELAN-B.ST:9033; INVE-B.ST:9030; HPOL-B.ST:26727,
2020-02-27,6,99557,RATO-B.ST:9923; NIBE-B.ST:10774; NEWA-B.ST:9689; EQT.ST:10144; BULTEN.ST:8208; BEIJ-B.ST:7617; ELAN-B.ST:8924; INVE-B.ST:8653; HPOL-B.ST:25619,
2020-02-28,501,95921,RATO-B.ST:9757; NIBE-B.ST:10309; EQT.ST:9755; EMBRAC-B.ST:9457; AZN.ST:9161; HOLM-B.ST:9468; HEXA-B.ST:9462; SHB-B.ST:9495; SWED-A.ST:9415; LUND-B.ST:9140,SELL NEWA-B.ST 425 @ 22.50 fee 69.00; SELL BULTEN.ST 142 @ 58.32 fee 69.00; SELL BEIJ-B.ST 97 @ 76.06 fee 69.00; SELL ELAN-B.ST 131 @ 65.78 fee 69.00; SELL INVE-B.ST 78 @ 107.01 fee 69.00; SELL HPOL-B.ST 420 @ 59.06 fee 69.00; BUY EMBRAC-B.ST 34 @ 278.16 fee 69.00; BUY AZN.ST 11 @ 832.80 fee 69.00; BUY HOLM-B.ST 39 @ 242.78 fee 69.00; BUY HEXA-B.ST 130 @ 72.78 fee 69.00; BUY SHB-B.ST 122 @ 77.83 fee 69.00; BUY SWED-A.ST 93 @ 101.24 fee 69.00; BUY LUND-B.ST 24 @ 380.84 fee 69.00
2020-03-02,501,97143,RATO-B.ST:9797; NIBE-B.ST:10415; EQT.ST:9935; EMBRAC-B.ST:9572; AZN.ST:9333; HOLM-B.ST:9665; HEXA-B.ST:9499; SHB-B.ST:9608; SWED-A.ST:9571; LUND-B.ST:9246,
2020-03-03,501,99021,RATO-B.ST:9850; NIBE-B.ST:10750; EQT.ST:10565; EMBRAC-B.ST:9751; AZN.ST:9439; HOLM-B.ST:9841; HEXA-B.ST:9521; SHB-B.ST:9627; SWED-A.ST:9617; LUND-B.ST:9559,
2020-03-04,501,100150,RATO-B.ST:9638; NIBE-B.ST:10760; EQT.ST:10868; EMBRAC-B.ST:10027; AZN.ST:9874; HOLM-B.ST:9834; HEXA-B.ST:9347; SHB-B.ST:9684; SWED-A.ST:9841; LUND-B.ST:9776,
2020-03-05,501,99569,RATO-B.ST:9300; NIBE-B.ST:10687; EQT.ST:11053; EMBRAC-B.ST:9863; AZN.ST:9992; HOLM-B.ST:9658; HEXA-B.ST:9292; SHB-B.ST:9627; SWED-A.ST:9802; LUND-B.ST:9794,
2020-03-06,147,95354,NIBE-B.ST:10402; EQT.ST:10068; EMBRAC-B.ST:9329; AZN.ST:9621; SWED-A.ST:9431; LUND-B.ST:9550; PCELL.ST:9260; SOBI.ST:9227; CEVI.ST:9117; INVE-B.ST:9202,SELL RATO-B.ST 391 @ 23.21 fee 69.00; SELL HOLM-B.ST 39 @ 243.86 fee 69.00; SELL HEXA-B.ST 130 @ 68.65 fee 69.00; SELL SHB-B.ST 122 @ 77.83 fee 69.00; BUY PCELL.ST 50 @ 185.20 fee 69.00; BUY SOBI.ST 60 @ 153.78 fee 69.00; BUY CEVI.ST 33 @ 276.27 fee 69.00; BUY INVE-B.ST 85 @ 108.26 fee 69.00
2020-03-09,147,90619,NIBE-B.ST:9848; EQT.ST:9180; EMBRAC-B.ST:8864; AZN.ST:9454; SWED-A.ST:8625; LUND-B.ST:9177; PCELL.ST:9150; SOBI.ST:8665; CEVI.ST:8785; INVE-B.ST:8724,
2020-03-10,147,89974,NIBE-B.ST:9722; EQT.ST:9041; EMBRAC-B.ST:8664; AZN.ST:9360; SWED-A.ST:8583; LUND-B.ST:9195; PCELL.ST:9000; SOBI.ST:8771; CEVI.ST:8785; INVE-B.ST:8705,
2020-03-11,147,88503,NIBE-B.ST:9493; EQT.ST:8387; EMBRAC-B.ST:8874; AZN.ST:9278; SWED-A.ST:8696; LUND-B.ST:9108; PCELL.ST:8840; SOBI.ST:8631; CEVI.ST:8422; INVE-B.ST:8627,
2020-03-12,147,76799,NIBE-B.ST:8180; EQT.ST:7235; EMBRAC-B.ST:7607; AZN.ST:8556; SWED-A.ST:7480; LUND-B.ST:7966; PCELL.ST:6900; SOBI.ST:7900; CEVI.ST:7205; INVE-B.ST:7623,
2020-03-13,19,79585,NIBE-B.ST:8332; EQT.ST:7934; EMBRAC-B.ST:7840; AZN.ST:8291; SWED-A.ST:7763; LUND-B.ST:8399; PCELL.ST:8000; SOBI.ST:7989; HOLM-B.ST:7567; G5EN.ST:7451,SELL CEVI.ST 33 @ 223.60 fee 69.00; SELL INVE-B.ST 85 @ 91.61 fee 69.00; BUY HOLM-B.ST 36 @ 210.18 fee 69.00; BUY G5EN.ST 123 @ 60.58 fee 69.00
2020-03-16,19,75968,NIBE-B.ST:8044; EQT.ST:6812; EMBRAC-B.ST:7630; AZN.ST:8110; SWED-A.ST:7347; LUND-B.ST:8053; PCELL.ST:7780; SOBI.ST:7737; HOLM-B.ST:7482; G5EN.ST:6954,
2020-03-17,19,80069,NIBE-B.ST:8001; EQT.ST:6775; EMBRAC-B.ST:8248; AZN.ST:8791; SWED-A.ST:8098; LUND-B.ST:8868; PCELL.ST:7990; SOBI.ST:7920; HOLM-B.ST:8001; G5EN.ST:7358,
2020-03-18,19,78386,NIBE-B.ST:7851; EQT.ST:5498; EMBRAC-B.ST:8160; AZN.ST:8746; SWED-A.ST:7987; LUND-B.ST:8873; PCELL.ST:7590; SOBI.ST:8436; HOLM-B.ST:7612; G5EN.ST:7613,
2020-03-19,19,81797,NIBE-B.ST:8485; EQT.ST:6194; EMBRAC-B.ST:8743; AZN.ST:9097; SWED-A.ST:8209; LUND-B.ST:8882; PCELL.ST:7980; SOBI.ST:8319; HOLM-B.ST:7755; G5EN.ST:8115,
2020-03-20,27,82663,NIBE-B.ST:8326; EQT.ST:7002; EMBRAC-B.ST:8568; SWED-A.ST:7848; PCELL.ST:8390; G5EN.ST:8263; NOTE.ST:8629; NEWA-B.ST:8629; CEVI.ST:8427; SINT.ST:8557,SELL AZN.ST 11 @ 836.86 fee 69.00; SELL LUND-B.ST 24 @ 369.33 fee 69.00; SELL SOBI.ST 60 @ 142.70 fee 69.00; SELL HOLM-B.ST 36 @ 226.93 fee 69.00; BUY NOTE.ST 379 @ 22.77 fee 69.00; BUY NEWA-B.ST 743 @ 11.61 fee 69.00; BUY CEVI.ST 40 @ 210.68 fee 69.00; BUY SINT.ST 104 @ 82.28 fee 69.00
2020-03-23,27,79230,NIBE-B.ST:7808; EQT.ST:6669; EMBRAC-B.ST:8782; SWED-A.ST:7291; PCELL.ST:8310; G5EN.ST:8253; NOTE.ST:8229; NEWA-B.ST:7880; CEVI.ST:8140; SINT.ST:7840,
2020-03-24,27,84355,NIBE-B.ST:8906; EQT.ST:7273; EMBRAC-B.ST:8670; SWED-A.ST:7376; PCELL.ST:9520; G5EN.ST:8931; NOTE.ST:8774; NEWA-B.ST:7721; CEVI.ST:8389; SINT.ST:8767,
2020-03-25,27,87786,NIBE-B.ST:9546; EQT.ST:7865; EMBRAC-B.ST:8843; SWED-A.ST:7412; PCELL.ST:10700; G5EN.ST:8695; NOTE.ST:9356; NEWA-B.ST:7657; CEVI.ST:8791; SINT.ST:8894,
2020-03-26,27,89725,NIBE-B.ST:9898; EQT.ST:8331; EMBRAC-B.ST:9107; SWED-A.ST:7461; PCELL.ST:10475; G5EN.ST:9300; NOTE.ST:9483; NEWA-B.ST:7626; CEVI.ST:9040; SINT.ST:8978,
2020-03-27,35,88095,NIBE-B.ST:9201; EQT.ST:8429; EMBRAC-B.ST:9545; PCELL.ST:9920; G5EN.ST:10505; NOTE.ST:8938; NEWA-B.ST:7387; CEVI.ST:8714; RATO-B.ST:7793; ELAN-B.ST:7628,SELL SWED-A.ST 93 @ 77.32 fee 69.00; SELL SINT.ST 104 @ 81.87 fee 69.00; BUY RATO-B.ST 476 @ 16.37 fee 69.00; BUY ELAN-B.ST 216 @ 35.32 fee 69.00
2020-03-30,35,89470,NIBE-B.ST:9354; EQT.ST:7834; EMBRAC-B.ST:9717; PCELL.ST:10000; G5EN.ST:10436; NOTE.ST:9192; NEWA-B.ST:7817; CEVI.ST:9193; RATO-B.ST:8156; ELAN-B.ST:7737,
2020-03-31,35,93459,NIBE-B.ST:9593; EQT.ST:8248; EMBRAC-B.ST:10029; PCELL.ST:10150; G5EN.ST:10722; NOTE.ST:10119; NEWA-B.ST:8724; CEVI.ST:9385; RATO-B.ST:8358; ELAN-B.ST:8098,
2020-04-01,35,91260,NIBE-B.ST:9254; EQT.ST:7764; EMBRAC-B.ST:9863; PCELL.ST:10200; G5EN.ST:11312; NOTE.ST:9574; NEWA-B.ST:8199; CEVI.ST:9170; RATO-B.ST:7962; ELAN-B.ST:7926,
2020-04-02,35,89778,NIBE-B.ST:9281; EQT.ST:7740; EMBRAC-B.ST:9384; PCELL.ST:10240; G5EN.ST:10899; NOTE.ST:9247; NEWA-B.ST:8278; CEVI.ST:9078; RATO-B.ST:7986; ELAN-B.ST:7610,
2020-04-03,16,90891,NIBE-B.ST:9487; EQT.ST:7896; PCELL.ST:10230; NOTE.ST:9483; NEWA-B.ST:8135; CEVI.ST:9132; RATO-B.ST:7861; ELAN-B.ST:7818; HM-B.ST:10438; MEKO.ST:10396,SELL EMBRAC-B.ST 34 @ 282.12 fee 69.00; SELL G5EN.ST 123 @ 93.48 fee 69.00; BUY HM-B.ST 112 @ 93.19 fee 69.00; BUY MEKO.ST 310 @ 33.54 fee 69.00
2020-04-06,16,97238,NIBE-B.ST:10352; EQT.ST:8488; PCELL.ST:10710; NOTE.ST:10101; NEWA-B.ST:8597; CEVI.ST:9630; RATO-B.ST:8511; ELAN-B.ST:8179; HM-B.ST:11536; MEKO.ST:11118,
2020-04-07,16,102645,NIBE-B.ST:10594; EQT.ST:8700; PCELL.ST:11300; NOTE.ST:10246; NEWA-B.ST:8947; CEVI.ST:10419; RATO-B.ST:8931; ELAN-B.ST:8586; HM-B.ST:12356; MEKO.ST:12549,
2020-04-08,16,104716,NIBE-B.ST:10916; EQT.ST:9201; PCELL.ST:11770; NOTE.ST:10119; NEWA-B.ST:8851; CEVI.ST:10626; RATO-B.ST:9198; ELAN-B.ST:8758; HM-B.ST:12566; MEKO.ST:12695,
2020-04-09,16,107366,NIBE-B.ST:10880; EQT.ST:9146; PCELL.ST:12300; NOTE.ST:10646; NEWA-B.ST:9966; CEVI.ST:10978; RATO-B.ST:9278; ELAN-B.ST:8948; HM-B.ST:12498; MEKO.ST:12712,
2020-04-14,39,111826,NEWA-B.ST:10252; RATO-B.ST:9327; MEKO.ST:12790; HPOL-B.ST:15944; SAAB-B.ST:15941; HUSQ-B.ST:15947; ELUX-B.ST:15947; SINT.ST:15638,SELL NIBE-B.ST 276 @ 41.95 fee 69.00; SELL EQT.ST 74 @ 123.31 fee 69.00; SELL PCELL.ST 50 @ 286.80 fee 69.00; SELL NOTE.ST 379 @ 29.14 fee 69.00; SELL CEVI.ST 40 @ 287.09 fee 69.00; SELL ELAN-B.ST 216 @ 46.03 fee 69.00; SELL HM-B.ST 112 @ 113.87 fee 69.00; BUY HPOL-B.ST 316 @ 50.45 fee 69.00; BUY SAAB-B.ST 315 @ 50.61 fee 69.00; BUY HUSQ-B.ST 356 @ 44.80 fee 69.00; BUY ELUX-B.ST 144 @ 110.75 fee 69.00; BUY SINT.ST 140 @ 111.70 fee 69.00
2020-04-15,39,105303,NEWA-B.ST:9425; RATO-B.ST:8648; MEKO.ST:11940; HPOL-B.ST:15033; SAAB-B.ST:14483; HUSQ-B.ST:15429; ELUX-B.ST:15099; SINT.ST:15207,
2020-04-16,39,105162,NEWA-B.ST:8772; RATO-B.ST:8487; MEKO.ST:12175; HPOL-B.ST:14928; SAAB-B.ST:14521; HUSQ-B.ST:15810; ELUX-B.ST:15495; SINT.ST:14935,
2020-04-17,39,110983,NEWA-B.ST:9663; RATO-B.ST:8915; MEKO.ST:12628; HPOL-B.ST:16100; SAAB-B.ST:15590; HUSQ-B.ST:16663; ELUX-B.ST:16111; SINT.ST:15275,
2020-04-20,39,112635,NEWA-B.ST:10030; RATO-B.ST:9012; MEKO.ST:12600; HPOL-B.ST:16256; SAAB-B.ST:15747; HUSQ-B.ST:16967; ELUX-B.ST:16437; SINT.ST:15547,
2020-04-21,102,108216,NEWA-B.ST:9552; RATO-B.ST:8640; MEKO.ST:12555; SINT.ST:14503; PCELL.ST:10500; NOTE.ST:10535; NIBE-B.ST:10551; EQT.ST:10464; BEIJ-B.ST:10522; G5EN.ST:10292,SELL HPOL-B.ST 316 @ 48.97 fee 69.00; SELL SAAB-B.ST 315 @ 47.52 fee 69.00; SELL HUSQ-B.ST 356 @ 48.31 fee 69.00; SELL ELUX-B.ST 144 @ 110.92 fee 69.00; BUY PCELL.ST 42 @ 250.00 fee 69.00; BUY NOTE.ST 332 @ 31.73 fee 69.00; BUY NIBE-B.ST 257 @ 41.05 fee 69.00; BUY EQT.ST 89 @ 117.57 fee 69.00; BUY BEIJ-B.ST 192 @ 54.80 fee 69.00; BUY G5EN.ST 99 @ 103.96 fee 69.00
2020-04-22,102,108092,NEWA-B.ST:8836; RATO-B.ST:8802; MEKO.ST:12085; SINT.ST:14186; PCELL.ST:11298; NOTE.ST:11378; NIBE-B.ST:10582; EQT.ST:10518; BEIJ-B.ST:10117; G5EN.ST:10189,
2020-04-23,102,108491,NEWA-B.ST:8708; RATO-B.ST:8931; MEKO.ST:11828; SINT.ST:14254; PCELL.ST:11273; NOTE.ST:11776; NIBE-B.ST:10653; EQT.ST:10639; BEIJ-B.ST:10668; G5EN.ST:9659,
2020-04-24,102,107633,NEWA-B.ST:8406; RATO-B.ST:8947; MEKO.ST:11990; SINT.ST:13777; PCELL.ST:10853; NOTE.ST:11967; NIBE-B.ST:10575; EQT.ST:10870; BEIJ-B.ST:10803; G5EN.ST:9342,
2020-04-27,102,109625,NEWA-B.ST:8613; RATO-B.ST:9359; MEKO.ST:12477; SINT.ST:13981; PCELL.ST:11122; NOTE.ST:11490; NIBE-B.ST:10832; EQT.ST:10777; BEIJ-B.ST:11372; G5EN.ST:9500,
2020-04-28,100,110670,NEWA-B.ST:8867; RATO-B.ST:9295; MEKO.ST:12605; SINT.ST:14435; BEIJ-B.ST:11417; HM-B.ST:13492; ELAN-B.ST:13570; SAAB-B.ST:13556; ELUX-B.ST:13333,SELL PCELL.ST 42 @ 254.00 fee 69.00; SELL NOTE.ST 332 @ 34.85 fee 69.00; SELL NIBE-B.ST 257 @ 43.36 fee 69.00; SELL EQT.ST 89 @ 120.39 fee 69.00; SELL G5EN.ST 99 @ 105.80 fee 69.00; BUY HM-B.ST 124 @ 108.81 fee 69.00; BUY ELAN-B.ST 345 @ 39.33 fee 69.00; BUY SAAB-B.ST 273 @ 49.66 fee 69.00; BUY ELUX-B.ST 115 @ 115.94 fee 69.00
2020-04-29,100,116025,NEWA-B.ST:9138; RATO-B.ST:9650; MEKO.ST:14205; SINT.ST:14413; BEIJ-B.ST:11631; HM-B.ST:14293; ELAN-B.ST:14032; SAAB-B.ST:14665; ELUX-B.ST:13899,
2020-04-30,100,115355,NEWA-B.ST:9520; RATO-B.ST:9416; MEKO.ST:14261; SINT.ST:14208; BEIJ-B.ST:11417; HM-B.ST:13806; ELAN-B.ST:14421; SAAB-B.ST:14678; ELUX-B.ST:13528,
2020-05-04,100,108384,NEWA-B.ST:8645; RATO-B.ST:8972; MEKO.ST:13327; SINT.ST:13232; BEIJ-B.ST:11006; HM-B.ST:12960; ELAN-B.ST:13772; SAAB-B.ST:13751; ELUX-B.ST:12620,
2020-05-05,100,110533,NEWA-B.ST:8772; RATO-B.ST:9085; MEKO.ST:13802; SINT.ST:13754; BEIJ-B.ST:11654; HM-B.ST:12838; ELAN-B.ST:13729; SAAB-B.ST:13783; ELUX-B.ST:13017,
2020-05-06,26,109852,NEWA-B.ST:8788; RATO-B.ST:8972; MEKO.ST:13455; SINT.ST:13505; BEIJ-B.ST:11822; HM-B.ST:12874; ELAN-B.ST:13425; SAAB-B.ST:13667; BULTEN.ST:13319,SELL ELUX-B.ST 115 @ 116.37 fee 69.00; BUY BULTEN.ST 322 @ 41.36 fee 69.00
2020-05-07,26,112753,NEWA-B.ST:9106; RATO-B.ST:9472; MEKO.ST:14093; SINT.ST:13664; BEIJ-B.ST:12419; HM-B.ST:13264; ELAN-B.ST:13483; SAAB-B.ST:13673; BULTEN.ST:13553,
2020-05-08,26,112949,NEWA-B.ST:9361; RATO-B.ST:9448; MEKO.ST:13791; SINT.ST:13959; BEIJ-B.ST:12644; HM-B.ST:13426; ELAN-B.ST:13036; SAAB-B.ST:13706; BULTEN.ST:13553,
2020-05-11,26,112338,NEWA-B.ST:8995; RATO-B.ST:9311; MEKO.ST:14400; SINT.ST:14117; BEIJ-B.ST:12678; HM-B.ST:13254; ELAN-B.ST:12704; SAAB-B.ST:13479; BULTEN.ST:13374,
2020-05-12,26,112185,NEWA-B.ST:9297; RATO-B.ST:9173; MEKO.ST:14233; SINT.ST:13618; BEIJ-B.ST:12802; HM-B.ST:13380; ELAN-B.ST:12805; SAAB-B.ST:13407; BULTEN.ST:13443,
2020-05-13,24,107320,NEWA-B.ST:8581; RATO-B.ST:8810; MEKO.ST:13243; SINT.ST:13368; ELAN-B.ST:12530; SAAB-B.ST:12986; BULTEN.ST:12822; VOLV-B.ST:12553; NOTE.ST:12403,SELL BEIJ-B.ST 192 @ 66.09 fee 69.00; SELL HM-B.ST 124 @ 101.12 fee 69.00; BUY VOLV-B.ST 123 @ 102.05 fee 69.00; BUY NOTE.ST 345 @ 35.95 fee 69.00
2020-05-14,24,105164,NEWA-B.ST:8215; RATO-B.ST:8632; MEKO.ST:13282; SINT.ST:12960; ELAN-B.ST:11924; SAAB-B.ST:12568; BULTEN.ST:12409; VOLV-B.ST:12368; NOTE.ST:12783,
2020-05-15,24,105139,NEWA-B.ST:7673; RATO-B.ST:8511; MEKO.ST:12997; SINT.ST:12529; ELAN-B.ST:12386; SAAB-B.ST:12986; BULTEN.ST:12712; VOLV-B.ST:12621; NOTE.ST:12700,
2020-05-18,24,110573,NEWA-B.ST:8565; RATO-B.ST:8955; MEKO.ST:13618; SINT.ST:13005; ELAN-B.ST:12559; SAAB-B.ST:14230; BULTEN.ST:13167; VOLV-B.ST:13319; NOTE.ST:13130,
2020-05-19,24,112493,NEWA-B.ST:8374; RATO-B.ST:9052; MEKO.ST:14540; SINT.ST:13505; ELAN-B.ST:13050; SAAB-B.ST:14159; BULTEN.ST:12822; VOLV-B.ST:13473; NOTE.ST:13494,
2020-05-20,53,113421,NEWA-B.ST:8310; RATO-B.ST:9133; MEKO.ST:14359; SINT.ST:13141; ELAN-B.ST:13295; SAAB-B.ST:13718; BULTEN.ST:12891; HM-B.ST:14286; SWED-A.ST:14234,SELL VOLV-B.ST 123 @ 109.32 fee 69.00; SELL NOTE.ST 345 @ 44.58 fee 69.00; BUY HM-B.ST 136 @ 105.05 fee 69.00; BUY SWED-A.ST 192 @ 74.14 fee 69.00
2020-05-22,53,114108,NEWA-B.ST:8390; RATO-B.ST:8947; MEKO.ST:14275; SINT.ST:12937; ELAN-B.ST:13642; SAAB-B.ST:13835; BULTEN.ST:13319; HM-B.ST:14370; SWED-A.ST:14342,
2020-05-25,53,116346,NEWA-B.ST:8501; RATO-B.ST:8947; MEKO.ST:14582; SINT.ST:13278; ELAN-B.ST:14263; SAAB-B.ST:14256; BULTEN.ST:13374; HM-B.ST:14586; SWED-A.ST:14505,
2020-05-26,53,120042,NEWA-B.ST:8676; RATO-B.ST:9739; MEKO.ST:14932; SINT.ST:13959; ELAN-B.ST:14378; SAAB-B.ST:14626; BULTEN.ST:13594; HM-B.ST:14909; SWED-A.ST:15177,
2020-05-27,53,123504,NEWA-B.ST:9552; RATO-B.ST:9827; MEKO.ST:15827; SINT.ST:13959; ELAN-B.ST:14133; SAAB-B.ST:14580; BULTEN.ST:13760; HM-B.ST:15915; SWED-A.ST:15899,
2020-05-28,84,127653,NEWA-B.ST:9870; RATO-B.ST:9884; MEKO.ST:15910; SINT.ST:14866; ELAN-B.ST:14378; BULTEN.ST:15194; HM-B.ST:16276; NOTE.ST:10459; EQT.ST:10458; G5EN.ST:10273,SELL SAAB-B.ST 273 @ 55.81 fee 69.00; SELL SWED-A.ST 192 @ 85.06 fee 69.00; BUY NOTE.ST 228 @ 45.87 fee 69.00; BUY EQT.ST 77 @ 135.81 fee 69.00; BUY G5EN.ST 78 @ 131.71 fee 69.00
2020-05-29,84,127344,NEWA-B.ST:9106; RATO-B.ST:10021; MEKO.ST:17476; SINT.ST:15230; ELAN-B.ST:13656; BULTEN.ST:14587; HM-B.ST:15804; NOTE.ST:10306; EQT.ST:10787; G5EN.ST:10286,
2020-06-01,84,132563,NEWA-B.ST:9616; RATO-B.ST:10385; MEKO.ST:19294; SINT.ST:15684; ELAN-B.ST:13786; BULTEN.ST:15304; HM-B.ST:16454; NOTE.ST:10175; EQT.ST:11110; G5EN.ST:10673,
2020-06-02,84,135704,NEWA-B.ST:10412; RATO-B.ST:10360; MEKO.ST:19224; SINT.ST:15252; ELAN-B.ST:14205; BULTEN.ST:16269; HM-B.ST:17110; NOTE.ST:10339; EQT.ST:11421; G5EN.ST:11028,
2020-06-03,84,140971,NEWA-B.ST:11462; RATO-B.ST:10805; MEKO.ST:19434; SINT.ST:15116; ELAN-B.ST:16255; BULTEN.ST:16407; HM-B.ST:17477; NOTE.ST:10557; EQT.ST:11617; G5EN.ST:11758,
2020-06-04,12,142482,NEWA-B.ST:11430; RATO-B.ST:10853; MEKO.ST:20245; SINT.ST:14957; ELAN-B.ST:16486; EQT.ST:12305; G5EN.ST:11689; AZN.ST:14876; SOBI.ST:14852; NIBE-B.ST:14776,SELL BULTEN.ST 322 @ 51.72 fee 69.00; SELL HM-B.ST 136 @ 127.98 fee 69.00; SELL NOTE.ST 228 @ 47.31 fee 69.00; BUY AZN.ST 15 @ 991.75 fee 69.00; BUY SOBI.ST 78 @ 190.41 fee 69.00; BUY NIBE-B.ST 285 @ 51.85 fee 69.00
2020-06-05,12,144437,NEWA-B.ST:11972; RATO-B.ST:11184; MEKO.ST:19797; SINT.ST:15615; ELAN-B.ST:16746; EQT.ST:13195; G5EN.ST:12082; AZN.ST:14820; SOBI.ST:14409; NIBE-B.ST:14605,
2020-06-08,12,144353,NEWA-B.ST:11908; RATO-B.ST:11047; MEKO.ST:20133; SINT.ST:15025; ELAN-B.ST:17323; EQT.ST:12891; G5EN.ST:13249; AZN.ST:14422; SOBI.ST:14334; NIBE-B.ST:14009,
2020-06-09,12,143361,NEWA-B.ST:11494; RATO-B.ST:11055; MEKO.ST:19853; SINT.ST:14935; ELAN-B.ST:17005; EQT.ST:12192; G5EN.ST:13949; AZN.ST:14466; SOBI.ST:14528; NIBE-B.ST:13872,
2020-06-10,12,141901,NEWA-B.ST:11080; RATO-B.ST:10829; MEKO.ST:18958; SINT.ST:14889; ELAN-B.ST:16717; EQT.ST:11900; G5EN.ST:13874; AZN.ST:14781; SOBI.ST:14975; NIBE-B.ST:13886,
2020-06-11,23,134604,NEWA-B.ST:10316; RATO-B.ST:10054; MEKO.ST:18259; ELAN-B.ST:15418; EQT.ST:11248; G5EN.ST:13003; SOBI.ST:14640; EMBRAC-B.ST:13771; BULTEN.ST:13923; NOTE.ST:13950,SELL SINT.ST 140 @ 102.78 fee 69.00; SELL AZN.ST 15 @ 962.04 fee 69.00; SELL NIBE-B.ST 285 @ 46.49 fee 69.00; BUY EMBRAC-B.ST 39 @ 353.10 fee 69.00; BUY BULTEN.ST 294 @ 47.36 fee 69.00; BUY NOTE.ST 333 @ 41.89 fee 69.00
2020-06-12,23,133637,NEWA-B.ST:10555; RATO-B.ST:9989; MEKO.ST:18050; ELAN-B.ST:15187; EQT.ST:11026; G5EN.ST:12618; SOBI.ST:14517; EMBRAC-B.ST:13683; BULTEN.ST:13721; NOTE.ST:14270,
2020-06-15,23,135778,NEWA-B.ST:10666; RATO-B.ST:9949; MEKO.ST:18539; ELAN-B.ST:14984; EQT.ST:11379; G5EN.ST:12902; SOBI.ST:15035; EMBRAC-B.ST:13829; BULTEN.ST:13595; NOTE.ST:14876,
2020-06-16,23,138024,NEWA-B.ST:10730; RATO-B.ST:10086; MEKO.ST:19014; ELAN-B.ST:15129; EQT.ST:11660; G5EN.ST:13041; SOBI.ST:15385; EMBRAC-B.ST:13982; BULTEN.ST:14099; NOTE.ST:14876,
2020-06-17,23,141316,NEWA-B.ST:10571; RATO-B.ST:9908; MEKO.ST:18888; ELAN-B.ST:15562; EQT.ST:11598; G5EN.ST:12977; SOBI.ST:15638; EMBRAC-B.ST:14526; BULTEN.ST:14099; NOTE.ST:17526,
2020-06-18,40,139543,NEWA-B.ST:10491; RATO-B.ST:10223; MEKO.ST:18455; ELAN-B.ST:15129; EQT.ST:11820; G5EN.ST:12725; EMBRAC-B.ST:14110; NOTE.ST:16951; PCELL.ST:14830; NIBE-B.ST:14769,SELL SOBI.ST 78 @ 204.41 fee 69.00; SELL BULTEN.ST 294 @ 47.44 fee 69.00; BUY PCELL.ST 50 @ 296.60 fee 69.00; BUY NIBE-B.ST 299 @ 49.39 fee 69.00
2020-06-22,40,138933,NEWA-B.ST:10252; RATO-B.ST:9973; MEKO.ST:18371; ELAN-B.ST:14753; EQT.ST:11893; G5EN.ST:12618; EMBRAC-B.ST:14385; NOTE.ST:17717; PCELL.ST:14140; NIBE-B.ST:14790,
2020-06-23,40,141053,NEWA-B.ST:10507; RATO-B.ST:10045; MEKO.ST:18735; ELAN-B.ST:14984; EQT.ST:11601; G5EN.ST:12788; EMBRAC-B.ST:14847; NOTE.ST:17079; PCELL.ST:15470; NIBE-B.ST:14956,
2020-06-24,40,137786,NEWA-B.ST:10077; RATO-B.ST:9819; MEKO.ST:18203; ELAN-B.ST:14811; EQT.ST:11415; G5EN.ST:12340; EMBRAC-B.ST:14625; NOTE.ST:16919; PCELL.ST:14910; NIBE-B.ST:14625,
2020-06-25,40,138752,NEWA-B.ST:10014; RATO-B.ST:9957; MEKO.ST:18119; ELAN-B.ST:14984; EQT.ST:11638; G5EN.ST:12529; EMBRAC-B.ST:14918; NOTE.ST:16792; PCELL.ST:15000; NIBE-B.ST:14762,
2020-06-26,116,138306,NEWA-B.ST:9616; RATO-B.ST:9949; MEKO.ST:17952; EQT.ST:11641; G5EN.ST:12725; EMBRAC-B.ST:15327; NOTE.ST:16600; PCELL.ST:14640; NIBE-B.ST:14855; SOBI.ST:14886,SELL ELAN-B.ST 345 @ 43.77 fee 69.00; BUY SOBI.ST 71 @ 209.66 fee 69.00
2020-06-29,116,138092,NEWA-B.ST:9886; RATO-B.ST:9916; MEKO.ST:18259; EQT.ST:11696; G5EN.ST:12327; EMBRAC-B.ST:14888; NOTE.ST:16440; PCELL.ST:15180; NIBE-B.ST:14747; SOBI.ST:14635,
2020-06-30,116,139430,NEWA-B.ST:9902; RATO-B.ST:10062; MEKO.ST:18455; EQT.ST:12181; G5EN.ST:12233; EMBRAC-B.ST:15274; NOTE.ST:16536; PCELL.ST:15280; NIBE-B.ST:14798; SOBI.ST:14594,
2020-07-01,116,140100,NEWA-B.ST:9886; RATO-B.ST:10134; MEKO.ST:18455; EQT.ST:12090; G5EN.ST:12428; EMBRAC-B.ST:15561; NOTE.ST:16568; PCELL.ST:15380; NIBE-B.ST:14826; SOBI.ST:14655,
2020-07-02,116,144114,NEWA-B.ST:9759; RATO-B.ST:10191; MEKO.ST:18721; EQT.ST:12826; G5EN.ST:13179; EMBRAC-B.ST:16023; NOTE.ST:17111; PCELL.ST:16320; NIBE-B.ST:15085; SOBI.ST:14784,
2020-07-03,20,144385,NEWA-B.ST:9902; RATO-B.ST:10207; MEKO.ST:18805; EQT.ST:12909; G5EN.ST:12864; NOTE.ST:17239; NIBE-B.ST:15013; SOBI.ST:14791; ELAN-B.ST:16387; HUSQ-B.ST:16248,SELL EMBRAC-B.ST 39 @ 408.60 fee 69.00; SELL PCELL.ST 50 @ 337.60 fee 69.00; BUY ELAN-B.ST 366 @ 44.77 fee 69.00; BUY HUSQ-B.ST 254 @ 63.97 fee 69.00
2020-07-06,20,147148,NEWA-B.ST:9902; RATO-B.ST:10813; MEKO.ST:19294; EQT.ST:13441; G5EN.ST:12422; NOTE.ST:18484; NIBE-B.ST:15315; SOBI.ST:14710; ELAN-B.ST:16325; HUSQ-B.ST:16423,
2020-07-07,20,147169,NEWA-B.ST:9918; RATO-B.ST:10708; MEKO.ST:19182; EQT.ST:13401; G5EN.ST:12327; NOTE.ST:18515; NIBE-B.ST:15509; SOBI.ST:14730; ELAN-B.ST:16448; HUSQ-B.ST:16410,
2020-07-08,20,146982,NEWA-B.ST:9838; RATO-B.ST:10829; MEKO.ST:18930; EQT.ST:13299; G5EN.ST:12214; NOTE.ST:19218; NIBE-B.ST:15329; SOBI.ST:14411; ELAN-B.ST:16478; HUSQ-B.ST:16414,
2020-07-09,20,148612,NEWA-B.ST:9886; RATO-B.ST:10611; MEKO.ST:18944; EQT.ST:13230; G5EN.ST:12365; NOTE.ST:19345; NIBE-B.ST:15315; SOBI.ST:14269; ELAN-B.ST:17765; HUSQ-B.ST:16861,
2020-07-10,59,148378,NEWA-B.ST:10061; RATO-B.ST:10683; EQT.ST:13438; G5EN.ST:12435; NOTE.ST:19218; NIBE-B.ST:15171; HUSQ-B.ST:17022; HEXA-B.ST:25243; BEIJ-B.ST:25048,SELL MEKO.ST 310 @ 61.79 fee 69.00; SELL SOBI.ST 71 @ 198.48 fee 69.00; SELL ELAN-B.ST 366 @ 47.62 fee 69.00; BUY HEXA-B.ST 323 @ 78.15 fee 69.00; BUY BEIJ-B.ST 287 @ 87.28 fee 69.00
2020-07-13,59,151863,NEWA-B.ST:10205; RATO-B.ST:10869; EQT.ST:13736; G5EN.ST:12712; NOTE.ST:20590; NIBE-B.ST:15380; HUSQ-B.ST:17286; HEXA-B.ST:25656; BEIJ-B.ST:25370,
2020-07-14,59,153703,NEWA-B.ST:10014; RATO-B.ST:10877; EQT.ST:13412; G5EN.ST:12498; NOTE.ST:21389; NIBE-B.ST:15222; HUSQ-B.ST:17150; HEXA-B.ST:26545; BEIJ-B.ST:26539,
2020-07-15,59,158754,NEWA-B.ST:10141; RATO-B.ST:11039; EQT.ST:14228; G5EN.ST:12245; NOTE.ST:21197; NIBE-B.ST:15380; HUSQ-B.ST:17741; HEXA-B.ST:26747; BEIJ-B.ST:29977,
2020-07-16,59,161009,NEWA-B.ST:12004; RATO-B.ST:11281; EQT.ST:13773; G5EN.ST:12365; NOTE.ST:21069; NIBE-B.ST:15531; HUSQ-B.ST:16844; HEXA-B.ST:26701; BEIJ-B.ST:31382,
2020-07-17,62,163156,NEWA-B.ST:11781; RATO-B.ST:12961; EQT.ST:14403; G5EN.ST:12485; NOTE.ST:21293; NIBE-B.ST:15502; HUSQ-B.ST:17022; HEXA-B.ST:26389; MEKO.ST:31258,SELL BEIJ-B.ST 287 @ 109.40 fee 69.00; BUY MEKO.ST 477 @ 65.53 fee 69.00
2020-07-20,62,164646,NEWA-B.ST:11733; RATO-B.ST:12920; EQT.ST:14462; G5EN.ST:12517; NOTE.ST:22027; NIBE-B.ST:15631; HUSQ-B.ST:17069; HEXA-B.ST:27031; MEKO.ST:31194,
2020-07-21,62,163279,NEWA-B.ST:11844; RATO-B.ST:12985; EQT.ST:14567; G5EN.ST:12226; NOTE.ST:21740; NIBE-B.ST:15531; HUSQ-B.ST:16852; HEXA-B.ST:26967; MEKO.ST:30505,
2020-07-22,62,165842,NEWA-B.ST:12211; RATO-B.ST:12944; EQT.ST:15660; G5EN.ST:12195; NOTE.ST:22346; NIBE-B.ST:15710; HUSQ-B.ST:17120; HEXA-B.ST:26830; MEKO.ST:30763,
2020-07-23,62,166261,NEWA-B.ST:12099; RATO-B.ST:13033; EQT.ST:16185; G5EN.ST:12113; NOTE.ST:21963; NIBE-B.ST:15804; HUSQ-B.ST:17639; HEXA-B.ST:26729; MEKO.ST:30634,
2020-07-24,28,162411,NEWA-B.ST:11876; EQT.ST:14997; G5EN.ST:11791; NOTE.ST:21389; NIBE-B.ST:15523; HUSQ-B.ST:17252; HEXA-B.ST:26252; INVE-B.ST:43304,SELL RATO-B.ST 476 @ 27.16 fee 69.00; SELL MEKO.ST 477 @ 64.04 fee 69.00; BUY INVE-B.ST 363 @ 119.29 fee 69.00
2020-07-27,28,164023,NEWA-B.ST:11876; EQT.ST:14961; G5EN.ST:12119; NOTE.ST:20910; NIBE-B.ST:15667; HUSQ-B.ST:17967; HEXA-B.ST:26976; INVE-B.ST:43519,
2020-07-28,28,162691,NEWA-B.ST:11733; EQT.ST:15187; G5EN.ST:11999; NOTE.ST:20175; NIBE-B.ST:15416; HUSQ-B.ST:17865; HEXA-B.ST:26986; INVE-B.ST:43304,
2020-07-29,28,164125,NEWA-B.ST:11876; EQT.ST:15376; G5EN.ST:12245; NOTE.ST:20622; NIBE-B.ST:15567; HUSQ-B.ST:18035; HEXA-B.ST:26775; INVE-B.ST:43602,
2020-07-30,28,160221,NEWA-B.ST:11542; EQT.ST:14545; G5EN.ST:11999; NOTE.ST:20112; NIBE-B.ST:15135; HUSQ-B.ST:17971; HEXA-B.ST:26298; INVE-B.ST:42591,
2020-07-31,132,160910,NEWA-B.ST:11542; EQT.ST:14939; G5EN.ST:12738; NOTE.ST:20144; NIBE-B.ST:15092; HUSQ-B.ST:17758; HEXA-B.ST:26087; EMBRAC-B.ST:21143; MEKO.ST:21336,SELL INVE-B.ST 363 @ 117.88 fee 69.00; BUY EMBRAC-B.ST 50 @ 422.85 fee 69.00; BUY MEKO.ST 319 @ 66.88 fee 69.00
2020-08-03,132,166359,NEWA-B.ST:11653; EQT.ST:15471; G5EN.ST:14429; NOTE.ST:20590; NIBE-B.ST:15502; HUSQ-B.ST:18247; HEXA-B.ST:26848; EMBRAC-B.ST:22020; MEKO.ST:21465,
2020-08-04,132,167067,NEWA-B.ST:12258; EQT.ST:15376; G5EN.ST:15464; NOTE.ST:20080; NIBE-B.ST:15373; HUSQ-B.ST:18192; HEXA-B.ST:26609; EMBRAC-B.ST:21915; MEKO.ST:21667,
2020-08-05,132,171712,NEWA-B.ST:13484; EQT.ST:15624; G5EN.ST:16474; NOTE.ST:20590; NIBE-B.ST:15610; HUSQ-B.ST:18315; HEXA-B.ST:27068; EMBRAC-B.ST:22200; MEKO.ST:22213,
2020-08-06,132,172206,NEWA-B.ST:13484; EQT.ST:15842; G5EN.ST:17055; NOTE.ST:20527; NIBE-B.ST:15969; HUSQ-B.ST:18401; HEXA-B.ST:26885; EMBRAC-B.ST:22057; MEKO.ST:21854,
2020-08-07,23,175097,NEWA-B.ST:13214; EQT.ST:16207; G5EN.ST:18040; NOTE.ST:21612; NIBE-B.ST:16206; HUSQ-B.ST:18452; HEXA-B.ST:27297; MEKO.ST:21696; RATO-B.ST:22351,SELL EMBRAC-B.ST 50 @ 447.60 fee 69.00; BUY RATO-B.ST 825 @ 27.09 fee 69.00
2020-08-10,23,174586,NEWA-B.ST:13245; EQT.ST:16032; G5EN.ST:17989; NOTE.ST:21293; NIBE-B.ST:16156; HUSQ-B.ST:18575; HEXA-B.ST:26830; MEKO.ST:21883; RATO-B.ST:22561,
2020-08-11,23,177278,NEWA-B.ST:13675; EQT.ST:15689; G5EN.ST:18305; NOTE.ST:21197; NIBE-B.ST:16666; HUSQ-B.ST:18792; HEXA-B.ST:27499; MEKO.ST:22156; RATO-B.ST:23275,
2020-08-12,23,178064,NEWA-B.ST:13548; EQT.ST:15770; G5EN.ST:17863; NOTE.ST:21708; NIBE-B.ST:16918; HUSQ-B.ST:18809; HEXA-B.ST:27463; MEKO.ST:22717; RATO-B.ST:23247,
2020-08-13,23,184027,NEWA-B.ST:13516; EQT.ST:15923; G5EN.ST:23241; NOTE.ST:21804; NIBE-B.ST:17212; HUSQ-B.ST:18715; HEXA-B.ST:27518; MEKO.ST:22731; RATO-B.ST:23345,
2020-08-14,26,180211,NEWA-B.ST:13436; G5EN.ST:22218; NOTE.ST:21229; NIBE-B.ST:16875; HUSQ-B.ST:18281; HEXA-B.ST:26995; MEKO.ST:22918; RATO-B.ST:23289; SAAB-B.ST:14944,SELL EQT.ST 77 @ 195.90 fee 69.00; BUY SAAB-B.ST 225 @ 66.42 fee 69.00
2020-08-17,26,184343,NEWA-B.ST:13787; G5EN.ST:23531; NOTE.ST:22570; NIBE-B.ST:17198; HUSQ-B.ST:18877; HEXA-B.ST:27408; MEKO.ST:22674; RATO-B.ST:23303; SAAB-B.ST:14970,
2020-08-18,26,183729,NEWA-B.ST:13166; G5EN.ST:23152; NOTE.ST:22857; NIBE-B.ST:17004; HUSQ-B.ST:19213; HEXA-B.ST:27389; MEKO.ST:23019; RATO-B.ST:23205; SAAB-B.ST:14698,
2020-08-19,26,187589,NEWA-B.ST:13245; G5EN.ST:23165; NOTE.ST:23176; NIBE-B.ST:18290; HUSQ-B.ST:19719; HEXA-B.ST:27664; MEKO.ST:24170; RATO-B.ST:23317; SAAB-B.ST:14815,
2020-08-20,26,185991,NEWA-B.ST:13866; G5EN.ST:23140; NOTE.ST:22921; NIBE-B.ST:17888; HUSQ-B.ST:19532; HEXA-B.ST:27307; MEKO.ST:23839; RATO-B.ST:22967; SAAB-B.ST:14506,
2020-08-21,20,188277,NEWA-B.ST:14153; G5EN.ST:23304; NOTE.ST:23144; NIBE-B.ST:17773; HUSQ-B.ST:19566; HEXA-B.ST:27408; MEKO.ST:25666; RATO-B.ST:22939; SOBI.ST:14305,SELL SAAB-B.ST 225 @ 64.16 fee 69.00; BUY SOBI.ST 78 @ 183.39 fee 69.00
2020-08-24,20,192177,NEWA-B.ST:14121; G5EN.ST:23468; NOTE.ST:23240; NIBE-B.ST:17953; HUSQ-B.ST:20153; HEXA-B.ST:27912; MEKO.ST:27609; RATO-B.ST:23331; SOBI.ST:14372,
2020-08-25,20,193276,NEWA-B.ST:14742; G5EN.ST:23228; NOTE.ST:23559; NIBE-B.ST:17902; HUSQ-B.ST:20204; HEXA-B.ST:27875; MEKO.ST:27896; RATO-B.ST:23429; SOBI.ST:14420,
2020-08-26,20,195418,NEWA-B.ST:15458; G5EN.ST:23809; NOTE.ST:23942; NIBE-B.ST:18024; HUSQ-B.ST:20417; HEXA-B.ST:28334; MEKO.ST:27206; RATO-B.ST:23695; SOBI.ST:14513,
2020-08-27,20,195069,NEWA-B.ST:15044; G5EN.ST:24187; NOTE.ST:23591; NIBE-B.ST:17759; HUSQ-B.ST:20196; HEXA-B.ST:28664; MEKO.ST:27580; RATO-B.ST:23597; SOBI.ST:14431,
2020-08-28,138,193566,NEWA-B.ST:14853; G5EN.ST:24150; NOTE.ST:23623; NIBE-B.ST:17471; HEXA-B.ST:28554; RATO-B.ST:23275; SOBI.ST:14197; SAAB-B.ST:23781; LUND-B.ST:23524,SELL HUSQ-B.ST 254 @ 79.04 fee 69.00; SELL MEKO.ST 319 @ 86.59 fee 69.00; BUY SAAB-B.ST 373 @ 63.76 fee 69.00; BUY LUND-B.ST 61 @ 385.64 fee 69.00
2020-08-31,138,191330,NEWA-B.ST:14885; G5EN.ST:23746; NOTE.ST:22665; NIBE-B.ST:17464; HEXA-B.ST:28728; RATO-B.ST:23135; SOBI.ST:14435; SAAB-B.ST:23020; LUND-B.ST:23114,
2020-09-01,138,191571,NEWA-B.ST:15156; G5EN.ST:24086; NOTE.ST:21676; NIBE-B.ST:17342; HEXA-B.ST:29196; RATO-B.ST:23163; SOBI.ST:14487; SAAB-B.ST:23038; LUND-B.ST:23290,
2020-09-02,138,193182,NEWA-B.ST:15156; G5EN.ST:23607; NOTE.ST:22187; NIBE-B.ST:17255; HEXA-B.ST:29710; RATO-B.ST:23247; SOBI.ST:14521; SAAB-B.ST:23569; LUND-B.ST:23793,
2020-09-03,138,187799,NEWA-B.ST:15028; G5EN.ST:21233; NOTE.ST:21261; NIBE-B.ST:16666; HEXA-B.ST:29013; RATO-B.ST:23065; SOBI.ST:14178; SAAB-B.ST:23401; LUND-B.ST:23816,
2020-09-04,40,185393,NEWA-B.ST:14806; G5EN.ST:20817; RATO-B.ST:22799; SOBI.ST:14055; HM-B.ST:18785; PCELL.ST:18758; HPOL-B.ST:18872; SHB-B.ST:18841; EQT.ST:18816; SKA-B.ST:18805,SELL NOTE.ST 333 @ 63.65 fee 69.00; SELL NIBE-B.ST 299 @ 54.71 fee 69.00; SELL HEXA-B.ST 323 @ 89.71 fee 69.00; SELL SAAB-B.ST 373 @ 63.12 fee 69.00; SELL LUND-B.ST 61 @ 384.68 fee 69.00; BUY HM-B.ST 167 @ 112.48 fee 69.00; BUY PCELL.ST 83 @ 226.00 fee 69.00; BUY HPOL-B.ST 316 @ 59.72 fee 69.00; BUY SHB-B.ST 263 @ 71.64 fee 69.00; BUY EQT.ST 125 @ 150.52 fee 69.00; BUY SKA-B.ST 130 @ 144.66 fee 69.00
2020-09-07,40,190947,NEWA-B.ST:14997; G5EN.ST:21398; RATO-B.ST:23177; SOBI.ST:14632; HM-B.ST:19413; PCELL.ST:19505; HPOL-B.ST:19210; SHB-B.ST:19289; EQT.ST:19791; SKA-B.ST:19495,
2020-09-08,40,188766,NEWA-B.ST:14885; G5EN.ST:20703; RATO-B.ST:22771; SOBI.ST:14565; HM-B.ST:19631; PCELL.ST:19239; HPOL-B.ST:19263; SHB-B.ST:19044; EQT.ST:19289; SKA-B.ST:19335,
2020-09-09,40,191774,NEWA-B.ST:14774; G5EN.ST:21334; RATO-B.ST:22939; SOBI.ST:15601; HM-B.ST:19276; PCELL.ST:19538; HPOL-B.ST:19692; SHB-B.ST:19187; EQT.ST:19673; SKA-B.ST:19720,
2020-09-10,40,192097,NEWA-B.ST:14726; G5EN.ST:21145; RATO-B.ST:22687; SOBI.ST:15802; HM-B.ST:19515; PCELL.ST:19488; HPOL-B.ST:19549; SHB-B.ST:19370; EQT.ST:20081; SKA-B.ST:19693,
2020-09-11,55,190822,NEWA-B.ST:14774; G5EN.ST:21208; RATO-B.ST:22855; BULTEN.ST:18916; HEXA-B.ST:18903; NOTE.ST:18867; ELAN-B.ST:18896; NIBE-B.ST:18887; SAAB-B.ST:18905; MEKO.ST:18556,SELL SOBI.ST 78 @ 205.08 fee 69.00; SELL HM-B.ST 167 @ 116.90 fee 69.00; SELL PCELL.ST 83 @ 227.20 fee 69.00; SELL HPOL-B.ST 316 @ 62.48 fee 69.00; SELL SHB-B.ST 263 @ 72.33 fee 69.00; SELL EQT.ST 125 @ 158.71 fee 69.00; SELL SKA-B.ST 130 @ 153.29 fee 69.00; BUY BULTEN.ST 343 @ 55.15 fee 69.00; BUY HEXA-B.ST 203 @ 93.12 fee 69.00; BUY NOTE.ST 292 @ 64.61 fee 69.00; BUY ELAN-B.ST 335 @ 56.40 fee 69.00; BUY NIBE-B.ST 353 @ 53.50 fee 69.00; BUY SAAB-B.ST 294 @ 64.30 fee 69.00; BUY MEKO.ST 217 @ 85.51 fee 69.00
2020-09-14,55,191899,NEWA-B.ST:14599; G5EN.ST:21726; RATO-B.ST:22925; BULTEN.ST:18799; HEXA-B.ST:19081; NOTE.ST:19259; ELAN-B.ST:18503; NIBE-B.ST:18980; SAAB-B.ST:19289; MEKO.ST:18683,
2020-09-15,55,193519,NEWA-B.ST:14933; G5EN.ST:21587; RATO-B.ST:23009; BULTEN.ST:18946; HEXA-B.ST:19243; NOTE.ST:19763; ELAN-B.ST:18924; NIBE-B.ST:18997; SAAB-B.ST:19380; MEKO.ST:18683,
2020-09-16,55,193689,NEWA-B.ST:14869; G5EN.ST:21625; RATO-B.ST:23177; BULTEN.ST:18857; HEXA-B.ST:19473; NOTE.ST:19287; ELAN-B.ST:19260; NIBE-B.ST:19006; SAAB-B.ST:19777; MEKO.ST:18301,
2020-09-17,55,193677,NEWA-B.ST:15219; G5EN.ST:21435; RATO-B.ST:23163; BULTEN.ST:18652; HEXA-B.ST:19508; NOTE.ST:19623; ELAN-B.ST:19232; NIBE-B.ST:18921; SAAB-B.ST:19596; MEKO.ST:18272,
2020-09-18,17,192590,NEWA-B.ST:14997; G5EN.ST:21612; RATO-B.ST:23219; BULTEN.ST:18887; NOTE.ST:17999; ELAN-B.ST:19344; NIBE-B.ST:19252; SAAB-B.ST:19268; MEKO.ST:18575; SHB-B.ST:19420,SELL HEXA-B.ST 203 @ 96.16 fee 69.00; BUY SHB-B.ST 283 @ 68.62 fee 69.00
2020-09-21,17,185754,NEWA-B.ST:14328; G5EN.ST:21044; RATO-B.ST:22323; BULTEN.ST:18123; NOTE.ST:16964; ELAN-B.ST:19204; NIBE-B.ST:18582; SAAB-B.ST:18382; MEKO.ST:17675; SHB-B.ST:19113,
2020-09-22,17,186219,NEWA-B.ST:14471; G5EN.ST:21196; RATO-B.ST:22169; BULTEN.ST:18182; NOTE.ST:16852; ELAN-B.ST:19316; NIBE-B.ST:18751; SAAB-B.ST:18368; MEKO.ST:17675; SHB-B.ST:19223,
2020-09-23,17,189262,NEWA-B.ST:14821; G5EN.ST:23001; RATO-B.ST:22589; BULTEN.ST:18241; NOTE.ST:17020; ELAN-B.ST:19428; NIBE-B.ST:18980; SAAB-B.ST:18137; MEKO.ST:17782; SHB-B.ST:19245,
2020-09-24,17,187239,NEWA-B.ST:14471; G5EN.ST:22635; RATO-B.ST:22197; BULTEN.ST:17771; NOTE.ST:17076; ELAN-B.ST:19344; NIBE-B.ST:19057; SAAB-B.ST:17935; MEKO.ST:17645; SHB-B.ST:19091,
2020-09-25,124,189144,NEWA-B.ST:14551; G5EN.ST:24049; RATO-B.ST:22267; BULTEN.ST:17800; NOTE.ST:17383; ELAN-B.ST:19344; NIBE-B.ST:19091; MEKO.ST:17743; PCELL.ST:18329; CLAS-B.ST:18463,SELL SAAB-B.ST 294 @ 61.36 fee 69.00; SELL SHB-B.ST 283 @ 67.62 fee 69.00; BUY PCELL.ST 84 @ 218.20 fee 69.00; BUY CLAS-B.ST 251 @ 73.56 fee 69.00
2020-09-28,124,192947,NEWA-B.ST:14901; G5EN.ST:23746; RATO-B.ST:23065; BULTEN.ST:18094; NOTE.ST:18167; ELAN-B.ST:19344; NIBE-B.ST:19727; MEKO.ST:18105; PCELL.ST:19169; CLAS-B.ST:18504,
2020-09-29,124,194912,NEWA-B.ST:14901; G5EN.ST:23493; RATO-B.ST:23345; BULTEN.ST:19915; NOTE.ST:18139; ELAN-B.ST:19372; NIBE-B.ST:19727; MEKO.ST:17704; PCELL.ST:19219; CLAS-B.ST:18972,
2020-09-30,124,196984,NEWA-B.ST:15044; G5EN.ST:23695; RATO-B.ST:23471; BULTEN.ST:21031; NOTE.ST:17803; ELAN-B.ST:19316; NIBE-B.ST:19608; MEKO.ST:18252; PCELL.ST:19656; CLAS-B.ST:18982,
2020-10-01,124,198028,NEWA-B.ST:15092; G5EN.ST:23506; RATO-B.ST:23247; BULTEN.ST:21648; NOTE.ST:17859; ELAN-B.ST:19260; NIBE-B.ST:20143; MEKO.ST:18027; PCELL.ST:19942; CLAS-B.ST:19180,
2020-10-02,31,194761,NEWA-B.ST:14487; G5EN.ST:23354; RATO-B.ST:23037; BULTEN.ST:20855; NOTE.ST:17439; ELAN-B.ST:19064; NIBE-B.ST:20151; PCELL.ST:19505; CLAS-B.ST:18982; SOBI.ST:17855,SELL MEKO.ST 217 @ 82.49 fee 69.00; BUY SOBI.ST 93 @ 191.99 fee 69.00
2020-10-05,31,199170,NEWA-B.ST:15235; G5EN.ST:24427; RATO-B.ST:23163; BULTEN.ST:21266; NOTE.ST:18055; ELAN-B.ST:19568; NIBE-B.ST:20177; PCELL.ST:19958; CLAS-B.ST:19274; SOBI.ST:18015,
2020-10-06,31,200049,NEWA-B.ST:15729; G5EN.ST:23897; RATO-B.ST:23471; BULTEN.ST:21060; NOTE.ST:18503; ELAN-B.ST:19680; NIBE-B.ST:19999; PCELL.ST:20076; CLAS-B.ST:19170; SOBI.ST:18432,
2020-10-07,31,200683,NEWA-B.ST:15665; G5EN.ST:23859; RATO-B.ST:24339; BULTEN.ST:21413; NOTE.ST:18279; ELAN-B.ST:19652; NIBE-B.ST:19965; PCELL.ST:19690; CLAS-B.ST:19544; SOBI.ST:18246,
2020-10-08,31,205480,NEWA-B.ST:15665; G5EN.ST:25551; RATO-B.ST:25808; BULTEN.ST:21501; NOTE.ST:18139; ELAN-B.ST:19877; NIBE-B.ST:20228; PCELL.ST:19992; CLAS-B.ST:19367; SOBI.ST:19321,
2020-10-09,63,202762,NEWA-B.ST:15649; G5EN.ST:26144; RATO-B.ST:24857; NOTE.ST:18307; ELAN-B.ST:19849; NIBE-B.ST:20083; SOBI.ST:15870; HPOL-B.ST:20710; SHB-B.ST:20725; BEIJ-B.ST:20505,SELL BULTEN.ST 343 @ 67.31 fee 69.00; SELL PCELL.ST 84 @ 237.40 fee 69.00; SELL CLAS-B.ST 251 @ 77.12 fee 69.00; BUY HPOL-B.ST 292 @ 70.92 fee 69.00; BUY SHB-B.ST 301 @ 68.85 fee 69.00; BUY BEIJ-B.ST 238 @ 86.15 fee 69.00
2020-10-12,63,205832,NEWA-B.ST:15490; G5EN.ST:28101; RATO-B.ST:24199; NOTE.ST:18111; ELAN-B.ST:20045; NIBE-B.ST:20592; SOBI.ST:15830; HPOL-B.ST:20794; SHB-B.ST:21470; BEIJ-B.ST:21137,
2020-10-13,63,203872,NEWA-B.ST:15044; G5EN.ST:27747; RATO-B.ST:23597; NOTE.ST:17551; ELAN-B.ST:20129; NIBE-B.ST:20559; SOBI.ST:15812; HPOL-B.ST:20506; SHB-B.ST:21656; BEIJ-B.ST:21207,
2020-10-14,63,203579,NEWA-B.ST:15092; G5EN.ST:28656; RATO-B.ST:23457; NOTE.ST:16992; ELAN-B.ST:20269; NIBE-B.ST:20228; SOBI.ST:15630; HPOL-B.ST:20770; SHB-B.ST:20935; BEIJ-B.ST:21488,
2020-10-15,63,200301,NEWA-B.ST:14630; G5EN.ST:28164; RATO-B.ST:23023; NOTE.ST:16796; ELAN-B.ST:20465; NIBE-B.ST:19761; SOBI.ST:14924; HPOL-B.ST:20902; SHB-B.ST:20562; BEIJ-B.ST:21010,
2020-10-16,186,201149,NEWA-B.ST:14965; G5EN.ST:27798; RATO-B.ST:23009; NOTE.ST:16796; SHB-B.ST:20678; BEIJ-B.ST:21376; AZN.ST:25239; SAAB-B.ST:25544; CLAS-B.ST:25558,SELL ELAN-B.ST 335 @ 62.76 fee 69.00; SELL NIBE-B.ST 353 @ 56.20 fee 69.00; SELL SOBI.ST 93 @ 161.95 fee 69.00; SELL HPOL-B.ST 292 @ 72.00 fee 69.00; BUY AZN.ST 27 @ 934.77 fee 69.00; BUY SAAB-B.ST 402 @ 63.54 fee 69.00; BUY CLAS-B.ST 363 @ 70.41 fee 69.00
2020-10-19,186,196359,NEWA-B.ST:14837; G5EN.ST:27899; RATO-B.ST:23331; NOTE.ST:15368; SHB-B.ST:20841; BEIJ-B.ST:21207; AZN.ST:24926; SAAB-B.ST:21890; CLAS-B.ST:25874,
2020-10-20,186,192931,NEWA-B.ST:14583; G5EN.ST:26965; RATO-B.ST:23373; NOTE.ST:14976; SHB-B.ST:20772; BEIJ-B.ST:20477; AZN.ST:24621; SAAB-B.ST:21241; CLAS-B.ST:25739,
2020-10-21,186,187769,NEWA-B.ST:14264; G5EN.ST:26510; RATO-B.ST:23065; NOTE.ST:14556; SHB-B.ST:20445; BEIJ-B.ST:19199; AZN.ST:24385; SAAB-B.ST:19991; CLAS-B.ST:25168,
2020-10-22,186,189625,NEWA-B.ST:14121; G5EN.ST:26548; RATO-B.ST:24661; NOTE.ST:14612; SHB-B.ST:20376; BEIJ-B.ST:19114; AZN.ST:24503; SAAB-B.ST:19991; CLAS-B.ST:25513,
2020-10-23,90,191668,NEWA-B.ST:14248; G5EN.ST:26132; NOTE.ST:15200; BEIJ-B.ST:18876; AZN.ST:24350; SAAB-B.ST:21002; CLAS-B.ST:25664; SOBI.ST:23045; EQT.ST:23061,SELL RATO-B.ST 825 @ 30.95 fee 69.00; SELL SHB-B.ST 301 @ 68.93 fee 69.00; BUY SOBI.ST 158 @ 145.85 fee 69.00; BUY EQT.ST 139 @ 165.90 fee 69.00
2020-10-26,90,185530,NEWA-B.ST:13691; G5EN.ST:25033; NOTE.ST:14556; BEIJ-B.ST:18005; AZN.ST:24701; SAAB-B.ST:20048; CLAS-B.ST:24716; SOBI.ST:22306; EQT.ST:22383,
2020-10-27,90,187755,NEWA-B.ST:13325; G5EN.ST:25715; NOTE.ST:14864; BEIJ-B.ST:17766; AZN.ST:24680; SAAB-B.ST:20344; CLAS-B.ST:24461; SOBI.ST:23996; EQT.ST:22515,
2020-10-28,90,181343,NEWA-B.ST:12529; G5EN.ST:24907; NOTE.ST:13996; BEIJ-B.ST:17022; AZN.ST:24243; SAAB-B.ST:19752; CLAS-B.ST:23799; SOBI.ST:23015; EQT.ST:21988,
2020-10-29,90,180763,NEWA-B.ST:12688; G5EN.ST:24945; NOTE.ST:13996; BEIJ-B.ST:17036; AZN.ST:24337; SAAB-B.ST:19571; CLAS-B.ST:23694; SOBI.ST:22819; EQT.ST:21587,
2020-10-30,15,182097,NEWA-B.ST:12784; NOTE.ST:14164; BEIJ-B.ST:17261; SAAB-B.ST:19514; SOBI.ST:23196; EQT.ST:22304; RATO-B.ST:24335; NIBE-B.ST:24346; ELAN-B.ST:24177,SELL G5EN.ST 78 @ 321.75 fee 69.00; SELL AZN.ST 27 @ 901.77 fee 69.00; SELL CLAS-B.ST 363 @ 65.44 fee 69.00; BUY RATO-B.ST 867 @ 28.07 fee 69.00; BUY NIBE-B.ST 472 @ 51.58 fee 69.00; BUY ELAN-B.ST 358 @ 67.53 fee 69.00
2020-11-02,15,185020,NEWA-B.ST:13214; NOTE.ST:15144; BEIJ-B.ST:17499; SAAB-B.ST:20010; SOBI.ST:23181; EQT.ST:22212; RATO-B.ST:24830; NIBE-B.ST:24528; ELAN-B.ST:24387,
2020-11-03,15,188718,NEWA-B.ST:13516; NOTE.ST:15116; BEIJ-B.ST:18061; SAAB-B.ST:20420; SOBI.ST:23128; EQT.ST:22692; RATO-B.ST:25414; NIBE-B.ST:25458; ELAN-B.ST:24896,
2020-11-04,15,193006,NEWA-B.ST:13675; NOTE.ST:15536; BEIJ-B.ST:19128; SAAB-B.ST:20430; SOBI.ST:24252; EQT.ST:23639; RATO-B.ST:25609; NIBE-B.ST:26094; ELAN-B.ST:24627,
2020-11-05,15,196685,NEWA-B.ST:14248; NOTE.ST:16236; BEIJ-B.ST:18820; SAAB-B.ST:20458; SOBI.ST:24086; EQT.ST:24547; RATO-B.ST:26163; NIBE-B.ST:27784; ELAN-B.ST:24327,
2020-11-06,95,196124,NEWA-B.ST:15601; NOTE.ST:15620; BEIJ-B.ST:19002; SAAB-B.ST:20592; SOBI.ST:23671; EQT.ST:24304; CEVI.ST:25823; CLAS-B.ST:25837; SINT.ST:25579,SELL RATO-B.ST 867 @ 29.90 fee 69.00; SELL NIBE-B.ST 472 @ 58.29 fee 69.00; SELL ELAN-B.ST 358 @ 67.87 fee 69.00; BUY CEVI.ST 97 @ 266.22 fee 69.00; BUY CLAS-B.ST 374 @ 69.08 fee 69.00; BUY SINT.ST 228 @ 112.19 fee 69.00
2020-11-09,95,203803,NEWA-B.ST:16302; NOTE.ST:16516; BEIJ-B.ST:19873; SAAB-B.ST:21899; SOBI.ST:23935; EQT.ST:24935; CEVI.ST:27402; CLAS-B.ST:26379; SINT.ST:26466,
2020-11-10,95,202257,NEWA-B.ST:16525; NOTE.ST:16180; BEIJ-B.ST:18539; SAAB-B.ST:22386; SOBI.ST:23581; EQT.ST:24527; CEVI.ST:27867; CLAS-B.ST:26224; SINT.ST:26333,
2020-11-11,95,203304,NEWA-B.ST:16270; NOTE.ST:16572; BEIJ-B.ST:18777; SAAB-B.ST:22195; SOBI.ST:24064; EQT.ST:25225; CEVI.ST:27402; CLAS-B.ST:25992; SINT.ST:26712,
2020-11-12,95,198976,NEWA-B.ST:16143; NOTE.ST:16096; BEIJ-B.ST:18679; SAAB-B.ST:21775; SOBI.ST:23792; EQT.ST:24639; CEVI.ST:26288; CLAS-B.ST:25667; SINT.ST:25803,
2020-11-13,43,199179,NEWA-B.ST:16238; NOTE.ST:16180; BEIJ-B.ST:18721; SAAB-B.ST:21976; SOBI.ST:23181; CLAS-B.ST:25930; SINT.ST:25651; RATO-B.ST:25692; G5EN.ST:25567,SELL EQT.ST 139 @ 181.00 fee 69.00; SELL CEVI.ST 97 @ 271.39 fee 69.00; BUY RATO-B.ST 830 @ 30.95 fee 69.00; BUY G5EN.ST 73 @ 350.23 fee 69.00
2020-11-16,43,202429,NEWA-B.ST:16366; NOTE.ST:16460; BEIJ-B.ST:19437; SAAB-B.ST:22472; SOBI.ST:23724; CLAS-B.ST:26922; SINT.ST:25538; RATO-B.ST:26539; G5EN.ST:24929,
2020-11-17,43,200329,NEWA-B.ST:16143; NOTE.ST:16236; BEIJ-B.ST:19564; SAAB-B.ST:22357; SOBI.ST:23385; CLAS-B.ST:26116; SINT.ST:25197; RATO-B.ST:26596; G5EN.ST:24693,
2020-11-18,43,200220,NEWA-B.ST:15952; NOTE.ST:16404; BEIJ-B.ST:19171; SAAB-B.ST:22548; SOBI.ST:23151; CLAS-B.ST:26286; SINT.ST:25500; RATO-B.ST:26567; G5EN.ST:24598,
2020-11-19,43,199386,NEWA-B.ST:15888; NOTE.ST:16124; BEIJ-B.ST:18918; SAAB-B.ST:22672; SOBI.ST:23287; CLAS-B.ST:26333; SINT.ST:25348; RATO-B.ST:26352; G5EN.ST:24421,
2020-11-20,50,199805,NEWA-B.ST:15745; NOTE.ST:15900; BEIJ-B.ST:19409; SAAB-B.ST:22443; SOBI.ST:23581; CLAS-B.ST:27169; SINT.ST:25310; RATO-B.ST:26524; NIBE-B.ST:23673,SELL G5EN.ST 73 @ 326.28 fee 69.00; BUY NIBE-B.ST 408 @ 58.02 fee 69.00
2020-11-23,50,198373,NEWA-B.ST:16175; NOTE.ST:15704; BEIJ-B.ST:19732; SAAB-B.ST:22777; SOBI.ST:23151; CLAS-B.ST:26163; SINT.ST:24893; RATO-B.ST:26467; NIBE-B.ST:23262,
2020-11-24,50,199121,NEWA-B.ST:16780; NOTE.ST:16012; BEIJ-B.ST:19803; SAAB-B.ST:23302; SOBI.ST:22660; CLAS-B.ST:25884; SINT.ST:24780; RATO-B.ST:26826; NIBE-B.ST:23026,
2020-11-25,50,199579,NEWA-B.ST:16811; NOTE.ST:16516; BEIJ-B.ST:19929; SAAB-B.ST:22825; SOBI.ST:22389; CLAS-B.ST:26147; SINT.ST:25007; RATO-B.ST:26840; NIBE-B.ST:23065,
2020-11-26,50,200483,NEWA-B.ST:16780; NOTE.ST:16516; BEIJ-B.ST:20084; SAAB-B.ST:22510; SOBI.ST:23377; CLAS-B.ST:25930; SINT.ST:25045; RATO-B.ST:26940; NIBE-B.ST:23252,
2020-11-27,498,200788,NEWA-B.ST:16748; NOTE.ST:16516; BEIJ-B.ST:20392; SAAB-B.ST:22491; SOBI.ST:23649; CLAS-B.ST:26070; AZN.ST:24692; CEVI.ST:24888; G5EN.ST:24845,SELL SINT.ST 228 @ 109.02 fee 69.00; SELL RATO-B.ST 830 @ 32.51 fee 69.00; SELL NIBE-B.ST 408 @ 57.47 fee 69.00; BUY AZN.ST 28 @ 881.85 fee 69.00; BUY CEVI.ST 91 @ 273.50 fee 69.00; BUY G5EN.ST 86 @ 288.89 fee 69.00
2020-11-30,498,199706,NEWA-B.ST:16015; NOTE.ST:16068; BEIJ-B.ST:20645; SAAB-B.ST:21451; SOBI.ST:24071; CLAS-B.ST:25729; AZN.ST:25216; CEVI.ST:25376; G5EN.ST:24636,
2020-12-01,498,201943,NEWA-B.ST:16175; NOTE.ST:16572; BEIJ-B.ST:20505; SAAB-B.ST:21365; SOBI.ST:24675; CLAS-B.ST:26503; AZN.ST:24997; CEVI.ST:25794; G5EN.ST:24859,
2020-12-02,498,201454,NEWA-B.ST:15793; NOTE.ST:16544; BEIJ-B.ST:20435; SAAB-B.ST:22004; SOBI.ST:24924; CLAS-B.ST:25233; AZN.ST:25230; CEVI.ST:26282; G5EN.ST:24511,
2020-12-03,498,203445,NEWA-B.ST:15840; NOTE.ST:16096; BEIJ-B.ST:20912; SAAB-B.ST:22558; SOBI.ST:25558; CLAS-B.ST:25156; AZN.ST:24614; CEVI.ST:26631; G5EN.ST:25583,
2020-12-04,49,204900,NEWA-B.ST:16397; NOTE.ST:16096; BEIJ-B.ST:21053; SAAB-B.ST:23035; SOBI.ST:25173; CLAS-B.ST:25125; G5EN.ST:26501; NIBE-B.ST:25818; MEKO.ST:25654,SELL AZN.ST 28 @ 904.64 fee 69.00; SELL CEVI.ST 91 @ 285.37 fee 69.00; BUY NIBE-B.ST 430 @ 60.04 fee 69.00; BUY MEKO.ST 321 @ 79.92 fee 69.00
2020-12-07,49,205260,NEWA-B.ST:16111; NOTE.ST:15844; BEIJ-B.ST:21460; SAAB-B.ST:22520; SOBI.ST:25226; CLAS-B.ST:24784; G5EN.ST:26710; NIBE-B.ST:26252; MEKO.ST:26305,
2020-12-08,49,209757,NEWA-B.ST:16015; NOTE.ST:16292; BEIJ-B.ST:23033; SAAB-B.ST:22939; SOBI.ST:25633; CLAS-B.ST:25016; G5EN.ST:27114; NIBE-B.ST:27100; MEKO.ST:26566,
2020-12-09,49,209186,NEWA-B.ST:15952; NOTE.ST:15956; BEIJ-B.ST:23454; SAAB-B.ST:23044; SOBI.ST:25339; CLAS-B.ST:24830; G5EN.ST:27489; NIBE-B.ST:26810; MEKO.ST:26262,
2020-12-10,49,208238,NEWA-B.ST:16111; NOTE.ST:15872; BEIJ-B.ST:24170; SAAB-B.ST:22596; SOBI.ST:24856; CLAS-B.ST:24799; G5EN.ST:27420; NIBE-B.ST:26335; MEKO.ST:26030,
2020-12-11,508,209759,NEWA-B.ST:16047; NOTE.ST:15872; SAAB-B.ST:22500; SOBI.ST:25437; CLAS-B.ST:24598; G5EN.ST:27796; MEKO.ST:25842; AZN.ST:25469; CEVI.ST:25690,SELL BEIJ-B.ST 238 @ 104.74 fee 69.00; SELL NIBE-B.ST 430 @ 62.71 fee 69.00; BUY AZN.ST 28 @ 909.60 fee 69.00; BUY CEVI.ST 92 @ 279.24 fee 69.00
2020-12-14,508,211965,NEWA-B.ST:16557; NOTE.ST:16208; SAAB-B.ST:22634; SOBI.ST:26184; CLAS-B.ST:24412; G5EN.ST:28853; MEKO.ST:26551; AZN.ST:23962; CEVI.ST:26095,
2020-12-15,508,210357,NEWA-B.ST:16206; NOTE.ST:15872; SAAB-B.ST:23359; SOBI.ST:25437; CLAS-B.ST:23978; G5EN.ST:28422; MEKO.ST:27000; AZN.ST:23496; CEVI.ST:26078,
2020-12-16,508,210849,NEWA-B.ST:16302; NOTE.ST:16096; SAAB-B.ST:23083; SOBI.ST:25520; CLAS-B.ST:24412; G5EN.ST:27517; MEKO.ST:27217; AZN.ST:23992; CEVI.ST:26201,
2020-12-17,508,212236,NEWA-B.ST:16652; NOTE.ST:16404; SAAB-B.ST:23016; SOBI.ST:25331; CLAS-B.ST:24645; G5EN.ST:28241; MEKO.ST:27507; AZN.ST:23590; CEVI.ST:26342,
2020-12-18,11,211161,NEWA-B.ST:16429; SAAB-B.ST:23054; SOBI.ST:25256; CLAS-B.ST:24443; G5EN.ST:28770; MEKO.ST:27188; AZN.ST:23254; BULTEN.ST:21399; ELAN-B.ST:21357,SELL NOTE.ST 292 @ 56.18 fee 69.00; SELL CEVI.ST 92 @ 284.03 fee 69.00; BUY BULTEN.ST 274 @ 78.10 fee 69.00; BUY ELAN-B.ST 232 @ 92.05 fee 69.00
2020-12-21,11,206399,NEWA-B.ST:16238; SAAB-B.ST:22300; SOBI.ST:24562; CLAS-B.ST:23916; G5EN.ST:27559; MEKO.ST:26667; AZN.ST:22816; BULTEN.ST:20390; ELAN-B.ST:21939,
2020-12-22,11,208405,NEWA-B.ST:16716; SAAB-B.ST:22262; SOBI.ST:24479; CLAS-B.ST:24009; G5EN.ST:28728; MEKO.ST:26508; AZN.ST:22624; BULTEN.ST:20508; ELAN-B.ST:22560,
2020-12-23,11,210123,NEWA-B.ST:17130; SAAB-B.ST:23340; SOBI.ST:24516; CLAS-B.ST:23793; G5EN.ST:28714; MEKO.ST:26638; AZN.ST:22475; BULTEN.ST:21024; ELAN-B.ST:22483,
2020-12-28,11,210364,NEWA-B.ST:17448; SAAB-B.ST:23111; SOBI.ST:24426; CLAS-B.ST:24304; G5EN.ST:28144; MEKO.ST:26739; AZN.ST:22805; BULTEN.ST:21282; ELAN-B.ST:22095,
2020-12-29,10,212442,NEWA-B.ST:17257; SAAB-B.ST:23445; SOBI.ST:24781; CLAS-B.ST:24459; G5EN.ST:28603; MEKO.ST:26855; AZN.ST:23016; ELAN-B.ST:22755; NOTE.ST:21263,SELL BULTEN.ST 274 @ 78.10 fee 69.00; BUY NOTE.ST 366 @ 58.09 fee 69.00
2020-12-30,10,211240,NEWA-B.ST:17353; SAAB-B.ST:22854; SOBI.ST:25067; CLAS-B.ST:24288; G5EN.ST:28171; MEKO.ST:26377; AZN.ST:22988; ELAN-B.ST:23221; NOTE.ST:20912,
2021-01-04,10,216101,NEWA-B.ST:17353; SAAB-B.ST:23808; SOBI.ST:25271; CLAS-B.ST:24304; G5EN.ST:29577; MEKO.ST:27058; AZN.ST:23041; ELAN-B.ST:23997; NOTE.ST:21684,
2021-01-05,10,217275,NEWA-B.ST:17416; SAAB-B.ST:23770; SOBI.ST:24803; CLAS-B.ST:24335; G5EN.ST:29967; MEKO.ST:27449; AZN.ST:22993; ELAN-B.ST:24463; NOTE.ST:22070,
2021-01-07,10,215154,NEWA-B.ST:17130; SAAB-B.ST:24094; SOBI.ST:24237; CLAS-B.ST:24133; G5EN.ST:27768; MEKO.ST:28534; AZN.ST:23032; ELAN-B.ST:24813; NOTE.ST:21403,
2021-01-08,65,214689,NEWA-B.ST:17257; SAAB-B.ST:23378; SOBI.ST:24765; CLAS-B.ST:24443; AZN.ST:23060; ELAN-B.ST:25550; NOTE.ST:21894; RATO-B.ST:27214; NIBE-B.ST:27062,SELL G5EN.ST 86 @ 302.33 fee 69.00; SELL MEKO.ST 321 @ 89.12 fee 69.00; BUY RATO-B.ST 805 @ 33.81 fee 69.00; BUY NIBE-B.ST 388 @ 69.75 fee 69.00
2021-01-11,65,212817,NEWA-B.ST:17607; SAAB-B.ST:23226; SOBI.ST:24049; CLAS-B.ST:24071; AZN.ST:23526; ELAN-B.ST:25084; NOTE.ST:21929; RATO-B.ST:26658; NIBE-B.ST:26602,
2021-01-12,65,211618,NEWA-B.ST:17894; SAAB-B.ST:22415; SOBI.ST:23513; CLAS-B.ST:24164; AZN.ST:23227; ELAN-B.ST:25783; NOTE.ST:21473; RATO-B.ST:26838; NIBE-B.ST:26246,
2021-01-13,65,213200,NEWA-B.ST:18531; SAAB-B.ST:22271; SOBI.ST:23815; CLAS-B.ST:24288; AZN.ST:23732; ELAN-B.ST:26482; NOTE.ST:20947; RATO-B.ST:26449; NIBE-B.ST:26621,
2021-01-14,65,214238,NEWA-B.ST:19040; SAAB-B.ST:22758; SOBI.ST:24034; CLAS-B.ST:24319; AZN.ST:23843; ELAN-B.ST:25550; NOTE.ST:21648; RATO-B.ST:26491; NIBE-B.ST:26490,
2021-01-15,88,210787,NEWA-B.ST:19168; SAAB-B.ST:22491; SOBI.ST:24147; CLAS-B.ST:23452; AZN.ST:23934; ELAN-B.ST:24308; NIBE-B.ST:26143; CEVI.ST:23513; SINT.ST:23545,SELL NOTE.ST 366 @ 58.00 fee 69.00; SELL RATO-B.ST 805 @ 32.46 fee 69.00; BUY CEVI.ST 79 @ 297.63 fee 69.00; BUY SINT.ST 220 @ 107.02 fee 69.00
2021-01-18,88,212352,NEWA-B.ST:19550; SAAB-B.ST:22415; SOBI.ST:24449; CLAS-B.ST:23855; AZN.ST:24259; ELAN-B.ST:23648; NIBE-B.ST:26405; CEVI.ST:23482; SINT.ST:24203,
2021-01-19,88,212928,NEWA-B.ST:19518; SAAB-B.ST:22424; SOBI.ST:24645; CLAS-B.ST:24071; AZN.ST:24353; ELAN-B.ST:23298; NIBE-B.ST:26396; CEVI.ST:24042; SINT.ST:24093,
2021-01-20,88,215065,NEWA-B.ST:19709; SAAB-B.ST:22768; SOBI.ST:24977; CLAS-B.ST:23994; AZN.ST:24217; ELAN-B.ST:23725; NIBE-B.ST:26799; CEVI.ST:24768; SINT.ST:24020,
2021-01-21,88,215783,NEWA-B.ST:19868; SAAB-B.ST:22396; SOBI.ST:24977; CLAS-B.ST:24211; AZN.ST:24176; ELAN-B.ST:23842; NIBE-B.ST:27643; CEVI.ST:24345; SINT.ST:24239,
2021-01-22,28,213937,NEWA-B.ST:19199; CLAS-B.ST:24040; ELAN-B.ST:23337; NIBE-B.ST:27587; BULTEN.ST:23969; RATO-B.ST:24024; NOTE.ST:23980; MEKO.ST:23956; INVE-B.ST:23817,SELL SAAB-B.ST 402 @ 55.54 fee 69.00; SELL SOBI.ST 158 @ 158.75 fee 69.00; SELL AZN.ST 28 @ 870.95 fee 69.00; SELL CEVI.ST 79 @ 302.99 fee 69.00; SELL SINT.ST 220 @ 112.01 fee 69.00; BUY BULTEN.ST 300 @ 79.90 fee 69.00; BUY RATO-B.ST 737 @ 32.60 fee 69.00; BUY NOTE.ST 419 @ 57.23 fee 69.00; BUY MEKO.ST 264 @ 90.74 fee 69.00; BUY INVE-B.ST 167 @ 142.61 fee 69.00
2021-01-25,28,210532,NEWA-B.ST:18372; CLAS-B.ST:23173; ELAN-B.ST:23415; NIBE-B.ST:27568; BULTEN.ST:22479; RATO-B.ST:25030; NOTE.ST:23940; MEKO.ST:22765; INVE-B.ST:23763,
2021-01-26,28,213007,NEWA-B.ST:18658; CLAS-B.ST:23452; ELAN-B.ST:23881; NIBE-B.ST:27268; BULTEN.ST:23019; RATO-B.ST:25323; NOTE.ST:24181; MEKO.ST:22932; INVE-B.ST:24266,
2021-01-27,28,210591,NEWA-B.ST:18308; CLAS-B.ST:23684; ELAN-B.ST:24308; NIBE-B.ST:26527; BULTEN.ST:22685; RATO-B.ST:24495; NOTE.ST:23940; MEKO.ST:22587; INVE-B.ST:24030,
2021-01-28,28,211236,NEWA-B.ST:18372; CLAS-B.ST:23700; ELAN-B.ST:24424; NIBE-B.ST:26808; BULTEN.ST:22222; RATO-B.ST:24839; NOTE.ST:24904; MEKO.ST:22229; INVE-B.ST:23710,
2021-01-29,28,212363,NEWA-B.ST:18435; CLAS-B.ST:23576; ELAN-B.ST:27647; NIBE-B.ST:26208; BULTEN.ST:22248; RATO-B.ST:24508; NOTE.ST:23940; MEKO.ST:22360; INVE-B.ST:23413,
2021-02-01,28,217752,NEWA-B.ST:18849; CLAS-B.ST:23777; ELAN-B.ST:29511; NIBE-B.ST:26724; BULTEN.ST:23301; RATO-B.ST:25297; NOTE.ST:23538; MEKO.ST:22551; INVE-B.ST:24175,
2021-02-02,28,221439,NEWA-B.ST:18977; CLAS-B.ST:23700; ELAN-B.ST:30870; NIBE-B.ST:26912; BULTEN.ST:23533; RATO-B.ST:25794; NOTE.ST:24342; MEKO.ST:22813; INVE-B.ST:24472,
2021-02-03,28,222893,NEWA-B.ST:18626; CLAS-B.ST:23932; ELAN-B.ST:31841; NIBE-B.ST:26771; BULTEN.ST:24046; RATO-B.ST:26125; NOTE.ST:24301; MEKO.ST:22872; INVE-B.ST:24350,
2021-02-04,28,223594,NEWA-B.ST:18754; CLAS-B.ST:24071; ELAN-B.ST:31841; NIBE-B.ST:26762; BULTEN.ST:24252; RATO-B.ST:26151; NOTE.ST:24382; MEKO.ST:22920; INVE-B.ST:24434,
2021-02-05,416,221806,NEWA-B.ST:19295; CLAS-B.ST:23808; ELAN-B.ST:30055; NIBE-B.ST:26799; BULTEN.ST:23533; RATO-B.ST:26380; NOTE.ST:24984; MEKO.ST:22896; AZN.ST:11641; BEIJ-B.ST:11999,SELL INVE-B.ST 167 @ 145.12 fee 69.00; BUY AZN.ST 14 @ 831.50 fee 69.00; BUY BEIJ-B.ST 117 @ 102.56 fee 69.00
2021-02-08,416,227048,NEWA-B.ST:19613; CLAS-B.ST:23684; ELAN-B.ST:29511; NIBE-B.ST:26799; BULTEN.ST:23661; RATO-B.ST:28915; NOTE.ST:26792; MEKO.ST:23932; AZN.ST:11677; BEIJ-B.ST:12048,
2021-02-09,416,226510,NEWA-B.ST:19454; CLAS-B.ST:23498; ELAN-B.ST:29317; NIBE-B.ST:26640; BULTEN.ST:23764; RATO-B.ST:28495; NOTE.ST:27394; MEKO.ST:23884; AZN.ST:11710; BEIJ-B.ST:11937,
2021-02-10,416,225114,NEWA-B.ST:19390; CLAS-B.ST:23188; ELAN-B.ST:30210; NIBE-B.ST:26283; BULTEN.ST:23815; RATO-B.ST:27756; NOTE.ST:26912; MEKO.ST:23575; AZN.ST:11609; BEIJ-B.ST:11958,
2021-02-11,416,231156,NEWA-B.ST:21173; CLAS-B.ST:23065; ELAN-B.ST:29628; NIBE-B.ST:27015; BULTEN.ST:25357; RATO-B.ST:27896; NOTE.ST:28358; MEKO.ST:24337; AZN.ST:11609; BEIJ-B.ST:12303,
2021-02-12,38,234287,NEWA-B.ST:22065; CLAS-B.ST:23096; ELAN-B.ST:29395; NIBE-B.ST:27212; RATO-B.ST:27641; NOTE.ST:29041; MEKO.ST:25480; AZN.ST:11877; BEIJ-B.ST:12358; HEXA-B.ST:26085,SELL BULTEN.ST 300 @ 86.15 fee 69.00; BUY HEXA-B.ST 250 @ 104.34 fee 69.00
2021-02-15,38,236618,NEWA-B.ST:22033; CLAS-B.ST:23855; ELAN-B.ST:29200; NIBE-B.ST:27765; RATO-B.ST:27667; NOTE.ST:29523; MEKO.ST:25932; AZN.ST:11895; BEIJ-B.ST:12483; HEXA-B.ST:26227,
2021-02-16,38,235715,NEWA-B.ST:21333; CLAS-B.ST:23824; ELAN-B.ST:30132; NIBE-B.ST:27887; RATO-B.ST:27068; NOTE.ST:29885; MEKO.ST:25170; AZN.ST:11730; BEIJ-B.ST:12358; HEXA-B.ST:26291,
2021-02-17,38,230386,NEWA-B.ST:20569; CLAS-B.ST:23359; ELAN-B.ST:29744; NIBE-B.ST:27268; RATO-B.ST:26635; NOTE.ST:28599; MEKO.ST:24527; AZN.ST:11899; BEIJ-B.ST:12082; HEXA-B.ST:25666,
2021-02-18,38,229329,NEWA-B.ST:20377; CLAS-B.ST:23049; ELAN-B.ST:30171; NIBE-B.ST:26996; RATO-B.ST:26215; NOTE.ST:28840; MEKO.ST:24003; AZN.ST:11988; BEIJ-B.ST:11993; HEXA-B.ST:25659,
2021-02-19,60,233551,NEWA-B.ST:20855; CLAS-B.ST:22941; NIBE-B.ST:27118; RATO-B.ST:26762; NOTE.ST:30688; MEKO.ST:24146; AZN.ST:11662; BEIJ-B.ST:12635; HEXA-B.ST:25936; HPOL-B.ST:30749,SELL ELAN-B.ST 232 @ 133.23 fee 69.00; BUY HPOL-B.ST 374 @ 82.22 fee 69.00
2021-02-22,60,231651,NEWA-B.ST:20919; CLAS-B.ST:22987; NIBE-B.ST:25936; RATO-B.ST:27068; NOTE.ST:30728; MEKO.ST:23587; AZN.ST:11605; BEIJ-B.ST:12434; HEXA-B.ST:25609; HPOL-B.ST:30718,
2021-02-23,60,230461,NEWA-B.ST:21237; CLAS-B.ST:23157; NIBE-B.ST:25149; RATO-B.ST:26762; NOTE.ST:29563; MEKO.ST:24313; AZN.ST:11586; BEIJ-B.ST:12310; HEXA-B.ST:25495; HPOL-B.ST:30828,
2021-02-24,60,234444,NEWA-B.ST:22065; CLAS-B.ST:23514; NIBE-B.ST:25027; RATO-B.ST:27093; NOTE.ST:30086; MEKO.ST:25242; AZN.ST:11567; BEIJ-B.ST:12338; HEXA-B.ST:25786; HPOL-B.ST:31667,
2021-02-25,60,234467,NEWA-B.ST:22192; CLAS-B.ST:23467; NIBE-B.ST:25130; RATO-B.ST:27374; NOTE.ST:30246; MEKO.ST:25385; AZN.ST:11350; BEIJ-B.ST:12490; HEXA-B.ST:25644; HPOL-B.ST:31129,
2021-02-26,7,230741,NEWA-B.ST:21874; CLAS-B.ST:23514; NIBE-B.ST:24877; RATO-B.ST:27068; NOTE.ST:29724; MEKO.ST:26551; AZN.ST:11284; BEIJ-B.ST:12338; SAAB-B.ST:53505,SELL HEXA-B.ST 250 @ 99.99 fee 69.00; SELL HPOL-B.ST 374 @ 76.63 fee 69.00; BUY SAAB-B.ST 1009 @ 53.03 fee 69.00
2021-03-01,7,236784,NEWA-B.ST:22415; CLAS-B.ST:23870; NIBE-B.ST:25552; RATO-B.ST:28355; NOTE.ST:30688; MEKO.ST:27099; AZN.ST:11439; BEIJ-B.ST:12752; SAAB-B.ST:54607,
2021-03-02,7,238438,NEWA-B.ST:22925; CLAS-B.ST:24242; NIBE-B.ST:25974; RATO-B.ST:28482; NOTE.ST:30929; MEKO.ST:27718; AZN.ST:11229; BEIJ-B.ST:12876; SAAB-B.ST:54056,
2021-03-03,7,237583,NEWA-B.ST:23148; CLAS-B.ST:24335; NIBE-B.ST:25421; RATO-B.ST:29144; NOTE.ST:30086; MEKO.ST:27766; AZN.ST:11086; BEIJ-B.ST:12704; SAAB-B.ST:53888,
2021-03-04,7,235444,NEWA-B.ST:22224; CLAS-B.ST:24087; NIBE-B.ST:24933; RATO-B.ST:29170; NOTE.ST:28921; MEKO.ST:27980; AZN.ST:11235; BEIJ-B.ST:12497; SAAB-B.ST:54391,
2021-03-05,12,232415,NEWA-B.ST:21651; CLAS-B.ST:23653; NIBE-B.ST:24314; RATO-B.ST:29132; NOTE.ST:29322; MEKO.ST:27075; AZN.ST:11247; BEIJ-B.ST:12428; HPOL-B.ST:26851; HEXA-B.ST:26729,SELL SAAB-B.ST 1009 @ 53.31 fee 69.00; BUY HPOL-B.ST 343 @ 78.28 fee 69.00; BUY HEXA-B.ST 268 @ 99.74 fee 69.00
2021-03-08,12,236722,NEWA-B.ST:21969; CLAS-B.ST:24598; NIBE-B.ST:24745; RATO-B.ST:29616; NOTE.ST:28880; MEKO.ST:27909; AZN.ST:11531; BEIJ-B.ST:12711; HPOL-B.ST:27504; HEXA-B.ST:27247,
2021-03-09,12,241292,NEWA-B.ST:22288; CLAS-B.ST:25527; NIBE-B.ST:24896; RATO-B.ST:30775; NOTE.ST:29081; MEKO.ST:28456; AZN.ST:11738; BEIJ-B.ST:12945; HPOL-B.ST:27504; HEXA-B.ST:28070,
2021-03-10,12,243631,NEWA-B.ST:22256; CLAS-B.ST:27866; NIBE-B.ST:24980; RATO-B.ST:30545; NOTE.ST:29242; MEKO.ST:28456; AZN.ST:11860; BEIJ-B.ST:12628; HPOL-B.ST:27693; HEXA-B.ST:28092,
2021-03-11,12,245744,NEWA-B.ST:22256; CLAS-B.ST:28006; NIBE-B.ST:25796; RATO-B.ST:30721; NOTE.ST:28921; MEKO.ST:28123; AZN.ST:11531; BEIJ-B.ST:12876; HPOL-B.ST:28230; HEXA-B.ST:29273,
2021-03-12,40,244374,NEWA-B.ST:22288; NIBE-B.ST:25636; RATO-B.ST:30383; NOTE.ST:28921; MEKO.ST:28266; BEIJ-B.ST:12780; HPOL-B.ST:28012; HEXA-B.ST:29075; INVE-B.ST:38974,SELL CLAS-B.ST 374 @ 74.34 fee 69.00; SELL AZN.ST 14 @ 814.61 fee 69.00; BUY INVE-B.ST 250 @ 155.89 fee 69.00
2021-03-15,40,242983,NEWA-B.ST:21715; NIBE-B.ST:25814; RATO-B.ST:30500; NOTE.ST:29001; MEKO.ST:28266; BEIJ-B.ST:12593; HPOL-B.ST:27664; HEXA-B.ST:28748; INVE-B.ST:38643,
2021-03-16,40,245632,NEWA-B.ST:22352; NIBE-B.ST:26190; RATO-B.ST:30344; NOTE.ST:30086; MEKO.ST:28147; BEIJ-B.ST:12773; HPOL-B.ST:27504; HEXA-B.ST:29121; INVE-B.ST:39076,
2021-03-17,40,245844,NEWA-B.ST:22288; NIBE-B.ST:25646; RATO-B.ST:30188; NOTE.ST:31813; MEKO.ST:27861; BEIJ-B.ST:12621; HPOL-B.ST:27316; HEXA-B.ST:29075; INVE-B.ST:38997,
2021-03-18,40,247717,NEWA-B.ST:22893; NIBE-B.ST:25711; RATO-B.ST:30344; NOTE.ST:32455; MEKO.ST:27718; BEIJ-B.ST:12766; HPOL-B.ST:27809; HEXA-B.ST:29326; INVE-B.ST:38654,
2021-03-19,40,246041,NEWA-B.ST:22574; NIBE-B.ST:25777; RATO-B.ST:29655; NOTE.ST:32978; MEKO.ST:27528; BEIJ-B.ST:12614; HPOL-B.ST:27374; HEXA-B.ST:29098; INVE-B.ST:38403,
2021-03-22,40,246216,NEWA-B.ST:22383; NIBE-B.ST:25805; RATO-B.ST:29720; NOTE.ST:32616; MEKO.ST:27480; BEIJ-B.ST:12600; HPOL-B.ST:27301; HEXA-B.ST:29479; INVE-B.ST:38791,
2021-03-23,40,243746,NEWA-B.ST:22224; NIBE-B.ST:25261; RATO-B.ST:29278; NOTE.ST:32214; MEKO.ST:27147; BEIJ-B.ST:12414; HPOL-B.ST:27069; HEXA-B.ST:29227; INVE-B.ST:38871,
2021-03-24,40,245239,NEWA-B.ST:22383; NIBE-B.ST:24942; RATO-B.ST:29707; NOTE.ST:32174; MEKO.ST:27623; BEIJ-B.ST:12483; HPOL-B.ST:27548; HEXA-B.ST:29296; INVE-B.ST:39042,
2021-03-25,40,245117,NEWA-B.ST:22447; NIBE-B.ST:25139; RATO-B.ST:29759; NOTE.ST:31050; MEKO.ST:28314; BEIJ-B.ST:12600; HPOL-B.ST:27243; HEXA-B.ST:29380; INVE-B.ST:39145,
2021-03-26,40,247625,NEWA-B.ST:22702; NIBE-B.ST:25477; RATO-B.ST:30110; NOTE.ST:31250; MEKO.ST:27528; BEIJ-B.ST:12787; HPOL-B.ST:28099; HEXA-B.ST:30043; INVE-B.ST:39590,
2021-03-29,40,244187,NEWA-B.ST:22192; NIBE-B.ST:25036; RATO-B.ST:30136; NOTE.ST:30608; MEKO.ST:27075; BEIJ-B.ST:12607; HPOL-B.ST:27823; HEXA-B.ST:29593; INVE-B.ST:39076,
2021-03-30,40,248267,NEWA-B.ST:22288; NIBE-B.ST:25205; RATO-B.ST:30994; NOTE.ST:30688; MEKO.ST:27242; BEIJ-B.ST:13056; HPOL-B.ST:28723; HEXA-B.ST:30294; INVE-B.ST:39738,
2021-03-31,40,252779,NEWA-B.ST:22224; NIBE-B.ST:25392; RATO-B.ST:30825; NOTE.ST:31291; MEKO.ST:30742; BEIJ-B.ST:13249; HPOL-B.ST:28607; HEXA-B.ST:30682; INVE-B.ST:39727,
2021-04-01,40,257363,NEWA-B.ST:22702; NIBE-B.ST:26433; RATO-B.ST:31059; NOTE.ST:31532; MEKO.ST:31552; BEIJ-B.ST:13643; HPOL-B.ST:29332; HEXA-B.ST:30934; INVE-B.ST:40137,
2021-04-06,40,262525,NEWA-B.ST:24803; NIBE-B.ST:26293; RATO-B.ST:31773; NOTE.ST:31813; MEKO.ST:31814; BEIJ-B.ST:14085; HPOL-B.ST:29956; HEXA-B.ST:31497; INVE-B.ST:40451,
2021-04-07,40,262956,NEWA-B.ST:24230; NIBE-B.ST:26480; RATO-B.ST:32215; NOTE.ST:31732; MEKO.ST:32290; BEIJ-B.ST:14271; HPOL-B.ST:29796; HEXA-B.ST:31421; INVE-B.ST:40480,
2021-04-08,40,265248,NEWA-B.ST:24198; NIBE-B.ST:27052; RATO-B.ST:33073; NOTE.ST:32415; MEKO.ST:32005; BEIJ-B.ST:14499; HPOL-B.ST:29796; HEXA-B.ST:31810; INVE-B.ST:40360,
2021-04-09,40,266098,NEWA-B.ST:24103; NIBE-B.ST:27784; RATO-B.ST:32911; NOTE.ST:32335; MEKO.ST:31624; BEIJ-B.ST:14575; HPOL-B.ST:29927; HEXA-B.ST:32031; INVE-B.ST:40771,
2021-04-12,40,265154,NEWA-B.ST:24453; NIBE-B.ST:27596; RATO-B.ST:32943; NOTE.ST:32174; MEKO.ST:31076; BEIJ-B.ST:14457; HPOL-B.ST:29912; HEXA-B.ST:31840; INVE-B.ST:40662,
2021-04-13,29,269854,NEWA-B.ST:24580; NIBE-B.ST:28168; RATO-B.ST:33560; NOTE.ST:33219; BEIJ-B.ST:14630; HPOL-B.ST:30609; HEXA-B.ST:32183; INVE-B.ST:41141; CLAS-B.ST:31735,SELL MEKO.ST 264 @ 120.69 fee 69.00; BUY CLAS-B.ST 408 @ 77.78 fee 69.00
2021-04-14,29,269653,NEWA-B.ST:25981; NIBE-B.ST:27793; RATO-B.ST:33528; NOTE.ST:33379; BEIJ-B.ST:14582; HPOL-B.ST:30391; HEXA-B.ST:32038; INVE-B.ST:40839; CLAS-B.ST:31093,
2021-04-15,29,271476,NEWA-B.ST:25472; NIBE-B.ST:28402; RATO-B.ST:33658; NOTE.ST:34263; BEIJ-B.ST:14761; HPOL-B.ST:30623; HEXA-B.ST:32328; INVE-B.ST:41033; CLAS-B.ST:30907,
2021-04-16,29,276828,NEWA-B.ST:28019; NIBE-B.ST:28787; RATO-B.ST:34210; NOTE.ST:34946; BEIJ-B.ST:14414; HPOL-B.ST:30899; HEXA-B.ST:33097; INVE-B.ST:41706; CLAS-B.ST:30721,
2021-04-19,29,277804,NEWA-B.ST:29102; NIBE-B.ST:29162; RATO-B.ST:33560; NOTE.ST:35789; BEIJ-B.ST:14442; HPOL-B.ST:30739; HEXA-B.ST:32686; INVE-B.ST:41524; CLAS-B.ST:30771,
2021-04-20,87,273770,NEWA-B.ST:28433; NIBE-B.ST:28806; RATO-B.ST:33138; NOTE.ST:36151; BEIJ-B.ST:14380; HPOL-B.ST:30130; HEXA-B.ST:31749; INVE-B.ST:40474; MEKO.ST:30423,SELL CLAS-B.ST 408 @ 75.05 fee 69.00; BUY MEKO.ST 243 @ 125.20 fee 69.00
2021-04-21,87,274200,NEWA-B.ST:29452; NIBE-B.ST:29115; RATO-B.ST:33138; NOTE.ST:34665; BEIJ-B.ST:14040; HPOL-B.ST:30449; HEXA-B.ST:32183; INVE-B.ST:40845; MEKO.ST:30226,
2021-04-22,87,277452,NEWA-B.ST:30152; NIBE-B.ST:29518; RATO-B.ST:33463; NOTE.ST:35548; BEIJ-B.ST:13728; HPOL-B.ST:30797; HEXA-B.ST:32351; INVE-B.ST:40617; MEKO.ST:31190,
2021-04-23,87,279215,NEWA-B.ST:29707; NIBE-B.ST:29800; RATO-B.ST:34113; NOTE.ST:36151; BEIJ-B.ST:14075; HPOL-B.ST:30841; HEXA-B.ST:32450; INVE-B.ST:40736; MEKO.ST:31256,
2021-04-26,87,281454,NEWA-B.ST:29547; NIBE-B.ST:29978; RATO-B.ST:34567; NOTE.ST:37075; BEIJ-B.ST:13936; HPOL-B.ST:30812; HEXA-B.ST:32518; INVE-B.ST:40845; MEKO.ST:32089,
2021-04-27,87,281719,NEWA-B.ST:29707; NIBE-B.ST:30072; RATO-B.ST:34697; NOTE.ST:36673; BEIJ-B.ST:13905; HPOL-B.ST:30638; HEXA-B.ST:32411; INVE-B.ST:41090; MEKO.ST:32440,
2021-04-28,87,280781,NEWA-B.ST:29197; NIBE-B.ST:29828; RATO-B.ST:34665; NOTE.ST:36713; BEIJ-B.ST:13822; HPOL-B.ST:31029; HEXA-B.ST:31993; INVE-B.ST:41073; MEKO.ST:32374,
2021-04-29,87,280851,NEWA-B.ST:29802; NIBE-B.ST:29471; RATO-B.ST:35250; NOTE.ST:35388; BEIJ-B.ST:13874; HPOL-B.ST:31326; HEXA-B.ST:32122; INVE-B.ST:41267; MEKO.ST:32264,
2021-04-30,87,273328,NEWA-B.ST:28911; NIBE-B.ST:29049; RATO-B.ST:32397; NOTE.ST:34745; BEIJ-B.ST:13676; HPOL-B.ST:30851; HEXA-B.ST:30775; INVE-B.ST:41010; MEKO.ST:31826,
2021-05-03,87,276157,NEWA-B.ST:29515; NIBE-B.ST:29481; RATO-B.ST:33235; NOTE.ST:34424; BEIJ-B.ST:13842; HPOL-B.ST:30925; HEXA-B.ST:31354; INVE-B.ST:41335; MEKO.ST:31957,
2021-05-04,34,269404,NEWA-B.ST:29261; NIBE-B.ST:28628; RATO-B.ST:32911; NOTE.ST:33058; BEIJ-B.ST:13322; HPOL-B.ST:30466; HEXA-B.ST:30378; MEKO.ST:31015; PCELL.ST:20087; CLAS-B.ST:20244,SELL INVE-B.ST 250 @ 161.94 fee 69.00; BUY PCELL.ST 99 @ 202.90 fee 69.00; BUY CLAS-B.ST 276 @ 73.35 fee 69.00
2021-05-05,34,276081,NEWA-B.ST:29738; NIBE-B.ST:29481; RATO-B.ST:33690; NOTE.ST:34665; BEIJ-B.ST:13551; HPOL-B.ST:31682; HEXA-B.ST:31019; MEKO.ST:31914; PCELL.ST:19652; CLAS-B.ST:20656,
2021-05-06,34,273048,NEWA-B.ST:29324; NIBE-B.ST:29950; RATO-B.ST:33170; NOTE.ST:33942; BEIJ-B.ST:13489; HPOL-B.ST:31296; HEXA-B.ST:30584; MEKO.ST:31848; PCELL.ST:18503; CLAS-B.ST:20907,
2021-05-07,34,279407,NEWA-B.ST:30248; NIBE-B.ST:30475; RATO-B.ST:33430; NOTE.ST:34142; BEIJ-B.ST:13936; HPOL-B.ST:31281; HEXA-B.ST:31125; MEKO.ST:33952; PCELL.ST:19978; CLAS-B.ST:20805,
2021-05-10,34,276536,NEWA-B.ST:30534; NIBE-B.ST:30287; RATO-B.ST:33398; NOTE.ST:33178; BEIJ-B.ST:13811; HPOL-B.ST:31726; HEXA-B.ST:30622; MEKO.ST:33623; PCELL.ST:18231; CLAS-B.ST:21090,
2021-05-11,63,268177,NEWA-B.ST:30280; NIBE-B.ST:29218; RATO-B.ST:32475; BEIJ-B.ST:13458; HPOL-B.ST:30599; HEXA-B.ST:29738; MEKO.ST:31848; PCELL.ST:17795; INVE-B.ST:52704,SELL NOTE.ST 419 @ 76.88 fee 69.00; SELL CLAS-B.ST 276 @ 75.09 fee 69.00; BUY INVE-B.ST 321 @ 164.19 fee 69.00
2021-05-12,63,269688,NEWA-B.ST:29643; NIBE-B.ST:30712; RATO-B.ST:31838; BEIJ-B.ST:13853; HPOL-B.ST:30762; HEXA-B.ST:29837; MEKO.ST:32352; PCELL.ST:17820; INVE-B.ST:52808,
2021-05-14,63,272844,NEWA-B.ST:30057; NIBE-B.ST:29590; RATO-B.ST:32813; BEIJ-B.ST:13603; HPOL-B.ST:30851; HEXA-B.ST:30737; MEKO.ST:32396; PCELL.ST:18523; INVE-B.ST:54211,
2021-05-17,63,273309,NEWA-B.ST:31203; NIBE-B.ST:29487; RATO-B.ST:32813; BEIJ-B.ST:13603; HPOL-B.ST:30629; HEXA-B.ST:30508; MEKO.ST:33185; PCELL.ST:17533; INVE-B.ST:54285,
2021-05-18,63,279595,NEWA-B.ST:32413; NIBE-B.ST:30099; RATO-B.ST:33235; BEIJ-B.ST:14144; HPOL-B.ST:30703; HEXA-B.ST:30668; MEKO.ST:33996; PCELL.ST:18949; INVE-B.ST:55325,
2021-05-19,21,275918,NEWA-B.ST:32922; NIBE-B.ST:29845; RATO-B.ST:32781; BEIJ-B.ST:14009; HPOL-B.ST:29828; HEXA-B.ST:29584; PCELL.ST:18721; INVE-B.ST:54793; BULTEN.ST:16779; NOTE.ST:16635,SELL MEKO.ST 243 @ 138.19 fee 69.00; BUY BULTEN.ST 183 @ 91.69 fee 69.00; BUY NOTE.ST 199 @ 83.59 fee 69.00
2021-05-20,21,281167,NEWA-B.ST:32477; NIBE-B.ST:30957; RATO-B.ST:33365; BEIJ-B.ST:13998; HPOL-B.ST:30421; HEXA-B.ST:30619; PCELL.ST:19256; INVE-B.ST:56225; BULTEN.ST:16907; NOTE.ST:16921,
2021-05-21,21,283048,NEWA-B.ST:32413; NIBE-B.ST:32408; RATO-B.ST:33495; BEIJ-B.ST:14082; HPOL-B.ST:30421; HEXA-B.ST:30566; PCELL.ST:20137; INVE-B.ST:56053; BULTEN.ST:16970; NOTE.ST:16483,
2021-05-24,21,284308,NEWA-B.ST:32286; NIBE-B.ST:32945; RATO-B.ST:33658; BEIJ-B.ST:14175; HPOL-B.ST:30244; HEXA-B.ST:30630; PCELL.ST:19696; INVE-B.ST:56068; BULTEN.ST:17513; NOTE.ST:17074,
2021-05-25,21,286326,NEWA-B.ST:31840; NIBE-B.ST:35037; RATO-B.ST:33853; BEIJ-B.ST:14279; HPOL-B.ST:30095; HEXA-B.ST:30857; PCELL.ST:19364; INVE-B.ST:55949; BULTEN.ST:17385; NOTE.ST:17646,
2021-05-26,22,284222,NEWA-B.ST:32222; NIBE-B.ST:32568; RATO-B.ST:33560; BEIJ-B.ST:14206; HPOL-B.ST:29977; HEXA-B.ST:30950; PCELL.ST:20394; BULTEN.ST:16970; NOTE.ST:17646; SAAB-B.ST:55706,SELL INVE-B.ST 321 @ 173.97 fee 69.00; BUY SAAB-B.ST 948 @ 58.76 fee 69.00
2021-05-27,22,286880,NEWA-B.ST:32413; NIBE-B.ST:32832; RATO-B.ST:34275; BEIJ-B.ST:14092; HPOL-B.ST:30362; HEXA-B.ST:31510; PCELL.ST:20097; BULTEN.ST:16875; NOTE.ST:18467; SAAB-B.ST:55935,
2021-05-28,22,288399,NEWA-B.ST:32031; NIBE-B.ST:32957; RATO-B.ST:34535; BEIJ-B.ST:14716; HPOL-B.ST:30585; HEXA-B.ST:31710; PCELL.ST:20622; BULTEN.ST:16651; NOTE.ST:18429; SAAB-B.ST:56142,
2021-05-31,22,290466,NEWA-B.ST:32922; NIBE-B.ST:34008; RATO-B.ST:35250; BEIJ-B.ST:14945; HPOL-B.ST:30762; HEXA-B.ST:31537; PCELL.ST:20840; BULTEN.ST:16460; NOTE.ST:18658; SAAB-B.ST:55063,
2021-06-01,22,293355,NEWA-B.ST:33241; NIBE-B.ST:34649; RATO-B.ST:35705; BEIJ-B.ST:14945; HPOL-B.ST:30970; HEXA-B.ST:32204; PCELL.ST:20216; BULTEN.ST:17098; NOTE.ST:18486; SAAB-B.ST:55821,
2021-06-02,34406,291937,NEWA-B.ST:32540; RATO-B.ST:35899; BEIJ-B.ST:14914; HPOL-B.ST:30955; HEXA-B.ST:32044; PCELL.ST:19295; BULTEN.ST:16811; NOTE.ST:19459; SAAB-B.ST:55614,SELL NIBE-B.ST 388 @ 88.80 fee 69.00
2021-06-03,34406,294226,NEWA-B.ST:32222; RATO-B.ST:36192; BEIJ-B.ST:15111; HPOL-B.ST:31148; HEXA-B.ST:32271; PCELL.ST:19191; BULTEN.ST:16970; NOTE.ST:20413; SAAB-B.ST:56303,
2021-06-04,34406,294582,NEWA-B.ST:32477; RATO-B.ST:36159; BEIJ-B.ST:15111; HPOL-B.ST:31044; HEXA-B.ST:32471; PCELL.ST:19196; BULTEN.ST:16651; NOTE.ST:20603; SAAB-B.ST:56463,
2021-06-07,34406,292974,NEWA-B.ST:32158; RATO-B.ST:36029; BEIJ-B.ST:15163; HPOL-B.ST:30748; HEXA-B.ST:32511; PCELL.ST:18909; BULTEN.ST:16715; NOTE.ST:19802; SAAB-B.ST:56532,
2021-06-08,34406,292893,NEWA-B.ST:31712; RATO-B.ST:35867; BEIJ-B.ST:15090; HPOL-B.ST:30421; HEXA-B.ST:32471; PCELL.ST:19463; BULTEN.ST:17417; NOTE.ST:19535; SAAB-B.ST:56509,
2021-06-09,61,293248,NEWA-B.ST:32922; RATO-B.ST:35250; BEIJ-B.ST:15392; HPOL-B.ST:30347; HEXA-B.ST:32284; BULTEN.ST:16907; NOTE.ST:19878; SAAB-B.ST:55844; NIBE-B.ST:54363,SELL PCELL.ST 99 @ 203.60 fee 69.00; BUY NIBE-B.ST 633 @ 85.88 fee 69.00
2021-06-10,61,291414,NEWA-B.ST:31903; RATO-B.ST:35185; BEIJ-B.ST:15350; HPOL-B.ST:30392; HEXA-B.ST:32351; BULTEN.ST:16843; NOTE.ST:19535; SAAB-B.ST:55591; NIBE-B.ST:54204,
2021-06-11,61,293573,NEWA-B.ST:32222; RATO-B.ST:35282; BEIJ-B.ST:15205; HPOL-B.ST:30718; HEXA-B.ST:32684; BULTEN.ST:17257; NOTE.ST:19993; SAAB-B.ST:55775; NIBE-B.ST:54376,
2021-06-14,61,295042,NEWA-B.ST:32604; RATO-B.ST:35347; BEIJ-B.ST:15371; HPOL-B.ST:31044; HEXA-B.ST:32951; BULTEN.ST:17832; NOTE.ST:19344; SAAB-B.ST:55362; NIBE-B.ST:55126,
2021-06-15,61,293216,NEWA-B.ST:32158; RATO-B.ST:34925; BEIJ-B.ST:15569; HPOL-B.ST:30807; HEXA-B.ST:33271; BULTEN.ST:17545; NOTE.ST:19154; SAAB-B.ST:54650; NIBE-B.ST:55077,
2021-06-16,121,294751,NEWA-B.ST:31967; RATO-B.ST:34925; BEIJ-B.ST:15579; HPOL-B.ST:31133; NOTE.ST:19268; SAAB-B.ST:55086; NIBE-B.ST:55274; PCELL.ST:25809; HM-B.ST:25590,SELL HEXA-B.ST 268 @ 125.79 fee 69.00; SELL BULTEN.ST 183 @ 98.49 fee 69.00; BUY PCELL.ST 133 @ 194.05 fee 69.00; BUY HM-B.ST 153 @ 167.26 fee 69.00
2021-06-17,121,292417,NEWA-B.ST:31840; RATO-B.ST:34275; BEIJ-B.ST:15475; HPOL-B.ST:30896; NOTE.ST:19154; SAAB-B.ST:54719; NIBE-B.ST:54646; PCELL.ST:25696; HM-B.ST:25596,
2021-06-18,121,289394,NEWA-B.ST:31649; RATO-B.ST:33430; BEIJ-B.ST:15434; HPOL-B.ST:30525; NOTE.ST:19077; SAAB-B.ST:53732; NIBE-B.ST:54671; PCELL.ST:25835; HM-B.ST:24920,
2021-06-21,121,288752,NEWA-B.ST:31235; RATO-B.ST:33300; BEIJ-B.ST:15111; HPOL-B.ST:31074; NOTE.ST:18886; SAAB-B.ST:53273; NIBE-B.ST:55126; PCELL.ST:25616; HM-B.ST:25010,
2021-06-22,121,288842,NEWA-B.ST:31394; RATO-B.ST:33463; BEIJ-B.ST:15382; HPOL-B.ST:31029; NOTE.ST:19001; SAAB-B.ST:52929; NIBE-B.ST:55224; PCELL.ST:25310; HM-B.ST:24990,
2021-06-23,167,286874,NEWA-B.ST:31776; BEIJ-B.ST:15350; HPOL-B.ST:30792; NOTE.ST:19459; SAAB-B.ST:51414; NIBE-B.ST:54290; BULTEN.ST:27973; HEXA-B.ST:27978; INVE-B.ST:27675,SELL RATO-B.ST 737 @ 44.65 fee 69.00; SELL PCELL.ST 133 @ 198.60 fee 69.00; SELL HM-B.ST 153 @ 161.84 fee 69.00; BUY BULTEN.ST 311 @ 89.95 fee 69.00; BUY HEXA-B.ST 226 @ 123.80 fee 69.00; BUY INVE-B.ST 154 @ 179.71 fee 69.00
2021-06-24,167,289647,NEWA-B.ST:32031; BEIJ-B.ST:15569; HPOL-B.ST:30955; NOTE.ST:19611; SAAB-B.ST:51414; NIBE-B.ST:55372; BULTEN.ST:28136; HEXA-B.ST:28305; INVE-B.ST:28088,
2021-06-28,167,291092,NEWA-B.ST:33177; BEIJ-B.ST:15558; HPOL-B.ST:30911; NOTE.ST:20069; SAAB-B.ST:51689; NIBE-B.ST:55212; BULTEN.ST:27810; HEXA-B.ST:28496; INVE-B.ST:28003,
2021-06-29,167,297134,NEWA-B.ST:34642; BEIJ-B.ST:16078; HPOL-B.ST:31652; NOTE.ST:21519; SAAB-B.ST:52171; NIBE-B.ST:55581; BULTEN.ST:28081; HEXA-B.ST:28912; INVE-B.ST:28331,
2021-06-30,167,295911,NEWA-B.ST:34578; BEIJ-B.ST:15860; HPOL-B.ST:31341; NOTE.ST:21977; SAAB-B.ST:52125; NIBE-B.ST:55360; BULTEN.ST:27865; HEXA-B.ST:28530; INVE-B.ST:28110,
2021-07-01,1,298474,NEWA-B.ST:35852; BEIJ-B.ST:15922; HPOL-B.ST:32097; NOTE.ST:22358; SAAB-B.ST:52286; NIBE-B.ST:55446; HEXA-B.ST:28473; INVE-B.ST:28309; RATO-B.ST:27730,SELL BULTEN.ST 311 @ 89.07 fee 69.00; BUY RATO-B.ST 589 @ 47.08 fee 69.00
2021-07-02,1,301343,NEWA-B.ST:36106; BEIJ-B.ST:16338; HPOL-B.ST:32601; NOTE.ST:22397; SAAB-B.ST:52630; NIBE-B.ST:55606; HEXA-B.ST:28642; INVE-B.ST:28487; RATO-B.ST:28535,
2021-07-05,1,303465,NEWA-B.ST:36998; BEIJ-B.ST:16432; HPOL-B.ST:32497; NOTE.ST:22511; SAAB-B.ST:52860; NIBE-B.ST:55778; HEXA-B.ST:28518; INVE-B.ST:28687; RATO-B.ST:29184,
2021-07-06,1,302657,NEWA-B.ST:35852; BEIJ-B.ST:16463; HPOL-B.ST:32230; NOTE.ST:22206; SAAB-B.ST:52010; NIBE-B.ST:56245; HEXA-B.ST:28563; INVE-B.ST:28630; RATO-B.ST:30456,
2021-07-07,1,306149,NEWA-B.ST:35979; BEIJ-B.ST:17046; HPOL-B.ST:33046; NOTE.ST:22244; SAAB-B.ST:51804; NIBE-B.ST:56774; HEXA-B.ST:29250; INVE-B.ST:29342; RATO-B.ST:30664,
2021-07-08,246,302301,NEWA-B.ST:35724; NOTE.ST:22053; SAAB-B.ST:52286; NIBE-B.ST:55347; RATO-B.ST:30274; HUSQ-B.ST:26643; SAVE.ST:26667; G5EN.ST:26387; CLAS-B.ST:26673,SELL BEIJ-B.ST 117 @ 144.89 fee 69.00; SELL HPOL-B.ST 343 @ 93.88 fee 69.00; SELL HEXA-B.ST 226 @ 129.07 fee 69.00; SELL INVE-B.ST 154 @ 187.30 fee 69.00; BUY HUSQ-B.ST 266 @ 100.16 fee 69.00; BUY SAVE.ST 221 @ 120.66 fee 69.00; BUY G5EN.ST 69 @ 382.43 fee 69.00; BUY CLAS-B.ST 368 @ 72.48 fee 69.00
2021-07-09,246,305852,NEWA-B.ST:36743; NOTE.ST:22587; SAAB-B.ST:53296; NIBE-B.ST:55556; RATO-B.ST:30508; HUSQ-B.ST:26585; SAVE.ST:27109; G5EN.ST:26274; CLAS-B.ST:26947,
2021-07-12,246,309683,NEWA-B.ST:37507; NOTE.ST:23236; SAAB-B.ST:53066; NIBE-B.ST:56479; RATO-B.ST:31988; HUSQ-B.ST:26723; SAVE.ST:27128; G5EN.ST:26241; CLAS-B.ST:27069,
2021-07-13,246,317952,NEWA-B.ST:42029; NOTE.ST:26365; SAAB-B.ST:52653; NIBE-B.ST:57389; RATO-B.ST:31962; HUSQ-B.ST:26700; SAVE.ST:27358; G5EN.ST:26105; CLAS-B.ST:27145,
2021-07-14,246,315249,NEWA-B.ST:40054; NOTE.ST:25907; SAAB-B.ST:52791; NIBE-B.ST:57709; RATO-B.ST:31910; HUSQ-B.ST:26620; SAVE.ST:26417; G5EN.ST:26557; CLAS-B.ST:27038,
2021-07-15,27170,312179,NEWA-B.ST:39036; NOTE.ST:24953; SAAB-B.ST:52538; NIBE-B.ST:58189; RATO-B.ST:31780; HUSQ-B.ST:26161; SAVE.ST:26033; G5EN.ST:26320,SELL CLAS-B.ST 368 @ 73.35 fee 69.00
2021-07-16,27170,311826,NEWA-B.ST:41519; NOTE.ST:25296; SAAB-B.ST:52309; NIBE-B.ST:57770; RATO-B.ST:29080; HUSQ-B.ST:25966; SAVE.ST:25898; G5EN.ST:26817,
2021-07-19,27170,305780,NEWA-B.ST:40245; NOTE.ST:24495; SAAB-B.ST:50312; NIBE-B.ST:57082; RATO-B.ST:28586; HUSQ-B.ST:26505; SAVE.ST:25053; G5EN.ST:26331,
2021-07-20,27170,306998,NEWA-B.ST:40628; NOTE.ST:24037; SAAB-B.ST:51551; NIBE-B.ST:58213; RATO-B.ST:29002; HUSQ-B.ST:26150; SAVE.ST:25283; G5EN.ST:24964,
2021-07-21,27170,317966,NEWA-B.ST:41201; NOTE.ST:24152; SAAB-B.ST:56991; NIBE-B.ST:59455; RATO-B.ST:30144; HUSQ-B.ST:26975; SAVE.ST:26225; G5EN.ST:25653,
2021-07-22,93,325938,SAAB-B.ST:59631; NIBE-B.ST:61497; RATO-B.ST:30508; SAVE.ST:26859; G5EN.ST:25619; HM-B.ST:30433; BULTEN.ST:30464; BEIJ-B.ST:30382; ELUX-B.ST:30453,SELL NEWA-B.ST 743 @ 57.85 fee 69.00; SELL NOTE.ST 199 @ 125.78 fee 69.00; SELL HUSQ-B.ST 266 @ 101.97 fee 69.00; BUY HM-B.ST 200 @ 152.16 fee 69.00; BUY BULTEN.ST 382 @ 79.75 fee 69.00; BUY BEIJ-B.ST 197 @ 154.22 fee 69.00; BUY ELUX-B.ST 149 @ 204.38 fee 69.00
2021-07-23,93,327206,SAAB-B.ST:58575; NIBE-B.ST:62327; RATO-B.ST:31157; SAVE.ST:25360; G5EN.ST:25935; HM-B.ST:30652; BULTEN.ST:30930; BEIJ-B.ST:31205; ELUX-B.ST:30971,
2021-07-26,93,328872,SAAB-B.ST:59424; NIBE-B.ST:61774; RATO-B.ST:31702; SAVE.ST:25226; G5EN.ST:26591; HM-B.ST:30701; BULTEN.ST:31329; BEIJ-B.ST:31170; ELUX-B.ST:30862,
2021-07-27,93,328102,SAAB-B.ST:59677; NIBE-B.ST:61349; RATO-B.ST:31365; SAVE.ST:26292; G5EN.ST:25879; HM-B.ST:30318; BULTEN.ST:30963; BEIJ-B.ST:30785; ELUX-B.ST:31381,
2021-07-28,93,328203,SAAB-B.ST:59631; NIBE-B.ST:61897; RATO-B.ST:31027; SAVE.ST:26532; G5EN.ST:25800; HM-B.ST:30446; BULTEN.ST:30863; BEIJ-B.ST:30942; ELUX-B.ST:30971,
2021-07-29,4,330958,SAAB-B.ST:60296; NIBE-B.ST:62389; RATO-B.ST:31676; SAVE.ST:26705; G5EN.ST:26207; HM-B.ST:30302; BULTEN.ST:30963; BEIJ-B.ST:31398; CLAS-B.ST:31018,SELL ELUX-B.ST 149 @ 208.50 fee 69.00; BUY CLAS-B.ST 426 @ 72.81 fee 69.00
2021-07-30,4,330093,SAAB-B.ST:59975; NIBE-B.ST:63219; RATO-B.ST:31702; SAVE.ST:26686; G5EN.ST:25449; HM-B.ST:29449; BULTEN.ST:30597; BEIJ-B.ST:31835; CLAS-B.ST:31176,
2021-08-02,4,331263,SAAB-B.ST:59677; NIBE-B.ST:63311; RATO-B.ST:31676; SAVE.ST:27301; G5EN.ST:25336; HM-B.ST:29635; BULTEN.ST:30397; BEIJ-B.ST:32378; CLAS-B.ST:31547,
2021-08-03,4,332207,SAAB-B.ST:59860; NIBE-B.ST:63526; RATO-B.ST:32170; SAVE.ST:28415; G5EN.ST:23901; HM-B.ST:29593; BULTEN.ST:30797; BEIJ-B.ST:32571; CLAS-B.ST:31370,
2021-08-04,4,334372,SAAB-B.ST:59608; NIBE-B.ST:64572; RATO-B.ST:32689; SAVE.ST:28655; G5EN.ST:23664; HM-B.ST:29544; BULTEN.ST:30730; BEIJ-B.ST:33306; CLAS-B.ST:31600,
2021-08-05,20,334178,SAAB-B.ST:59952; NIBE-B.ST:64879; RATO-B.ST:32689; G5EN.ST:23088; HM-B.ST:29452; BULTEN.ST:30430; BEIJ-B.ST:33394; CLAS-B.ST:32041; HEXA-B.ST:28232,SELL SAVE.ST 221 @ 128.44 fee 69.00; BUY HEXA-B.ST 192 @ 147.04 fee 69.00
2021-08-06,20,330771,SAAB-B.ST:60090; NIBE-B.ST:64111; RATO-B.ST:31754; G5EN.ST:22432; HM-B.ST:29494; BULTEN.ST:30597; BEIJ-B.ST:32834; CLAS-B.ST:31617; HEXA-B.ST:27822,
2021-08-09,20,329153,SAAB-B.ST:59218; NIBE-B.ST:64080; RATO-B.ST:30664; G5EN.ST:23280; HM-B.ST:29380; BULTEN.ST:30763; BEIJ-B.ST:32063; CLAS-B.ST:31864; HEXA-B.ST:27822,
2021-08-10,20,331397,SAAB-B.ST:59149; NIBE-B.ST:64787; RATO-B.ST:31027; G5EN.ST:23427; HM-B.ST:29305; BULTEN.ST:30996; BEIJ-B.ST:32693; CLAS-B.ST:32200; HEXA-B.ST:27793,
2021-08-11,20,330711,SAAB-B.ST:58827; NIBE-B.ST:64972; RATO-B.ST:30612; G5EN.ST:22715; HM-B.ST:29262; BULTEN.ST:31063; BEIJ-B.ST:32606; CLAS-B.ST:32641; HEXA-B.ST:27994,
2021-08-12,34,334094,SAAB-B.ST:58667; NIBE-B.ST:65710; RATO-B.ST:30378; G5EN.ST:24738; HM-B.ST:29449; BULTEN.ST:30897; BEIJ-B.ST:32991; HEXA-B.ST:28108; VOLV-B.ST:33124,SELL CLAS-B.ST 426 @ 78.11 fee 69.00; BUY VOLV-B.ST 185 @ 179.05 fee 69.00
2021-08-13,34,332595,SAAB-B.ST:58690; NIBE-B.ST:64972; RATO-B.ST:30326; G5EN.ST:24037; HM-B.ST:29455; BULTEN.ST:31329; BEIJ-B.ST:32518; HEXA-B.ST:28060; VOLV-B.ST:33173,
2021-08-16,34,329865,SAAB-B.ST:58506; NIBE-B.ST:64480; RATO-B.ST:29599; G5EN.ST:24738; HM-B.ST:28504; BULTEN.ST:30996; BEIJ-B.ST:32396; HEXA-B.ST:27841; VOLV-B.ST:32773,
2021-08-17,34,329565,SAAB-B.ST:58116; NIBE-B.ST:64510; RATO-B.ST:29521; G5EN.ST:24557; HM-B.ST:28631; BULTEN.ST:31396; BEIJ-B.ST:31993; HEXA-B.ST:28242; VOLV-B.ST:32565,
2021-08-18,34,329828,SAAB-B.ST:58208; NIBE-B.ST:65002; RATO-B.ST:29313; G5EN.ST:24749; HM-B.ST:28592; BULTEN.ST:30730; BEIJ-B.ST:32869; HEXA-B.ST:28166; VOLV-B.ST:32166,
2021-08-19,98,331276,SAAB-B.ST:57473; NIBE-B.ST:71552; BULTEN.ST:30430; BEIJ-B.ST:32483; HEXA-B.ST:27707; VOLV-B.ST:31251; EMBRAC-B.ST:26641; NOTE.ST:26812; NEWA-B.ST:26829,SELL RATO-B.ST 589 @ 48.75 fee 69.00; SELL G5EN.ST 69 @ 348.36 fee 69.00; SELL HM-B.ST 200 @ 140.03 fee 69.00; BUY EMBRAC-B.ST 46 @ 579.15 fee 69.00; BUY NOTE.ST 230 @ 116.57 fee 69.00; BUY NEWA-B.ST 459 @ 58.45 fee 69.00
2021-08-20,98,335646,SAAB-B.ST:57496; NIBE-B.ST:73489; BULTEN.ST:30830; BEIJ-B.ST:32798; HEXA-B.ST:28166; VOLV-B.ST:31548; EMBRAC-B.ST:27531; NOTE.ST:26900; NEWA-B.ST:26790,
2021-08-23,98,340185,SAAB-B.ST:57817; NIBE-B.ST:74996; BULTEN.ST:31329; BEIJ-B.ST:33394; HEXA-B.ST:28242; VOLV-B.ST:31941; EMBRAC-B.ST:27697; NOTE.ST:27253; NEWA-B.ST:27419,
2021-08-24,98,339591,SAAB-B.ST:58529; NIBE-B.ST:74288; BULTEN.ST:31562; BEIJ-B.ST:33464; HEXA-B.ST:28118; VOLV-B.ST:32039; EMBRAC-B.ST:28014; NOTE.ST:26768; NEWA-B.ST:26711,
2021-08-25,98,340643,SAAB-B.ST:59241; NIBE-B.ST:72321; BULTEN.ST:31429; BEIJ-B.ST:34374; HEXA-B.ST:28166; VOLV-B.ST:32143; EMBRAC-B.ST:28028; NOTE.ST:27385; NEWA-B.ST:27459,
2021-08-26,201,339974,SAAB-B.ST:58873; NIBE-B.ST:72505; BULTEN.ST:31396; BEIJ-B.ST:35022; HEXA-B.ST:28185; NOTE.ST:27341; NEWA-B.ST:27459; RATO-B.ST:29662; ELUX-B.ST:29330,SELL VOLV-B.ST 185 @ 174.01 fee 69.00; SELL EMBRAC-B.ST 46 @ 590.85 fee 69.00; BUY RATO-B.ST 596 @ 49.77 fee 69.00; BUY ELUX-B.ST 145 @ 202.28 fee 69.00
2021-08-27,201,343011,SAAB-B.ST:59952; NIBE-B.ST:73304; BULTEN.ST:31363; BEIJ-B.ST:34935; HEXA-B.ST:28414; NOTE.ST:28311; NEWA-B.ST:27459; RATO-B.ST:29662; ELUX-B.ST:29410,
2021-08-30,201,342741,SAAB-B.ST:59034; NIBE-B.ST:73397; BULTEN.ST:30797; BEIJ-B.ST:35022; HEXA-B.ST:28691; NOTE.ST:29237; NEWA-B.ST:26869; RATO-B.ST:29977; ELUX-B.ST:29516,
2021-08-31,201,343029,SAAB-B.ST:59034; NIBE-B.ST:73981; BULTEN.ST:30530; BEIJ-B.ST:34707; HEXA-B.ST:28577; NOTE.ST:30207; NEWA-B.ST:26790; RATO-B.ST:29977; ELUX-B.ST:29025,
2021-09-01,201,341741,SAAB-B.ST:58322; NIBE-B.ST:74596; BULTEN.ST:30464; BEIJ-B.ST:34480; HEXA-B.ST:28347; NOTE.ST:29237; NEWA-B.ST:26790; RATO-B.ST:30266; ELUX-B.ST:29038,
2021-09-02,201,346410,SAAB-B.ST:58001; NIBE-B.ST:76533; BULTEN.ST:30996; BEIJ-B.ST:35092; HEXA-B.ST:28921; NOTE.ST:29546; NEWA-B.ST:27183; RATO-B.ST:30739; ELUX-B.ST:29197,
2021-09-03,201,346945,SAAB-B.ST:58690; NIBE-B.ST:76748; BULTEN.ST:31829; BEIJ-B.ST:34987; HEXA-B.ST:28701; NOTE.ST:29237; NEWA-B.ST:27537; RATO-B.ST:30082; ELUX-B.ST:28932,
2021-09-06,201,347060,SAAB-B.ST:58483; NIBE-B.ST:77117; BULTEN.ST:31929; BEIJ-B.ST:34445; HEXA-B.ST:28949; NOTE.ST:29105; NEWA-B.ST:27183; RATO-B.ST:30371; ELUX-B.ST:29277,
2021-09-07,201,344583,SAAB-B.ST:57496; NIBE-B.ST:77394; BULTEN.ST:31729; BEIJ-B.ST:33902; HEXA-B.ST:28634; NOTE.ST:28311; NEWA-B.ST:28245; RATO-B.ST:29872; ELUX-B.ST:28799,
2021-09-08,201,337091,SAAB-B.ST:56440; NIBE-B.ST:75949; BULTEN.ST:30763; BEIJ-B.ST:33446; HEXA-B.ST:28309; NOTE.ST:27605; NEWA-B.ST:27065; RATO-B.ST:29189; ELUX-B.ST:28122,
2021-09-09,201,339797,SAAB-B.ST:56739; NIBE-B.ST:76779; BULTEN.ST:30697; BEIJ-B.ST:33499; HEXA-B.ST:28538; NOTE.ST:28311; NEWA-B.ST:27537; RATO-B.ST:29320; ELUX-B.ST:28175,
2021-09-10,201,339114,SAAB-B.ST:56509; NIBE-B.ST:77763; BULTEN.ST:30430; BEIJ-B.ST:33131; HEXA-B.ST:28739; NOTE.ST:27738; NEWA-B.ST:28127; RATO-B.ST:29110; ELUX-B.ST:27365,
2021-09-13,201,335500,SAAB-B.ST:56578; NIBE-B.ST:76502; BULTEN.ST:30064; BEIJ-B.ST:32816; HEXA-B.ST:28596; NOTE.ST:27253; NEWA-B.ST:26829; RATO-B.ST:29110; ELUX-B.ST:27551,
2021-09-14,201,337307,SAAB-B.ST:56234; NIBE-B.ST:78563; BULTEN.ST:29631; BEIJ-B.ST:33464; HEXA-B.ST:28806; NOTE.ST:27208; NEWA-B.ST:26751; RATO-B.ST:29031; ELUX-B.ST:27418,
2021-09-15,201,329623,SAAB-B.ST:56165; NIBE-B.ST:74565; BULTEN.ST:29065; BEIJ-B.ST:32641; HEXA-B.ST:28405; NOTE.ST:26723; NEWA-B.ST:26318; RATO-B.ST:28427; ELUX-B.ST:27113,
2021-09-16,494,334888,SAAB-B.ST:56348; BULTEN.ST:29698; BEIJ-B.ST:33341; HEXA-B.ST:28596; NOTE.ST:27473; NEWA-B.ST:26397; RATO-B.ST:29189; ELUX-B.ST:27219; LUND-B.ST:76134,SELL NIBE-B.ST 633 @ 120.95 fee 69.00; BUY LUND-B.ST 153 @ 497.61 fee 69.00
2021-09-17,494,331418,SAAB-B.ST:55453; BULTEN.ST:29532; BEIJ-B.ST:33044; HEXA-B.ST:28137; NOTE.ST:27517; NEWA-B.ST:26790; RATO-B.ST:28769; ELUX-B.ST:27206; LUND-B.ST:74478,
2021-09-20,494,324234,SAAB-B.ST:55889; BULTEN.ST:28266; BEIJ-B.ST:31433; HEXA-B.ST:27258; NOTE.ST:26547; NEWA-B.ST:26554; RATO-B.ST:27586; ELUX-B.ST:26927; LUND-B.ST:73281,
2021-09-21,494,324033,SAAB-B.ST:56050; BULTEN.ST:28133; BEIJ-B.ST:31415; HEXA-B.ST:27669; NOTE.ST:26238; NEWA-B.ST:26829; RATO-B.ST:27639; ELUX-B.ST:26582; LUND-B.ST:72985,
2021-09-22,494,329014,SAAB-B.ST:57519; BULTEN.ST:28233; BEIJ-B.ST:31713; HEXA-B.ST:27908; NOTE.ST:27517; NEWA-B.ST:27498; RATO-B.ST:28112; ELUX-B.ST:27006; LUND-B.ST:73014,
2021-09-23,32,333153,SAAB-B.ST:57473; BULTEN.ST:28699; BEIJ-B.ST:32536; HEXA-B.ST:28405; NOTE.ST:28179; NEWA-B.ST:27655; RATO-B.ST:28847; LUND-B.ST:73665; NIBE-B.ST:27662,SELL ELUX-B.ST 145 @ 188.54 fee 69.00; BUY NIBE-B.ST 233 @ 118.72 fee 69.00
2021-09-24,32,329851,SAAB-B.ST:57611; BULTEN.ST:29598; BEIJ-B.ST:32028; HEXA-B.ST:27372; NOTE.ST:27914; NEWA-B.ST:26987; RATO-B.ST:28269; LUND-B.ST:72807; NIBE-B.ST:27232,
2021-09-27,32,325459,SAAB-B.ST:58414; BULTEN.ST:29132; BEIJ-B.ST:31047; HEXA-B.ST:26933; NOTE.ST:27385; NEWA-B.ST:26042; RATO-B.ST:27586; LUND-B.ST:72527; NIBE-B.ST:26360,
2021-09-28,32,317869,SAAB-B.ST:57106; BULTEN.ST:28999; BEIJ-B.ST:29892; HEXA-B.ST:26044; NOTE.ST:26812; NEWA-B.ST:25688; RATO-B.ST:26824; LUND-B.ST:71255; NIBE-B.ST:25217,
2021-09-29,32,316629,SAAB-B.ST:57450; BULTEN.ST:28599; BEIJ-B.ST:29944; HEXA-B.ST:25814; NOTE.ST:26459; NEWA-B.ST:25610; RATO-B.ST:26824; LUND-B.ST:70679; NIBE-B.ST:25217,
2021-09-30,52,317160,SAAB-B.ST:57106; BULTEN.ST:28100; BEIJ-B.ST:30540; NEWA-B.ST:25767; RATO-B.ST:27061; LUND-B.ST:71344; EMBRAC-B.ST:25796; HPOL-B.ST:25799; CLAS-B.ST:25596,SELL HEXA-B.ST 192 @ 135.35 fee 69.00; SELL NOTE.ST 230 @ 115.61 fee 69.00; SELL NIBE-B.ST 233 @ 107.50 fee 69.00; BUY EMBRAC-B.ST 51 @ 505.80 fee 69.00; BUY HPOL-B.ST 298 @ 86.57 fee 69.00; BUY CLAS-B.ST 331 @ 77.33 fee 69.00
2021-10-01,52,317174,SAAB-B.ST:57565; BULTEN.ST:28566; BEIJ-B.ST:30207; NEWA-B.ST:26239; RATO-B.ST:26982; LUND-B.ST:71403; EMBRAC-B.ST:25282; HPOL-B.ST:25524; CLAS-B.ST:25355,
2021-10-04,52,312492,SAAB-B.ST:56670; BULTEN.ST:28433; BEIJ-B.ST:29594; NEWA-B.ST:26003; RATO-B.ST:26535; LUND-B.ST:70945; EMBRAC-B.ST:23935; HPOL-B.ST:25410; CLAS-B.ST:24915,
2021-10-05,52,316961,SAAB-B.ST:56234; BULTEN.ST:28533; BEIJ-B.ST:31012; NEWA-B.ST:25964; RATO-B.ST:27245; LUND-B.ST:71980; EMBRAC-B.ST:25263; HPOL-B.ST:25565; CLAS-B.ST:25113,
2021-10-06,52,311690,SAAB-B.ST:56050; BULTEN.ST:27767; BEIJ-B.ST:30259; NEWA-B.ST:25374; RATO-B.ST:26614; LUND-B.ST:71033; EMBRAC-B.ST:24407; HPOL-B.ST:25261; CLAS-B.ST:24872,
2021-10-07,152,318239,BULTEN.ST:28899; RATO-B.ST:27245; EMBRAC-B.ST:24480; HPOL-B.ST:25992; PCELL.ST:52884; ELAN-B.ST:52883; HUSQ-B.ST:52954; INVE-B.ST:52750,SELL SAAB-B.ST 948 @ 60.12 fee 69.00; SELL BEIJ-B.ST 197 @ 157.70 fee 69.00; SELL NEWA-B.ST 459 @ 56.48 fee 69.00; SELL LUND-B.ST 153 @ 472.00 fee 69.00; SELL CLAS-B.ST 331 @ 78.53 fee 69.00; BUY PCELL.ST 360 @ 146.90 fee 69.00; BUY ELAN-B.ST 438 @ 120.74 fee 69.00; BUY HUSQ-B.ST 584 @ 90.68 fee 69.00; BUY INVE-B.ST 301 @ 175.25 fee 69.00
2021-10-08,152,316925,BULTEN.ST:28932; RATO-B.ST:26798; EMBRAC-B.ST:23568; HPOL-B.ST:25825; PCELL.ST:52794; ELAN-B.ST:53927; HUSQ-B.ST:52652; INVE-B.ST:52276,
2021-10-11,152,318160,BULTEN.ST:28699; RATO-B.ST:26105; EMBRAC-B.ST:23574; HPOL-B.ST:25678; PCELL.ST:56466; ELAN-B.ST:52958; HUSQ-B.ST:52375; INVE-B.ST:52154,
2021-10-12,152,322295,BULTEN.ST:29432; RATO-B.ST:26299; EMBRAC-B.ST:24682; HPOL-B.ST:25812; PCELL.ST:57564; ELAN-B.ST:52808; HUSQ-B.ST:52501; INVE-B.ST:53045,
2021-10-13,152,330994,BULTEN.ST:29265; RATO-B.ST:27008; EMBRAC-B.ST:25649; HPOL-B.ST:26224; PCELL.ST:62100; ELAN-B.ST:53703; HUSQ-B.ST:53256; INVE-B.ST:53636,
2021-10-14,66,333857,RATO-B.ST:27219; EMBRAC-B.ST:25520; HPOL-B.ST:26636; HUSQ-B.ST:53080; NEWA-B.ST:50396; SAAB-B.ST:50378; LUND-B.ST:50237; CLAS-B.ST:50323,SELL BULTEN.ST 382 @ 78.00 fee 69.00; SELL PCELL.ST 360 @ 176.05 fee 69.00; SELL ELAN-B.ST 438 @ 123.46 fee 69.00; SELL INVE-B.ST 301 @ 181.23 fee 69.00; BUY NEWA-B.ST 866 @ 58.19 fee 69.00; BUY SAAB-B.ST 828 @ 60.84 fee 69.00; BUY LUND-B.ST 106 @ 473.93 fee 69.00; BUY CLAS-B.ST 637 @ 79.00 fee 69.00
2021-10-15,66,337337,RATO-B.ST:27271; EMBRAC-B.ST:25612; HPOL-B.ST:26662; HUSQ-B.ST:54742; NEWA-B.ST:51139; SAAB-B.ST:50619; LUND-B.ST:50411; CLAS-B.ST:50815,
2021-10-18,66,338537,RATO-B.ST:27271; EMBRAC-B.ST:25398; HPOL-B.ST:26817; HUSQ-B.ST:54359; NEWA-B.ST:53143; SAAB-B.ST:50238; LUND-B.ST:50268; CLAS-B.ST:50979,
2021-10-19,66,337570,RATO-B.ST:27691; EMBRAC-B.ST:25245; HPOL-B.ST:26739; HUSQ-B.ST:55049; NEWA-B.ST:52771; SAAB-B.ST:49396; LUND-B.ST:50534; CLAS-B.ST:50077,
2021-10-20,66,342232,RATO-B.ST:27560; EMBRAC-B.ST:25245; HPOL-B.ST:26997; HUSQ-B.ST:59677; NEWA-B.ST:50916; SAAB-B.ST:50559; LUND-B.ST:50534; CLAS-B.ST:50678,
2021-10-21,154,342794,RATO-B.ST:27665; EMBRAC-B.ST:25141; HPOL-B.ST:27074; NEWA-B.ST:51807; SAAB-B.ST:50799; CLAS-B.ST:49968; HOLM-B.ST:55049; INVE-B.ST:55136,SELL HUSQ-B.ST 584 @ 102.36 fee 69.00; SELL LUND-B.ST 106 @ 478.96 fee 69.00; BUY HOLM-B.ST 152 @ 362.16 fee 69.00; BUY INVE-B.ST 303 @ 181.97 fee 69.00
2021-10-22,154,342273,RATO-B.ST:27560; EMBRAC-B.ST:25704; HPOL-B.ST:26276; NEWA-B.ST:52623; SAAB-B.ST:48995; CLAS-B.ST:49859; HOLM-B.ST:55147; INVE-B.ST:55955,
2021-10-25,154,338975,RATO-B.ST:26262; EMBRAC-B.ST:25159; HPOL-B.ST:25632; NEWA-B.ST:53811; SAAB-B.ST:48314; CLAS-B.ST:49804; HOLM-B.ST:54035; INVE-B.ST:55803,
2021-10-26,154,338660,RATO-B.ST:26252; EMBRAC-B.ST:24082; HPOL-B.ST:25632; NEWA-B.ST:53365; SAAB-B.ST:48695; CLAS-B.ST:49340; HOLM-B.ST:54809; INVE-B.ST:56330,
2021-10-27,154,339363,RATO-B.ST:26483; EMBRAC-B.ST:24015; HPOL-B.ST:25941; NEWA-B.ST:53662; SAAB-B.ST:48855; CLAS-B.ST:49395; HOLM-B.ST:54542; INVE-B.ST:56316,
2021-10-28,305,339310,RATO-B.ST:26299; EMBRAC-B.ST:24021; HPOL-B.ST:25941; SAAB-B.ST:48274; INVE-B.ST:56246; BULTEN.ST:52887; ELUX-B.ST:52794; LUND-B.ST:52543,SELL NEWA-B.ST 866 @ 63.34 fee 69.00; SELL CLAS-B.ST 637 @ 77.41 fee 69.00; SELL HOLM-B.ST 152 @ 359.38 fee 69.00; BUY BULTEN.ST 751 @ 70.42 fee 69.00; BUY ELUX-B.ST 293 @ 180.18 fee 69.00; BUY LUND-B.ST 109 @ 482.05 fee 69.00
2021-10-29,305,335752,RATO-B.ST:25947; EMBRAC-B.ST:24431; HPOL-B.ST:25838; SAAB-B.ST:47873; INVE-B.ST:55489; BULTEN.ST:50465; ELUX-B.ST:53314; LUND-B.ST:52091,
2021-11-01,305,338644,RATO-B.ST:26667; EMBRAC-B.ST:25545; HPOL-B.ST:25915; SAAB-B.ST:47672; INVE-B.ST:56344; BULTEN.ST:50334; ELUX-B.ST:53423; LUND-B.ST:52438,
2021-11-02,305,342581,RATO-B.ST:26588; EMBRAC-B.ST:26316; HPOL-B.ST:26198; SAAB-B.ST:47853; INVE-B.ST:56695; BULTEN.ST:51316; ELUX-B.ST:54504; LUND-B.ST:52807,
2021-11-03,305,342997,RATO-B.ST:26667; EMBRAC-B.ST:24180; HPOL-B.ST:26559; SAAB-B.ST:47973; INVE-B.ST:57634; BULTEN.ST:51774; ELUX-B.ST:54846; LUND-B.ST:53059,
2021-11-04,190,348054,RATO-B.ST:27061; HPOL-B.ST:26855; SAAB-B.ST:48314; BULTEN.ST:53084; ELUX-B.ST:55147; LUND-B.ST:53691; HOLM-B.ST:27931; CEVI.ST:27753; SKA-B.ST:28029,SELL EMBRAC-B.ST 51 @ 498.00 fee 69.00; SELL INVE-B.ST 303 @ 193.22 fee 69.00; BUY HOLM-B.ST 78 @ 358.09 fee 69.00; BUY CEVI.ST 70 @ 396.48 fee 69.00; BUY SKA-B.ST 148 @ 189.38 fee 69.00
2021-11-05,190,349766,RATO-B.ST:27376; HPOL-B.ST:26933; SAAB-B.ST:49156; BULTEN.ST:53542; ELUX-B.ST:54982; LUND-B.ST:53839; HOLM-B.ST:27765; CEVI.ST:27955; SKA-B.ST:28029,
2021-11-08,190,349929,RATO-B.ST:27324; HPOL-B.ST:27139; SAAB-B.ST:49316; BULTEN.ST:55374; ELUX-B.ST:53793; LUND-B.ST:54302; HOLM-B.ST:27664; CEVI.ST:26531; SKA-B.ST:28297,
2021-11-09,190,348334,RATO-B.ST:26693; HPOL-B.ST:27332; SAAB-B.ST:49577; BULTEN.ST:55244; ELUX-B.ST:53820; LUND-B.ST:53649; HOLM-B.ST:27916; CEVI.ST:25859; SKA-B.ST:28054,
2021-11-10,190,350476,RATO-B.ST:26903; HPOL-B.ST:27268; SAAB-B.ST:49677; BULTEN.ST:55833; ELUX-B.ST:54627; LUND-B.ST:54007; HOLM-B.ST:27931; CEVI.ST:25859; SKA-B.ST:28182,
2021-11-11,98,354040,RATO-B.ST:27035; HPOL-B.ST:27796; BULTEN.ST:57011; ELUX-B.ST:54982; LUND-B.ST:54745; HOLM-B.ST:28653; CEVI.ST:25926; SKA-B.ST:28373; HEXA-B.ST:24809; NOTE.ST:24613,SELL SAAB-B.ST 828 @ 59.83 fee 69.00; BUY HEXA-B.ST 185 @ 134.10 fee 69.00; BUY NOTE.ST 134 @ 183.68 fee 69.00
2021-11-12,98,358929,RATO-B.ST:27823; HPOL-B.ST:28659; BULTEN.ST:57273; ELUX-B.ST:55119; LUND-B.ST:55650; HOLM-B.ST:29195; CEVI.ST:25859; SKA-B.ST:28705; HEXA-B.ST:25371; NOTE.ST:25178,
2021-11-15,98,366081,RATO-B.ST:27429; HPOL-B.ST:28852; BULTEN.ST:60611; ELUX-B.ST:57362; LUND-B.ST:56198; HOLM-B.ST:29036; CEVI.ST:25926; SKA-B.ST:28654; HEXA-B.ST:25196; NOTE.ST:26720,
2021-11-16,98,367371,RATO-B.ST:27928; HPOL-B.ST:28865; BULTEN.ST:59498; ELUX-B.ST:58976; LUND-B.ST:56219; HOLM-B.ST:29043; CEVI.ST:26585; SKA-B.ST:28730; HEXA-B.ST:25417; NOTE.ST:26013,
2021-11-17,98,367677,RATO-B.ST:28086; HPOL-B.ST:29470; BULTEN.ST:59629; ELUX-B.ST:59496; LUND-B.ST:56282; HOLM-B.ST:29281; CEVI.ST:24932; SKA-B.ST:28220; HEXA-B.ST:25656; NOTE.ST:26527,
2021-11-18,91,366578,LUND-B.ST:55713; HOLM-B.ST:29289; CEVI.ST:25094; SKA-B.ST:27825; HEXA-B.ST:25325; SAAB-B.ST:50863; NEWA-B.ST:50862; MEKO.ST:50829; CLAS-B.ST:50688,SELL RATO-B.ST 596 @ 49.42 fee 69.00; SELL HPOL-B.ST 298 @ 98.55 fee 69.00; SELL BULTEN.ST 751 @ 78.62 fee 69.00; SELL ELUX-B.ST 293 @ 201.66 fee 69.00; SELL NOTE.ST 134 @ 200.84 fee 69.00; BUY SAAB-B.ST 842 @ 60.41 fee 69.00; BUY NEWA-B.ST 679 @ 74.91 fee 69.00; BUY MEKO.ST 370 @ 137.38 fee 69.00; BUY CLAS-B.ST 550 @ 92.16 fee 69.00
2021-11-19,91,368046,LUND-B.ST:56051; HOLM-B.ST:29469; CEVI.ST:24838; SKA-B.ST:27838; HEXA-B.ST:25840; SAAB-B.ST:50313; NEWA-B.ST:51036; MEKO.ST:51363; CLAS-B.ST:51207,
2021-11-22,91,369188,LUND-B.ST:55756; HOLM-B.ST:29838; CEVI.ST:24838; SKA-B.ST:27748; HEXA-B.ST:25564; SAAB-B.ST:50843; NEWA-B.ST:51444; MEKO.ST:51530; CLAS-B.ST:51537,
2021-11-23,91,362412,LUND-B.ST:54176; HOLM-B.ST:29448; CEVI.ST:24126; SKA-B.ST:27672; HEXA-B.ST:24680; SAAB-B.ST:50048; NEWA-B.ST:49931; MEKO.ST:50562; CLAS-B.ST:51678,
2021-11-24,91,362508,LUND-B.ST:52975; HOLM-B.ST:29144; CEVI.ST:24059; SKA-B.ST:28093; HEXA-B.ST:24496; SAAB-B.ST:50007; NEWA-B.ST:48825; MEKO.ST:52998; CLAS-B.ST:51820,
2021-11-25,93,367418,HOLM-B.ST:29700; CEVI.ST:24288; SKA-B.ST:28042; HEXA-B.ST:25030; SAAB-B.ST:50619; NEWA-B.ST:49582; CLAS-B.ST:52480; NIBE-B.ST:53891; BEIJ-B.ST:53695,SELL LUND-B.ST 109 @ 506.11 fee 69.00; SELL MEKO.ST 370 @ 142.43 fee 69.00; BUY NIBE-B.ST 442 @ 121.93 fee 69.00; BUY BEIJ-B.ST 335 @ 160.28 fee 69.00
2021-11-26,93,356423,HOLM-B.ST:29166; CEVI.ST:23898; SKA-B.ST:26639; HEXA-B.ST:23989; SAAB-B.ST:48172; NEWA-B.ST:46730; CLAS-B.ST:52715; NIBE-B.ST:52818; BEIJ-B.ST:52202,
2021-11-29,93,361886,HOLM-B.ST:29505; CEVI.ST:23508; SKA-B.ST:26817; HEXA-B.ST:24588; SAAB-B.ST:48641; NEWA-B.ST:48825; CLAS-B.ST:52291; NIBE-B.ST:54578; BEIJ-B.ST:53038,
2021-11-30,93,361867,HOLM-B.ST:29245; CEVI.ST:22702; SKA-B.ST:26588; HEXA-B.ST:24312; SAAB-B.ST:48111; NEWA-B.ST:49232; CLAS-B.ST:52763; NIBE-B.ST:55394; BEIJ-B.ST:53426,
2021-12-01,93,368958,HOLM-B.ST:30004; CEVI.ST:22837; SKA-B.ST:27366; HEXA-B.ST:25177; SAAB-B.ST:48601; NEWA-B.ST:50804; CLAS-B.ST:53234; NIBE-B.ST:55716; BEIJ-B.ST:55127,
2021-12-02,323,361448,HOLM-B.ST:30192; CEVI.ST:22098; HEXA-B.ST:24348; SAAB-B.ST:48274; BEIJ-B.ST:53993; BULTEN.ST:45641; RATO-B.ST:45658; NOTE.ST:45700; G5EN.ST:45221,SELL SKA-B.ST 148 @ 183.96 fee 69.00; SELL NEWA-B.ST 679 @ 72.08 fee 69.00; SELL CLAS-B.ST 550 @ 95.25 fee 69.00; SELL NIBE-B.ST 442 @ 123.19 fee 69.00; BUY BULTEN.ST 604 @ 75.56 fee 69.00; BUY RATO-B.ST 968 @ 47.17 fee 69.00; BUY NOTE.ST 247 @ 185.02 fee 69.00; BUY G5EN.ST 133 @ 340.01 fee 69.00
2021-12-03,323,354155,HOLM-B.ST:29614; CEVI.ST:21614; HEXA-B.ST:23805; SAAB-B.ST:47826; BEIJ-B.ST:52590; BULTEN.ST:44904; RATO-B.ST:45231; NOTE.ST:45226; G5EN.ST:43021,
2021-12-06,323,341953,HOLM-B.ST:29722; CEVI.ST:21184; HEXA-B.ST:23998; SAAB-B.ST:45196; BEIJ-B.ST:50740; BULTEN.ST:45641; RATO-B.ST:44805; NOTE.ST:43095; G5EN.ST:37249,
2021-12-07,323,355359,HOLM-B.ST:30560; CEVI.ST:21493; HEXA-B.ST:24901; SAAB-B.ST:46338; BEIJ-B.ST:53904; BULTEN.ST:45273; RATO-B.ST:46426; NOTE.ST:46410; G5EN.ST:39732,
2021-12-08,323,356037,HOLM-B.ST:30242; CEVI.ST:21225; HEXA-B.ST:25748; SAAB-B.ST:45991; BEIJ-B.ST:53396; BULTEN.ST:46115; RATO-B.ST:46810; NOTE.ST:44800; G5EN.ST:41387,
2021-12-09,52,356800,CEVI.ST:21090; HEXA-B.ST:25757; SAAB-B.ST:45930; BEIJ-B.ST:55336; NOTE.ST:44516; HPOL-B.ST:41018; NEWA-B.ST:41054; NIBE-B.ST:41030; SKA-B.ST:41015,SELL HOLM-B.ST 78 @ 389.11 fee 69.00; SELL BULTEN.ST 604 @ 74.78 fee 69.00; SELL RATO-B.ST 968 @ 49.02 fee 69.00; SELL G5EN.ST 133 @ 311.51 fee 69.00; BUY HPOL-B.ST 408 @ 100.54 fee 69.00; BUY NEWA-B.ST 580 @ 70.78 fee 69.00; BUY NIBE-B.ST 324 @ 126.64 fee 69.00; BUY SKA-B.ST 211 @ 194.38 fee 69.00
2021-12-10,52,353551,CEVI.ST:20889; HEXA-B.ST:24929; SAAB-B.ST:45481; BEIJ-B.ST:53934; NOTE.ST:44848; HPOL-B.ST:41107; NEWA-B.ST:41461; NIBE-B.ST:40291; SKA-B.ST:40560,
2021-12-13,52,359984,CEVI.ST:20701; HEXA-B.ST:24873; SAAB-B.ST:44442; BEIJ-B.ST:54322; NOTE.ST:53514; HPOL-B.ST:40648; NEWA-B.ST:41207; NIBE-B.ST:40338; SKA-B.ST:39887,
2021-12-14,52,351141,CEVI.ST:20620; HEXA-B.ST:24247; SAAB-B.ST:44401; BEIJ-B.ST:52352; NOTE.ST:49844; HPOL-B.ST:40031; NEWA-B.ST:40341; NIBE-B.ST:39221; SKA-B.ST:40033,
2021-12-15,52,354307,CEVI.ST:20687; HEXA-B.ST:24744; SAAB-B.ST:44503; BEIJ-B.ST:53128; NOTE.ST:50909; HPOL-B.ST:40278; NEWA-B.ST:40646; NIBE-B.ST:39362; SKA-B.ST:39997,
2021-12-16,138,356012,CEVI.ST:20540; HEXA-B.ST:24956; SAAB-B.ST:44972; BEIJ-B.ST:53307; NOTE.ST:50436; NEWA-B.ST:40646; NIBE-B.ST:39976; SOBI.ST:40598; G5EN.ST:40443,SELL HPOL-B.ST 408 @ 100.02 fee 69.00; SELL SKA-B.ST 211 @ 192.40 fee 69.00; BUY SOBI.ST 236 @ 172.03 fee 69.00; BUY G5EN.ST 131 @ 308.73 fee 69.00
2021-12-17,138,356911,CEVI.ST:20150; HEXA-B.ST:24689; SAAB-B.ST:45339; BEIJ-B.ST:53068; NOTE.ST:50672; NEWA-B.ST:41156; NIBE-B.ST:39126; SOBI.ST:41207; G5EN.ST:41366,
2021-12-20,138,354029,CEVI.ST:20284; HEXA-B.ST:24689; SAAB-B.ST:44748; BEIJ-B.ST:52650; NOTE.ST:49015; NEWA-B.ST:40290; NIBE-B.ST:38969; SOBI.ST:41838; G5EN.ST:41409,
2021-12-21,138,359103,CEVI.ST:20378; HEXA-B.ST:25002; SAAB-B.ST:45848; BEIJ-B.ST:53784; NOTE.ST:49133; NEWA-B.ST:40545; NIBE-B.ST:39535; SOBI.ST:42514; G5EN.ST:42224,
2021-12-22,138,367006,CEVI.ST:21440; HEXA-B.ST:25536; SAAB-B.ST:46093; BEIJ-B.ST:55157; NOTE.ST:51146; NEWA-B.ST:41512; NIBE-B.ST:40385; SOBI.ST:42988; G5EN.ST:42610,
2021-12-23,37,370145,CEVI.ST:21493; HEXA-B.ST:26264; SAAB-B.ST:46603; BEIJ-B.ST:56530; NOTE.ST:51620; NEWA-B.ST:42327; NIBE-B.ST:41282; HPOL-B.ST:42069; MEKO.ST:41919,SELL SOBI.ST 236 @ 180.53 fee 69.00; SELL G5EN.ST 131 @ 317.24 fee 69.00; BUY HPOL-B.ST 414 @ 101.62 fee 69.00; BUY MEKO.ST 309 @ 135.66 fee 69.00
2021-12-27,37,377703,CEVI.ST:22232; HEXA-B.ST:26439; SAAB-B.ST:46684; BEIJ-B.ST:57575; NOTE.ST:54343; NEWA-B.ST:43550; NIBE-B.ST:41880; HPOL-B.ST:42570; MEKO.ST:42393,
2021-12-28,37,382407,CEVI.ST:22971; HEXA-B.ST:26881; SAAB-B.ST:47235; BEIJ-B.ST:58202; NOTE.ST:56355; NEWA-B.ST:42633; NIBE-B.ST:42510; HPOL-B.ST:42856; MEKO.ST:42728,
2021-12-29,37,383156,CEVI.ST:21856; HEXA-B.ST:26669; SAAB-B.ST:46460; BEIJ-B.ST:59157; NOTE.ST:56592; NEWA-B.ST:43601; NIBE-B.ST:42793; HPOL-B.ST:43375; MEKO.ST:42616,
2021-12-30,37,382029,CEVI.ST:21843; HEXA-B.ST:26457; SAAB-B.ST:46949; BEIJ-B.ST:59067; NOTE.ST:54698; NEWA-B.ST:42735; NIBE-B.ST:43045; HPOL-B.ST:43411; MEKO.ST:43787,
2022-01-03,637,379274,CEVI.ST:21762; HEXA-B.ST:26899; SAAB-B.ST:47112; BEIJ-B.ST:58590; NEWA-B.ST:42633; NIBE-B.ST:41392; AZN.ST:46347; HUSQ-B.ST:46933; INVE-B.ST:46968,SELL NOTE.ST 247 @ 215.22 fee 69.00; SELL HPOL-B.ST 414 @ 105.16 fee 69.00; SELL MEKO.ST 309 @ 144.23 fee 69.00; BUY AZN.ST 44 @ 1053.35 fee 69.00; BUY HUSQ-B.ST 376 @ 124.82 fee 69.00; BUY INVE-B.ST 219 @ 214.47 fee 69.00
2022-01-04,637,378165,CEVI.ST:21843; HEXA-B.ST:26098; SAAB-B.ST:48009; BEIJ-B.ST:58440; NEWA-B.ST:42124; NIBE-B.ST:40826; AZN.ST:45569; HUSQ-B.ST:47213; INVE-B.ST:47406,
2022-01-05,637,375239,CEVI.ST:22111; HEXA-B.ST:25942; SAAB-B.ST:47581; BEIJ-B.ST:58888; NEWA-B.ST:40901; NIBE-B.ST:40181; AZN.ST:45456; HUSQ-B.ST:47114; INVE-B.ST:46428,
2022-01-07,637,365858,CEVI.ST:21695; HEXA-B.ST:25159; SAAB-B.ST:48274; BEIJ-B.ST:54143; NEWA-B.ST:40239; NIBE-B.ST:38323; AZN.ST:45237; HUSQ-B.ST:46242; INVE-B.ST:45909,
2022-01-10,637,349962,CEVI.ST:20983; HEXA-B.ST:24100; SAAB-B.ST:47846; BEIJ-B.ST:49874; NEWA-B.ST:37132; NIBE-B.ST:34546; AZN.ST:45019; HUSQ-B.ST:45270; INVE-B.ST:44555,
2022-01-11,5,352807,CEVI.ST:20889; HEXA-B.ST:24689; SAAB-B.ST:48539; NEWA-B.ST:38456; AZN.ST:45718; HUSQ-B.ST:46242; INVE-B.ST:44504; SWED-A.ST:83765,SELL BEIJ-B.ST 335 @ 145.14 fee 69.00; SELL NIBE-B.ST 324 @ 107.16 fee 69.00; BUY SWED-A.ST 599 @ 139.84 fee 69.00
2022-01-12,5,355138,CEVI.ST:21507; HEXA-B.ST:25011; SAAB-B.ST:47704; NEWA-B.ST:39271; AZN.ST:45674; HUSQ-B.ST:46554; INVE-B.ST:44698; SWED-A.ST:84714,
2022-01-13,5,352583,CEVI.ST:21695; HEXA-B.ST:24855; SAAB-B.ST:47622; NEWA-B.ST:37896; AZN.ST:45430; HUSQ-B.ST:46357; INVE-B.ST:44138; SWED-A.ST:84587,
2022-01-14,5,346743,CEVI.ST:21292; HEXA-B.ST:24210; SAAB-B.ST:48070; NEWA-B.ST:36979; AZN.ST:45893; HUSQ-B.ST:43822; INVE-B.ST:42488; SWED-A.ST:83984,
2022-01-17,5,347551,CEVI.ST:20916; HEXA-B.ST:24551; SAAB-B.ST:48519; NEWA-B.ST:36928; AZN.ST:47169; HUSQ-B.ST:43229; INVE-B.ST:42834; SWED-A.ST:83400,
2022-01-18,222,340268,CEVI.ST:20755; SAAB-B.ST:47581; AZN.ST:47230; HUSQ-B.ST:42686; HPOL-B.ST:45543; HOLM-B.ST:45226; SHB-B.ST:45492; MEKO.ST:45532,SELL HEXA-B.ST 185 @ 126.04 fee 69.00; SELL NEWA-B.ST 580 @ 60.95 fee 69.00; SELL INVE-B.ST 219 @ 189.13 fee 69.00; SELL SWED-A.ST 599 @ 137.69 fee 69.00; BUY HPOL-B.ST 477 @ 95.48 fee 69.00; BUY HOLM-B.ST 111 @ 407.44 fee 69.00; BUY SHB-B.ST 473 @ 96.18 fee 69.00; BUY MEKO.ST 353 @ 128.99 fee 69.00
2022-01-19,222,343532,CEVI.ST:21399; SAAB-B.ST:47805; AZN.ST:47475; HUSQ-B.ST:42719; HPOL-B.ST:45873; HOLM-B.ST:46285; SHB-B.ST:45967; MEKO.ST:45787,
2022-01-20,222,344629,CEVI.ST:21493; SAAB-B.ST:47785; AZN.ST:47973; HUSQ-B.ST:42966; HPOL-B.ST:45708; HOLM-B.ST:47292; SHB-B.ST:45848; MEKO.ST:45341,
2022-01-21,222,340104,CEVI.ST:22622; SAAB-B.ST:47602; AZN.ST:47562; HUSQ-B.ST:41928; HPOL-B.ST:44533; HOLM-B.ST:46573; SHB-B.ST:44899; MEKO.ST:44163,
2022-01-24,222,326564,CEVI.ST:20620; SAAB-B.ST:46664; AZN.ST:45482; HUSQ-B.ST:40167; HPOL-B.ST:42286; HOLM-B.ST:44969; SHB-B.ST:44029; MEKO.ST:42125,
2022-01-25,318,328928,CEVI.ST:19814; SAAB-B.ST:45869; MEKO.ST:42476; LUND-B.ST:36557; SOBI.ST:36721; NIBE-B.ST:36859; NEWA-B.ST:36816; BEIJ-B.ST:36813; G5EN.ST:36685,SELL AZN.ST 44 @ 1052.56 fee 69.00; SELL HUSQ-B.ST 376 @ 109.28 fee 69.00; SELL HPOL-B.ST 477 @ 88.30 fee 69.00; SELL HOLM-B.ST 111 @ 416.33 fee 69.00; SELL SHB-B.ST 473 @ 96.35 fee 69.00; BUY LUND-B.ST 82 @ 445.82 fee 69.00; BUY SOBI.ST 218 @ 168.44 fee 69.00; BUY NIBE-B.ST 456 @ 80.83 fee 69.00; BUY NEWA-B.ST 622 @ 59.19 fee 69.00; BUY BEIJ-B.ST 269 @ 136.85 fee 69.00; BUY G5EN.ST 153 @ 239.77 fee 69.00
2022-01-26,318,335543,CEVI.ST:20472; SAAB-B.ST:46399; MEKO.ST:42953; LUND-B.ST:37357; SOBI.ST:37387; NIBE-B.ST:38223; NEWA-B.ST:37745; BEIJ-B.ST:37100; G5EN.ST:37588,
2022-01-27,318,333349,CEVI.ST:19814; SAAB-B.ST:45665; MEKO.ST:42221; LUND-B.ST:37112; SOBI.ST:37387; NIBE-B.ST:37479; NEWA-B.ST:37472; BEIJ-B.ST:37867; G5EN.ST:38014,
2022-01-28,318,331627,CEVI.ST:19747; SAAB-B.ST:44748; MEKO.ST:42762; LUND-B.ST:36731; SOBI.ST:37491; NIBE-B.ST:37266; NEWA-B.ST:37636; BEIJ-B.ST:37340; G5EN.ST:37588,
2022-01-31,318,339449,CEVI.ST:20325; SAAB-B.ST:44768; MEKO.ST:43622; LUND-B.ST:37444; SOBI.ST:38064; NIBE-B.ST:38790; NEWA-B.ST:38619; BEIJ-B.ST:38658; G5EN.ST:38840,
2022-02-01,19,348186,MEKO.ST:44800; NIBE-B.ST:40172; NEWA-B.ST:39930; BEIJ-B.ST:38371; AZN.ST:30853; HEXA-B.ST:30838; ELAN-B.ST:30813; HUSQ-B.ST:30849; SAVE.ST:30881; INVE-B.ST:30661,SELL CEVI.ST 70 @ 329.31 fee 69.00; SELL SAAB-B.ST 842 @ 54.96 fee 69.00; SELL LUND-B.ST 82 @ 459.92 fee 69.00; SELL SOBI.ST 218 @ 177.61 fee 69.00; SELL G5EN.ST 153 @ 258.77 fee 69.00; BUY AZN.ST 29 @ 1063.88 fee 69.00; BUY HEXA-B.ST 248 @ 124.35 fee 69.00; BUY ELAN-B.ST 218 @ 141.34 fee 69.00; BUY HUSQ-B.ST 273 @ 113.00 fee 69.00; BUY SAVE.ST 236 @ 130.85 fee 69.00; BUY INVE-B.ST 163 @ 188.11 fee 69.00
2022-02-02,19,354442,MEKO.ST:45628; NIBE-B.ST:40934; NEWA-B.ST:41350; BEIJ-B.ST:39257; AZN.ST:30899; HEXA-B.ST:32220; ELAN-B.ST:30701; HUSQ-B.ST:31339; SAVE.ST:30902; INVE-B.ST:31192,
2022-02-03,19,343289,MEKO.ST:44513; NIBE-B.ST:39198; NEWA-B.ST:39384; BEIJ-B.ST:37029; AZN.ST:29942; HEXA-B.ST:31541; ELAN-B.ST:28845; HUSQ-B.ST:30861; SAVE.ST:31576; INVE-B.ST:30381,
2022-02-04,19,339095,MEKO.ST:44513; NIBE-B.ST:38179; NEWA-B.ST:39056; BEIJ-B.ST:35495; AZN.ST:29671; HEXA-B.ST:31751; ELAN-B.ST:29105; HUSQ-B.ST:29499; SAVE.ST:31752; INVE-B.ST:30055,
2022-02-07,19,338222,MEKO.ST:44036; NIBE-B.ST:38958; NEWA-B.ST:38783; BEIJ-B.ST:34440; AZN.ST:29850; HEXA-B.ST:31640; ELAN-B.ST:29328; HUSQ-B.ST:28841; SAVE.ST:32136; INVE-B.ST:30191,
2022-02-08,38,335275,NIBE-B.ST:38569; NEWA-B.ST:38237; BEIJ-B.ST:34872; HEXA-B.ST:31159; SAVE.ST:31016; PCELL.ST:32329; RATO-B.ST:32324; EQT.ST:32201; SWED-A.ST:32263; ELUX-B.ST:32269,SELL MEKO.ST 353 @ 126.64 fee 69.00; SELL AZN.ST 29 @ 1023.55 fee 69.00; SELL ELAN-B.ST 218 @ 130.44 fee 69.00; SELL HUSQ-B.ST 273 @ 106.83 fee 69.00; SELL INVE-B.ST 163 @ 184.70 fee 69.00; BUY PCELL.ST 233 @ 138.75 fee 69.00; BUY RATO-B.ST 751 @ 43.04 fee 69.00; BUY EQT.ST 101 @ 318.82 fee 69.00; BUY SWED-A.ST 249 @ 129.57 fee 69.00; BUY ELUX-B.ST 188 @ 171.64 fee 69.00
2022-02-09,38,351185,NIBE-B.ST:40527; NEWA-B.ST:40640; BEIJ-B.ST:37340; HEXA-B.ST:32307; SAVE.ST:31804; PCELL.ST:35532; RATO-B.ST:33503; EQT.ST:33701; SWED-A.ST:32805; ELUX-B.ST:32988,
2022-02-10,38,351379,NIBE-B.ST:39508; NEWA-B.ST:46212; BEIJ-B.ST:36334; HEXA-B.ST:31406; SAVE.ST:30778; PCELL.ST:34903; RATO-B.ST:33536; EQT.ST:33594; SWED-A.ST:32540; ELUX-B.ST:32532,
2022-02-11,38,349525,NIBE-B.ST:38746; NEWA-B.ST:45229; BEIJ-B.ST:35710; HEXA-B.ST:30677; SAVE.ST:31524; PCELL.ST:36232; RATO-B.ST:33370; EQT.ST:33033; SWED-A.ST:32540; ELUX-B.ST:32427,
2022-02-14,38,339151,NIBE-B.ST:37718; NEWA-B.ST:41241; BEIJ-B.ST:34033; HEXA-B.ST:30307; SAVE.ST:31296; PCELL.ST:32387; RATO-B.ST:35721; EQT.ST:32791; SWED-A.ST:31974; ELUX-B.ST:31646,
2022-02-15,31,349448,NIBE-B.ST:39233; NEWA-B.ST:43153; BEIJ-B.ST:35087; HEXA-B.ST:30899; SAVE.ST:32665; PCELL.ST:35206; EQT.ST:33623; ELUX-B.ST:32418; INVE-B.ST:67132,SELL RATO-B.ST 751 @ 46.68 fee 69.00; SELL SWED-A.ST 249 @ 129.62 fee 69.00; BUY INVE-B.ST 360 @ 186.48 fee 69.00
2022-02-16,31,347458,NIBE-B.ST:39614; NEWA-B.ST:43098; BEIJ-B.ST:34440; HEXA-B.ST:30850; SAVE.ST:31566; PCELL.ST:35160; EQT.ST:33217; ELUX-B.ST:32400; INVE-B.ST:67082,
2022-02-17,31,337930,NIBE-B.ST:36947; NEWA-B.ST:41241; BEIJ-B.ST:33841; HEXA-B.ST:30862; SAVE.ST:31265; PCELL.ST:33785; EQT.ST:32346; ELUX-B.ST:31821; INVE-B.ST:65790,
2022-02-18,31,328529,NIBE-B.ST:34201; NEWA-B.ST:41077; BEIJ-B.ST:33146; HEXA-B.ST:30159; SAVE.ST:30093; PCELL.ST:32189; EQT.ST:31128; ELUX-B.ST:31479; INVE-B.ST:65027,
2022-02-21,31,319549,NIBE-B.ST:33182; NEWA-B.ST:38237; BEIJ-B.ST:32307; HEXA-B.ST:29924; SAVE.ST:30010; PCELL.ST:31036; EQT.ST:30189; ELUX-B.ST:31488; INVE-B.ST:63145,
2022-02-22,24,326123,NIBE-B.ST:34112; NEWA-B.ST:38619; BEIJ-B.ST:33673; PCELL.ST:31572; EQT.ST:31147; INVE-B.ST:64759; RATO-B.ST:30782; NOTE.ST:30712; CEVI.ST:30724,SELL HEXA-B.ST 248 @ 121.81 fee 69.00; SELL SAVE.ST 236 @ 132.65 fee 69.00; SELL ELUX-B.ST 188 @ 165.48 fee 69.00; BUY RATO-B.ST 728 @ 42.28 fee 69.00; BUY NOTE.ST 181 @ 169.68 fee 69.00; BUY CEVI.ST 100 @ 307.24 fee 69.00
2022-02-23,24,320514,NIBE-B.ST:34130; NEWA-B.ST:38127; BEIJ-B.ST:33122; PCELL.ST:30861; EQT.ST:29744; INVE-B.ST:63621; RATO-B.ST:31090; NOTE.ST:30990; CEVI.ST:28805,
2022-02-24,24,318325,NIBE-B.ST:34121; NEWA-B.ST:37363; BEIJ-B.ST:32379; PCELL.ST:32026; EQT.ST:29899; INVE-B.ST:62770; RATO-B.ST:30089; NOTE.ST:30504; CEVI.ST:29150,
2022-02-25,24,328542,NIBE-B.ST:35406; NEWA-B.ST:39220; BEIJ-B.ST:33697; PCELL.ST:34193; EQT.ST:30180; INVE-B.ST:64243; RATO-B.ST:31398; NOTE.ST:31684; CEVI.ST:28498,
2022-02-28,24,343852,NIBE-B.ST:37621; NEWA-B.ST:39384; BEIJ-B.ST:34440; PCELL.ST:41649; EQT.ST:31040; INVE-B.ST:64973; RATO-B.ST:32541; NOTE.ST:31476; CEVI.ST:30705,
2022-03-01,76,332304,NIBE-B.ST:36327; BEIJ-B.ST:33673; EQT.ST:30315; INVE-B.ST:63567; RATO-B.ST:31129; NOTE.ST:30365; CEVI.ST:29937; HEXA-B.ST:38455; MEKO.ST:38460,SELL NEWA-B.ST 622 @ 59.45 fee 69.00; SELL PCELL.ST 233 @ 172.80 fee 69.00; BUY HEXA-B.ST 311 @ 123.65 fee 69.00; BUY MEKO.ST 378 @ 101.75 fee 69.00
2022-03-02,76,338168,NIBE-B.ST:38932; BEIJ-B.ST:34752; EQT.ST:30644; INVE-B.ST:64464; RATO-B.ST:30872; NOTE.ST:30469; CEVI.ST:30705; HEXA-B.ST:39136; MEKO.ST:38119,
2022-03-03,76,328186,NIBE-B.ST:38232; BEIJ-B.ST:33697; EQT.ST:28632; INVE-B.ST:62295; RATO-B.ST:29357; NOTE.ST:29324; CEVI.ST:30724; HEXA-B.ST:38207; MEKO.ST:37642,
2022-03-04,76,319504,NIBE-B.ST:39331; BEIJ-B.ST:32882; EQT.ST:26533; INVE-B.ST:60896; RATO-B.ST:28176; NOTE.ST:28040; CEVI.ST:30225; HEXA-B.ST:36999; MEKO.ST:36346,
2022-03-07,76,316057,NIBE-B.ST:39720; BEIJ-B.ST:32643; EQT.ST:26136; INVE-B.ST:60816; RATO-B.ST:27958; NOTE.ST:27554; CEVI.ST:27769; HEXA-B.ST:37619; MEKO.ST:35766,
2022-03-08,154,315844,NIBE-B.ST:40925; EQT.ST:25391; NOTE.ST:27624; MEKO.ST:36517; EMBRAC-B.ST:30762; BULTEN.ST:30913; SWED-A.ST:30897; ELUX-B.ST:30881; G5EN.ST:30885; SINT.ST:30894,SELL BEIJ-B.ST 269 @ 124.29 fee 69.00; SELL INVE-B.ST 360 @ 169.79 fee 69.00; SELL RATO-B.ST 728 @ 38.30 fee 69.00; SELL CEVI.ST 100 @ 270.97 fee 69.00; SELL HEXA-B.ST 311 @ 117.48 fee 69.00; BUY EMBRAC-B.ST 76 @ 404.76 fee 69.00; BUY BULTEN.ST 573 @ 53.95 fee 69.00; BUY SWED-A.ST 304 @ 101.63 fee 69.00; BUY ELUX-B.ST 215 @ 143.63 fee 69.00; BUY G5EN.ST 207 @ 149.20 fee 69.00; BUY SINT.ST 334 @ 92.50 fee 69.00
2022-03-09,154,333898,NIBE-B.ST:43078; EQT.ST:27684; NOTE.ST:29324; MEKO.ST:38017; EMBRAC-B.ST:33876; BULTEN.ST:32561; SWED-A.ST:33024; ELUX-B.ST:31253; G5EN.ST:32038; SINT.ST:32889,
2022-03-10,154,328383,NIBE-B.ST:41147; EQT.ST:26775; NOTE.ST:29498; MEKO.ST:37642; EMBRAC-B.ST:32513; BULTEN.ST:31612; SWED-A.ST:32778; ELUX-B.ST:30751; G5EN.ST:31428; SINT.ST:34086,
2022-03-11,154,338131,NIBE-B.ST:41670; EQT.ST:29038; NOTE.ST:31337; MEKO.ST:38562; EMBRAC-B.ST:33402; BULTEN.ST:32362; SWED-A.ST:33181; ELUX-B.ST:31393; G5EN.ST:33801; SINT.ST:33231,
2022-03-14,154,344021,NIBE-B.ST:43061; EQT.ST:29290; NOTE.ST:30678; MEKO.ST:39346; EMBRAC-B.ST:33904; BULTEN.ST:34359; SWED-A.ST:33357; ELUX-B.ST:32377; G5EN.ST:33580; SINT.ST:33915,
2022-03-15,60,336192,NIBE-B.ST:42077; EQT.ST:28351; NOTE.ST:30365; MEKO.ST:38221; BULTEN.ST:32561; G5EN.ST:32852; NEWA-B.ST:43955; BEIJ-B.ST:43981; SAAB-B.ST:43767,SELL EMBRAC-B.ST 76 @ 429.54 fee 69.00; SELL SWED-A.ST 304 @ 110.20 fee 69.00; SELL ELUX-B.ST 215 @ 150.31 fee 69.00; SELL SINT.ST 334 @ 100.69 fee 69.00; BUY NEWA-B.ST 701 @ 62.70 fee 69.00; BUY BEIJ-B.ST 328 @ 134.09 fee 69.00; BUY SAAB-B.ST 502 @ 87.19 fee 69.00
2022-03-16,60,351925,NIBE-B.ST:44071; EQT.ST:31718; NOTE.ST:32795; MEKO.ST:39994; BULTEN.ST:34010; G5EN.ST:35598; NEWA-B.ST:45309; BEIJ-B.ST:46670; SAAB-B.ST:41701,
2022-03-17,60,354458,NIBE-B.ST:44966; EQT.ST:32985; NOTE.ST:33142; MEKO.ST:39346; BULTEN.ST:33860; G5EN.ST:34072; NEWA-B.ST:45679; BEIJ-B.ST:47809; SAAB-B.ST:42540,
2022-03-18,60,363379,NIBE-B.ST:45298; EQT.ST:34339; NOTE.ST:35311; MEKO.ST:40403; BULTEN.ST:33860; G5EN.ST:35021; NEWA-B.ST:46417; BEIJ-B.ST:50118; SAAB-B.ST:42552,
2022-03-21,60,364683,NIBE-B.ST:45409; EQT.ST:34281; NOTE.ST:35744; MEKO.ST:40097; BULTEN.ST:32711; G5EN.ST:35292; NEWA-B.ST:46294; BEIJ-B.ST:50030; SAAB-B.ST:44764,
2022-03-22,53,358823,NOTE.ST:35224; MEKO.ST:39006; G5EN.ST:35225; SAAB-B.ST:43597; HPOL-B.ST:51434; HUSQ-B.ST:51437; ELUX-B.ST:51400; CLAS-B.ST:51448,SELL NIBE-B.ST 456 @ 95.64 fee 69.00; SELL EQT.ST 101 @ 332.81 fee 69.00; SELL BULTEN.ST 573 @ 58.66 fee 69.00; SELL NEWA-B.ST 701 @ 66.66 fee 69.00; SELL BEIJ-B.ST 328 @ 148.70 fee 69.00; BUY HPOL-B.ST 601 @ 85.58 fee 69.00; BUY HUSQ-B.ST 549 @ 93.69 fee 69.00; BUY ELUX-B.ST 356 @ 144.38 fee 69.00; BUY CLAS-B.ST 544 @ 94.57 fee 69.00
2022-03-23,53,350889,NOTE.ST:34287; MEKO.ST:38733; G5EN.ST:34818; SAAB-B.ST:42904; HPOL-B.ST:50436; HUSQ-B.ST:50067; ELUX-B.ST:48525; CLAS-B.ST:51066,
2022-03-24,53,342990,NOTE.ST:33072; MEKO.ST:37676; G5EN.ST:33665; SAAB-B.ST:43269; HPOL-B.ST:48244; HUSQ-B.ST:48192; ELUX-B.ST:48325; CLAS-B.ST:50494,
2022-03-25,53,341027,NOTE.ST:32413; MEKO.ST:36721; G5EN.ST:34648; SAAB-B.ST:44411; HPOL-B.ST:47277; HUSQ-B.ST:46496; ELUX-B.ST:48276; CLAS-B.ST:50732,
2022-03-28,53,340907,NOTE.ST:32066; MEKO.ST:37573; G5EN.ST:34479; SAAB-B.ST:42722; HPOL-B.ST:47724; HUSQ-B.ST:46130; ELUX-B.ST:48425; CLAS-B.ST:51735,
2022-03-29,23,353486,NOTE.ST:32899; MEKO.ST:39210; G5EN.ST:36479; SAAB-B.ST:41421; HUSQ-B.ST:48817; ELUX-B.ST:52297; CLAS-B.ST:52832; HEXA-B.ST:49507,SELL HPOL-B.ST 601 @ 82.55 fee 69.00; BUY HEXA-B.ST 370 @ 133.80 fee 69.00
2022-03-30,23,349922,NOTE.ST:32378; MEKO.ST:38835; G5EN.ST:36377; SAAB-B.ST:41336; HUSQ-B.ST:48601; ELUX-B.ST:51400; CLAS-B.ST:52164; HEXA-B.ST:48807,
2022-03-31,23,343969,NOTE.ST:32552; MEKO.ST:37914; G5EN.ST:35428; SAAB-B.ST:41543; HUSQ-B.ST:47428; ELUX-B.ST:49019; CLAS-B.ST:51162; HEXA-B.ST:48899,
2022-04-01,23,345045,NOTE.ST:32795; MEKO.ST:36994; G5EN.ST:36988; SAAB-B.ST:41397; HUSQ-B.ST:47159; ELUX-B.ST:48896; CLAS-B.ST:51066; HEXA-B.ST:49728,
2022-04-04,23,353448,NOTE.ST:35224; MEKO.ST:37812; G5EN.ST:38174; SAAB-B.ST:42212; HUSQ-B.ST:47284; ELUX-B.ST:49368; CLAS-B.ST:52021; HEXA-B.ST:51331,
2022-04-05,44,346607,MEKO.ST:36687; SAAB-B.ST:41908; HUSQ-B.ST:45476; ELUX-B.ST:48697; CLAS-B.ST:50255; HM-B.ST:41201; BULTEN.ST:41242; HPOL-B.ST:41097,SELL NOTE.ST 181 @ 195.18 fee 69.00; SELL G5EN.ST 207 @ 182.94 fee 69.00; SELL HEXA-B.ST 370 @ 137.24 fee 69.00; BUY HM-B.ST 369 @ 111.66 fee 69.00; BUY BULTEN.ST 728 @ 56.65 fee 69.00; BUY HPOL-B.ST 530 @ 77.54 fee 69.00
2022-04-06,44,342528,MEKO.ST:37198; SAAB-B.ST:42151; HUSQ-B.ST:44236; ELUX-B.ST:47443; CLAS-B.ST:49635; HM-B.ST:41194; BULTEN.ST:40354; HPOL-B.ST:40272,
2022-04-07,44,346456,MEKO.ST:36892; SAAB-B.ST:41534; HUSQ-B.ST:44573; ELUX-B.ST:49293; CLAS-B.ST:52689; HM-B.ST:40837; BULTEN.ST:40735; HPOL-B.ST:39860,
2022-04-08,44,351570,MEKO.ST:37096; SAAB-B.ST:43273; HUSQ-B.ST:45263; ELUX-B.ST:50012; CLAS-B.ST:53262; HM-B.ST:41427; BULTEN.ST:41242; HPOL-B.ST:39951,
2022-04-11,44,350372,MEKO.ST:37267; SAAB-B.ST:45233; HUSQ-B.ST:43756; ELUX-B.ST:49622; CLAS-B.ST:53071; HM-B.ST:41427; BULTEN.ST:40735; HPOL-B.ST:39218,
2022-04-12,135,355003,MEKO.ST:38460; SAAB-B.ST:45960; HUSQ-B.ST:44602; ELUX-B.ST:51026; HM-B.ST:41226; BULTEN.ST:41116; HPOL-B.ST:39493; G5EN.ST:52986,SELL CLAS-B.ST 544 @ 97.82 fee 69.00; BUY G5EN.ST 299 @ 177.21 fee 69.00
2022-04-13,135,357710,MEKO.ST:39108; SAAB-B.ST:48894; HUSQ-B.ST:44019; ELUX-B.ST:50793; HM-B.ST:40724; BULTEN.ST:42258; HPOL-B.ST:39333; G5EN.ST:52447,
2022-04-14,135,358680,MEKO.ST:38903; SAAB-B.ST:49745; HUSQ-B.ST:43970; ELUX-B.ST:51924; HM-B.ST:40485; BULTEN.ST:41750; HPOL-B.ST:38439; G5EN.ST:53329,
2022-04-19,135,363326,MEKO.ST:40199; SAAB-B.ST:49400; HUSQ-B.ST:44961; ELUX-B.ST:52760; HM-B.ST:41163; BULTEN.ST:43971; HPOL-B.ST:39172; G5EN.ST:51566,
2022-04-20,135,359833,MEKO.ST:39551; SAAB-B.ST:48697; HUSQ-B.ST:46585; ELUX-B.ST:52814; HM-B.ST:40799; BULTEN.ST:42385; HPOL-B.ST:40020; G5EN.ST:48848,
2022-04-21,375,364298,SAAB-B.ST:46922; HUSQ-B.ST:46866; HM-B.ST:40943; HPOL-B.ST:41715; G5EN.ST:48064; EMBRAC-B.ST:46287; NOTE.ST:46476; CLAS-B.ST:46649,SELL MEKO.ST 378 @ 109.23 fee 69.00; SELL ELUX-B.ST 356 @ 151.45 fee 69.00; SELL BULTEN.ST 728 @ 61.62 fee 69.00; BUY EMBRAC-B.ST 113 @ 409.62 fee 69.00; BUY NOTE.ST 223 @ 208.41 fee 69.00; BUY CLAS-B.ST 451 @ 103.43 fee 69.00
2022-04-22,375,360193,SAAB-B.ST:47871; HUSQ-B.ST:45661; HM-B.ST:39920; HPOL-B.ST:40913; G5EN.ST:47428; EMBRAC-B.ST:45195; NOTE.ST:47288; CLAS-B.ST:45541,
2022-04-25,375,361096,SAAB-B.ST:47859; HUSQ-B.ST:43727; HM-B.ST:39424; HPOL-B.ST:39951; G5EN.ST:49656; EMBRAC-B.ST:46660; NOTE.ST:48100; CLAS-B.ST:45343,
2022-04-26,375,354364,SAAB-B.ST:48697; HUSQ-B.ST:43445; HM-B.ST:39236; HPOL-B.ST:38829; G5EN.ST:45640; EMBRAC-B.ST:45426; NOTE.ST:47887; CLAS-B.ST:44829,
2022-04-27,375,352140,SAAB-B.ST:50485; HUSQ-B.ST:45000; HM-B.ST:39192; HPOL-B.ST:39333; G5EN.ST:44587; EMBRAC-B.ST:43324; NOTE.ST:45450; CLAS-B.ST:44394,
2022-04-28,74,353527,HUSQ-B.ST:44942; HM-B.ST:39217; HPOL-B.ST:41601; G5EN.ST:45053; EMBRAC-B.ST:44375; BULTEN.ST:34617; VOLV-B.ST:34574; ELUX-B.ST:34515; MEKO.ST:34559,SELL SAAB-B.ST 502 @ 101.89 fee 69.00; SELL NOTE.ST 223 @ 193.46 fee 69.00; SELL CLAS-B.ST 451 @ 97.91 fee 69.00; BUY BULTEN.ST 612 @ 56.56 fee 69.00; BUY VOLV-B.ST 239 @ 144.66 fee 69.00; BUY ELUX-B.ST 227 @ 152.05 fee 69.00; BUY MEKO.ST 343 @ 100.75 fee 69.00
2022-04-29,74,357959,HUSQ-B.ST:45924; HM-B.ST:39286; HPOL-B.ST:40392; G5EN.ST:45665; EMBRAC-B.ST:45141; BULTEN.ST:38347; VOLV-B.ST:34794; ELUX-B.ST:33034; MEKO.ST:35301,
2022-05-02,74,357227,HUSQ-B.ST:45195; HM-B.ST:39889; HPOL-B.ST:39066; G5EN.ST:48162; EMBRAC-B.ST:46240; BULTEN.ST:37408; VOLV-B.ST:34570; ELUX-B.ST:31230; MEKO.ST:35394,
2022-05-03,74,360208,HUSQ-B.ST:44466; HM-B.ST:39870; HPOL-B.ST:39563; G5EN.ST:49754; EMBRAC-B.ST:46728; BULTEN.ST:36413; VOLV-B.ST:34750; ELUX-B.ST:33135; MEKO.ST:35456,
2022-05-04,74,359279,HUSQ-B.ST:43776; HM-B.ST:38703; HPOL-B.ST:40416; G5EN.ST:48750; EMBRAC-B.ST:48206; BULTEN.ST:35640; VOLV-B.ST:34592; ELUX-B.ST:33668; MEKO.ST:35456,
2022-05-05,66,357830,HUSQ-B.ST:43513; HM-B.ST:38325; HPOL-B.ST:39350; G5EN.ST:52790; BULTEN.ST:34535; ELUX-B.ST:32580; MEKO.ST:34404; EQT.ST:41088; SKA-B.ST:41178,SELL EMBRAC-B.ST 113 @ 428.04 fee 69.00; SELL VOLV-B.ST 239 @ 142.95 fee 69.00; BUY EQT.ST 167 @ 246.04 fee 69.00; BUY SKA-B.ST 266 @ 154.80 fee 69.00
2022-05-06,66,366368,HUSQ-B.ST:42357; HM-B.ST:39318; HPOL-B.ST:38805; G5EN.ST:61947; BULTEN.ST:35198; ELUX-B.ST:33091; MEKO.ST:34899; EQT.ST:40289; SKA-B.ST:40398,
2022-05-09,66,346105,HUSQ-B.ST:41511; HM-B.ST:38255; HPOL-B.ST:37431; G5EN.ST:52839; BULTEN.ST:33927; ELUX-B.ST:32523; MEKO.ST:33630; EQT.ST:37618; SKA-B.ST:38305,
2022-05-10,66,353844,HUSQ-B.ST:43086; HM-B.ST:38919; HPOL-B.ST:37644; G5EN.ST:54896; BULTEN.ST:33485; ELUX-B.ST:33406; MEKO.ST:33971; EQT.ST:38897; SKA-B.ST:39476,
2022-05-11,66,365785,HUSQ-B.ST:44058; HM-B.ST:39041; HPOL-B.ST:39137; G5EN.ST:57834; BULTEN.ST:34811; ELUX-B.ST:33419; MEKO.ST:36662; EQT.ST:41104; SKA-B.ST:39653,
2022-05-12,57,365551,HUSQ-B.ST:43678; HM-B.ST:40285; G5EN.ST:56512; BULTEN.ST:35584; EQT.ST:40400; SKA-B.ST:39724; PCELL.ST:36409; RATO-B.ST:36504; NEWA-B.ST:36396,SELL HPOL-B.ST 530 @ 74.02 fee 69.00; SELL ELUX-B.ST 227 @ 149.12 fee 69.00; SELL MEKO.ST 343 @ 106.80 fee 69.00; BUY PCELL.ST 285 @ 127.75 fee 69.00; BUY RATO-B.ST 903 @ 40.43 fee 69.00; BUY NEWA-B.ST 531 @ 68.54 fee 69.00
2022-05-13,57,380981,HUSQ-B.ST:44854; HM-B.ST:41678; G5EN.ST:59940; BULTEN.ST:36469; EQT.ST:43647; SKA-B.ST:40610; PCELL.ST:38703; RATO-B.ST:37181; NEWA-B.ST:37842,
2022-05-16,57,378890,HUSQ-B.ST:43134; HM-B.ST:42071; G5EN.ST:60674; BULTEN.ST:35750; EQT.ST:43599; SKA-B.ST:40126; PCELL.ST:37848; RATO-B.ST:38045; NEWA-B.ST:37586,
2022-05-17,57,387641,HUSQ-B.ST:44155; HM-B.ST:42870; G5EN.ST:62388; BULTEN.ST:36579; EQT.ST:44703; SKA-B.ST:40670; PCELL.ST:39145; RATO-B.ST:38346; NEWA-B.ST:38728,
2022-05-18,57,382042,HUSQ-B.ST:42891; HM-B.ST:42039; G5EN.ST:61947; BULTEN.ST:36192; EQT.ST:43391; SKA-B.ST:40185; PCELL.ST:39416; RATO-B.ST:38338; NEWA-B.ST:37586,
2022-05-19,47,380889,HUSQ-B.ST:42298; HM-B.ST:40769; BULTEN.ST:35695; EQT.ST:42496; SKA-B.ST:39133; HPOL-B.ST:60185; HEXA-B.ST:60225; INVE-B.ST:60041,SELL G5EN.ST 299 @ 217.99 fee 69.00; SELL PCELL.ST 285 @ 142.70 fee 69.00; SELL RATO-B.ST 903 @ 42.56 fee 69.00; SELL NEWA-B.ST 531 @ 69.00 fee 69.00; BUY HPOL-B.ST 781 @ 77.06 fee 69.00; BUY HEXA-B.ST 533 @ 112.99 fee 69.00; BUY INVE-B.ST 367 @ 163.60 fee 69.00
2022-05-20,47,381844,HUSQ-B.ST:41987; HM-B.ST:40453; BULTEN.ST:35529; EQT.ST:43151; SKA-B.ST:39345; HPOL-B.ST:59696; HEXA-B.ST:60969; INVE-B.ST:60666,
2022-05-23,47,386001,HUSQ-B.ST:42590; HM-B.ST:41039; BULTEN.ST:34535; EQT.ST:43807; SKA-B.ST:39582; HPOL-B.ST:60220; HEXA-B.ST:62801; INVE-B.ST:61381,
2022-05-24,47,378922,HUSQ-B.ST:41443; HM-B.ST:39234; BULTEN.ST:33706; EQT.ST:43311; SKA-B.ST:38813; HPOL-B.ST:58963; HEXA-B.ST:62190; INVE-B.ST:61214,
2022-05-25,47,376091,HUSQ-B.ST:40792; HM-B.ST:39299; BULTEN.ST:33816; EQT.ST:42112; SKA-B.ST:38884; HPOL-B.ST:59347; HEXA-B.ST:61288; INVE-B.ST:60506,
2022-05-27,61,394856,HUSQ-B.ST:43367; HM-B.ST:42709; BULTEN.ST:34203; SKA-B.ST:40279; NOTE.ST:58571; SAAB-B.ST:58624; NEWA-B.ST:58597; CLAS-B.ST:58444,SELL EQT.ST 167 @ 268.64 fee 69.00; SELL HPOL-B.ST 781 @ 79.88 fee 69.00; SELL HEXA-B.ST 533 @ 120.37 fee 69.00; SELL INVE-B.ST 367 @ 172.75 fee 69.00; BUY NOTE.ST 273 @ 214.55 fee 69.00; BUY SAAB-B.ST 563 @ 104.13 fee 69.00; BUY NEWA-B.ST 847 @ 69.18 fee 69.00; BUY CLAS-B.ST 557 @ 104.93 fee 69.00
2022-05-30,61,399670,HUSQ-B.ST:44048; HM-B.ST:43328; BULTEN.ST:35971; SKA-B.ST:40350; NOTE.ST:57053; SAAB-B.ST:58915; NEWA-B.ST:61500; CLAS-B.ST:58444,
2022-05-31,61,392897,HUSQ-B.ST:42775; HM-B.ST:43393; BULTEN.ST:35474; SKA-B.ST:39818; NOTE.ST:54855; SAAB-B.ST:57380; NEWA-B.ST:60698; CLAS-B.ST:58444,
2022-06-01,61,391217,HUSQ-B.ST:43027; HM-B.ST:43573; BULTEN.ST:35971; SKA-B.ST:40197; NOTE.ST:53808; SAAB-B.ST:59357; NEWA-B.ST:59857; CLAS-B.ST:55365,
2022-06-02,61,397903,HUSQ-B.ST:44320; HM-B.ST:43882; BULTEN.ST:37242; SKA-B.ST:40894; NOTE.ST:54227; SAAB-B.ST:60270; NEWA-B.ST:60469; CLAS-B.ST:56538,
2022-06-03,15,396717,HUSQ-B.ST:44728; SKA-B.ST:40433; NOTE.ST:53442; SAAB-B.ST:60712; NEWA-B.ST:60583; CLAS-B.ST:57125; PCELL.ST:39885; SHB-B.ST:39794,SELL HM-B.ST 369 @ 118.63 fee 69.00; SELL BULTEN.ST 612 @ 59.05 fee 69.00; BUY PCELL.ST 273 @ 146.10 fee 69.00; BUY SHB-B.ST 409 @ 97.30 fee 69.00
2022-06-07,15,398034,HUSQ-B.ST:43912; SKA-B.ST:40303; NOTE.ST:54174; SAAB-B.ST:61514; NEWA-B.ST:60545; CLAS-B.ST:57369; PCELL.ST:40049; SHB-B.ST:40153,
2022-06-08,15,401055,HUSQ-B.ST:43202; SKA-B.ST:40350; NOTE.ST:55012; SAAB-B.ST:61058; NEWA-B.ST:60545; CLAS-B.ST:59763; PCELL.ST:41387; SHB-B.ST:39722,
2022-06-09,15,386254,HUSQ-B.ST:41696; SKA-B.ST:39594; NOTE.ST:54698; SAAB-B.ST:58721; NEWA-B.ST:59246; CLAS-B.ST:55512; PCELL.ST:36691; SHB-B.ST:40081,
2022-06-10,15,379067,HUSQ-B.ST:40646; SKA-B.ST:38979; NOTE.ST:52814; SAAB-B.ST:58016; NEWA-B.ST:57489; CLAS-B.ST:54974; PCELL.ST:36841; SHB-B.ST:39292,
2022-06-13,34,366657,HUSQ-B.ST:39451; SKA-B.ST:38104; NEWA-B.ST:55274; PCELL.ST:34507; HEXA-B.ST:39869; NIBE-B.ST:39903; EQT.ST:39804; ELUX-B.ST:39849; INVE-B.ST:39861,SELL NOTE.ST 273 @ 190.01 fee 69.00; SELL SAAB-B.ST 563 @ 97.67 fee 69.00; SELL CLAS-B.ST 557 @ 96.42 fee 69.00; SELL SHB-B.ST 409 @ 96.24 fee 69.00; BUY HEXA-B.ST 353 @ 112.94 fee 69.00; BUY NIBE-B.ST 531 @ 75.15 fee 69.00; BUY EQT.ST 182 @ 218.71 fee 69.00; BUY ELUX-B.ST 303 @ 131.52 fee 69.00; BUY INVE-B.ST 242 @ 164.72 fee 69.00
2022-06-14,34,355492,HUSQ-B.ST:37750; SKA-B.ST:38341; NEWA-B.ST:54701; PCELL.ST:32555; HEXA-B.ST:38392; NIBE-B.ST:37268; EQT.ST:38280; ELUX-B.ST:39080; INVE-B.ST:39093,
2022-06-15,34,361796,HUSQ-B.ST:38002; SKA-B.ST:38802; NEWA-B.ST:55312; PCELL.ST:34371; HEXA-B.ST:38814; NIBE-B.ST:37869; EQT.ST:38911; ELUX-B.ST:39540; INVE-B.ST:40140,
2022-06-16,34,348991,HUSQ-B.ST:36778; SKA-B.ST:38317; NEWA-B.ST:52600; PCELL.ST:33142; HEXA-B.ST:36932; NIBE-B.ST:36801; EQT.ST:36476; ELUX-B.ST:39377; INVE-B.ST:38534,
2022-06-17,34,353033,HUSQ-B.ST:37215; SKA-B.ST:37596; NEWA-B.ST:53364; PCELL.ST:35804; HEXA-B.ST:36967; NIBE-B.ST:36469; EQT.ST:37790; ELUX-B.ST:39535; INVE-B.ST:38260,
2022-06-20,38,355575,HUSQ-B.ST:37079; SKA-B.ST:37513; PCELL.ST:37524; NIBE-B.ST:37133; EQT.ST:37579; ELUX-B.ST:39966; INVE-B.ST:38209; HPOL-B.ST:90534,SELL NEWA-B.ST 847 @ 62.87 fee 69.00; SELL HEXA-B.ST 353 @ 106.22 fee 69.00; BUY HPOL-B.ST 1143 @ 79.21 fee 69.00
2022-06-21,38,359365,HUSQ-B.ST:37429; SKA-B.ST:37170; PCELL.ST:38752; NIBE-B.ST:38461; EQT.ST:37772; ELUX-B.ST:40007; INVE-B.ST:38232; HPOL-B.ST:91504,
2022-06-22,38,356422,HUSQ-B.ST:37089; SKA-B.ST:36792; PCELL.ST:38711; NIBE-B.ST:38160; EQT.ST:38088; ELUX-B.ST:39383; INVE-B.ST:38242; HPOL-B.ST:89920,
2022-06-23,38,349415,HUSQ-B.ST:36613; SKA-B.ST:35586; PCELL.ST:36077; NIBE-B.ST:37496; EQT.ST:37772; ELUX-B.ST:39255; INVE-B.ST:37885; HPOL-B.ST:88694,
2022-06-27,38,365743,HUSQ-B.ST:38615; SKA-B.ST:36898; PCELL.ST:38630; NIBE-B.ST:39332; EQT.ST:40365; ELUX-B.ST:40573; INVE-B.ST:39431; HPOL-B.ST:91862,
2022-06-28,83,364047,HUSQ-B.ST:38586; SKA-B.ST:37028; PCELL.ST:39803; NIBE-B.ST:38896; EQT.ST:38788; INVE-B.ST:39001; HEXA-B.ST:65978; BEIJ-B.ST:65883,SELL ELUX-B.ST 303 @ 133.58 fee 69.00; SELL HPOL-B.ST 1143 @ 80.24 fee 69.00; BUY HEXA-B.ST 610 @ 108.16 fee 69.00; BUY BEIJ-B.ST 526 @ 125.25 fee 69.00
2022-06-29,83,359706,HUSQ-B.ST:37798; SKA-B.ST:36425; PCELL.ST:37333; NIBE-B.ST:38969; EQT.ST:37387; INVE-B.ST:38777; HEXA-B.ST:65735; BEIJ-B.ST:67200,
2022-06-30,83,356111,HUSQ-B.ST:36564; SKA-B.ST:37076; PCELL.ST:37019; NIBE-B.ST:39841; EQT.ST:36686; INVE-B.ST:38475; HEXA-B.ST:64580; BEIJ-B.ST:65789,
2022-07-01,83,360069,HUSQ-B.ST:36690; SKA-B.ST:36662; PCELL.ST:38493; NIBE-B.ST:40380; EQT.ST:37474; INVE-B.ST:38836; HEXA-B.ST:64580; BEIJ-B.ST:66870,
2022-07-04,83,359968,HUSQ-B.ST:36846; SKA-B.ST:36969; PCELL.ST:37865; NIBE-B.ST:40276; EQT.ST:36721; INVE-B.ST:39225; HEXA-B.ST:64124; BEIJ-B.ST:67858,
2022-07-05,26,361001,HUSQ-B.ST:36846; SKA-B.ST:36662; PCELL.ST:37674; EQT.ST:36633; INVE-B.ST:38914; BEIJ-B.ST:69363; RATO-B.ST:35023; NEWA-B.ST:35033; SAVE.ST:34827,SELL NIBE-B.ST 531 @ 79.13 fee 69.00; SELL HEXA-B.ST 610 @ 103.53 fee 69.00; BUY RATO-B.ST 890 @ 39.35 fee 69.00; BUY NEWA-B.ST 581 @ 60.30 fee 69.00; BUY SAVE.ST 322 @ 108.16 fee 69.00
2022-07-06,26,371120,HUSQ-B.ST:37487; SKA-B.ST:36875; PCELL.ST:37292; EQT.ST:38263; INVE-B.ST:40090; BEIJ-B.ST:71808; RATO-B.ST:36710; NEWA-B.ST:36500; SAVE.ST:36070,
2022-07-07,26,383372,HUSQ-B.ST:39363; SKA-B.ST:37891; PCELL.ST:39421; EQT.ST:39384; INVE-B.ST:40804; BEIJ-B.ST:73830; RATO-B.ST:37987; NEWA-B.ST:37338; SAVE.ST:37327,
2022-07-08,26,384367,HUSQ-B.ST:39781; SKA-B.ST:38210; PCELL.ST:40322; EQT.ST:39314; INVE-B.ST:41165; BEIJ-B.ST:71902; RATO-B.ST:38244; NEWA-B.ST:37548; SAVE.ST:37853,
2022-07-11,26,380031,HUSQ-B.ST:39013; SKA-B.ST:37111; PCELL.ST:40404; EQT.ST:38368; INVE-B.ST:40717; BEIJ-B.ST:71855; RATO-B.ST:37907; NEWA-B.ST:37391; SAVE.ST:37239,
2022-07-12,80,385625,HUSQ-B.ST:40335; PCELL.ST:40663; EQT.ST:38841; INVE-B.ST:41431; BEIJ-B.ST:73031; SAVE.ST:36552; HEXA-B.ST:57409; NIBE-B.ST:57284,SELL SKA-B.ST 266 @ 142.58 fee 69.00; SELL RATO-B.ST 890 @ 43.75 fee 69.00; SELL NEWA-B.ST 581 @ 65.80 fee 69.00; BUY HEXA-B.ST 511 @ 112.35 fee 69.00; BUY NIBE-B.ST 685 @ 83.63 fee 69.00
2022-07-13,80,378189,HUSQ-B.ST:40141; PCELL.ST:40827; EQT.ST:37457; INVE-B.ST:40644; BEIJ-B.ST:70915; SAVE.ST:36260; HEXA-B.ST:56136; NIBE-B.ST:55732,
2022-07-14,80,373301,HUSQ-B.ST:38595; PCELL.ST:39271; EQT.ST:37685; INVE-B.ST:40511; BEIJ-B.ST:71573; SAVE.ST:34286; HEXA-B.ST:55448; NIBE-B.ST:55852,
2022-07-15,80,375102,HUSQ-B.ST:37137; PCELL.ST:39940; EQT.ST:37912; INVE-B.ST:39674; BEIJ-B.ST:73313; SAVE.ST:34622; HEXA-B.ST:55728; NIBE-B.ST:56695,
2022-07-18,80,384697,HUSQ-B.ST:37264; PCELL.ST:46260; EQT.ST:39139; INVE-B.ST:40278; BEIJ-B.ST:71432; SAVE.ST:35572; HEXA-B.ST:56238; NIBE-B.ST:58435,
2022-07-19,25,383755,HUSQ-B.ST:38294; EQT.ST:39577; INVE-B.ST:40493; BEIJ-B.ST:68798; NIBE-B.ST:58489; RATO-B.ST:46089; NOTE.ST:46064; NEWA-B.ST:45927,SELL PCELL.ST 273 @ 165.30 fee 69.00; SELL SAVE.ST 322 @ 112.61 fee 69.00; SELL HEXA-B.ST 511 @ 111.65 fee 69.00; BUY RATO-B.ST 1134 @ 40.64 fee 69.00; BUY NOTE.ST 256 @ 179.94 fee 69.00; BUY NEWA-B.ST 683 @ 67.24 fee 69.00
2022-07-20,25,387731,HUSQ-B.ST:38129; EQT.ST:40260; INVE-B.ST:40282; BEIJ-B.ST:70068; NIBE-B.ST:60590; RATO-B.ST:47040; NOTE.ST:46334; NEWA-B.ST:45002,
2022-07-21,25,398653,HUSQ-B.ST:39130; EQT.ST:43133; INVE-B.ST:41627; BEIJ-B.ST:71479; NIBE-B.ST:62250; RATO-B.ST:48453; NOTE.ST:46506; NEWA-B.ST:46050,
2022-07-22,25,406409,HUSQ-B.ST:39606; EQT.ST:44307; INVE-B.ST:41879; BEIJ-B.ST:73877; NIBE-B.ST:62678; RATO-B.ST:49620; NOTE.ST:47905; NEWA-B.ST:46512,
2022-07-25,25,406266,HUSQ-B.ST:38887; EQT.ST:43834; INVE-B.ST:41751; BEIJ-B.ST:73313; NIBE-B.ST:62865; RATO-B.ST:49517; NOTE.ST:49378; NEWA-B.ST:46697,
2022-07-26,109,392959,HUSQ-B.ST:37487; EQT.ST:41329; BEIJ-B.ST:70632; NIBE-B.ST:61902; NOTE.ST:49034; NEWA-B.ST:43432; HEXA-B.ST:29782; ELUX-B.ST:29727; SAVE.ST:29526,SELL INVE-B.ST 242 @ 169.42 fee 69.00; SELL RATO-B.ST 1134 @ 42.74 fee 69.00; BUY HEXA-B.ST 258 @ 115.43 fee 69.00; BUY ELUX-B.ST 224 @ 132.71 fee 69.00; BUY SAVE.ST 260 @ 113.56 fee 69.00
2022-07-27,109,395869,HUSQ-B.ST:36807; EQT.ST:42537; BEIJ-B.ST:70491; NIBE-B.ST:62638; NOTE.ST:50016; NEWA-B.ST:44171; HEXA-B.ST:29384; ELUX-B.ST:29542; SAVE.ST:30175,
2022-07-28,109,409624,HUSQ-B.ST:37701; EQT.ST:46147; BEIJ-B.ST:73219; NIBE-B.ST:66305; NOTE.ST:50114; NEWA-B.ST:44725; HEXA-B.ST:30052; ELUX-B.ST:30274; SAVE.ST:30978,
2022-07-29,109,423839,HUSQ-B.ST:39227; EQT.ST:47934; BEIJ-B.ST:75570; NIBE-B.ST:68125; NOTE.ST:50948; NEWA-B.ST:47805; HEXA-B.ST:30579; ELUX-B.ST:31443; SAVE.ST:32100,
2022-08-01,109,420382,HUSQ-B.ST:39130; EQT.ST:47373; BEIJ-B.ST:74630; NIBE-B.ST:66921; NOTE.ST:51488; NEWA-B.ST:47990; HEXA-B.ST:30078; ELUX-B.ST:31262; SAVE.ST:31403,
2022-08-02,13,409509,HUSQ-B.ST:37847; NOTE.ST:50506; HEXA-B.ST:29461; SAVE.ST:30352; HOLM-B.ST:65320; SAAB-B.ST:65335; SHB-B.ST:65396; SINT.ST:65278,SELL EQT.ST 182 @ 248.84 fee 69.00; SELL BEIJ-B.ST 526 @ 137.32 fee 69.00; SELL NIBE-B.ST 685 @ 96.37 fee 69.00; SELL NEWA-B.ST 683 @ 69.68 fee 69.00; SELL ELUX-B.ST 224 @ 137.21 fee 69.00; BUY HOLM-B.ST 170 @ 384.24 fee 69.00; BUY SAAB-B.ST 699 @ 93.47 fee 69.00; BUY SHB-B.ST 716 @ 91.34 fee 69.00; BUY SINT.ST 633 @ 103.12 fee 69.00
2022-08-03,13,414298,HUSQ-B.ST:38041; NOTE.ST:51488; HEXA-B.ST:30386; SAVE.ST:31604; HOLM-B.ST:66070; SAAB-B.ST:64357; SHB-B.ST:65522; SINT.ST:66817,
2022-08-04,13,414788,HUSQ-B.ST:38498; NOTE.ST:52028; HEXA-B.ST:30926; SAVE.ST:32347; HOLM-B.ST:65990; SAAB-B.ST:63996; SHB-B.ST:65271; SINT.ST:65718,
2022-08-05,13,409915,HUSQ-B.ST:37633; NOTE.ST:49819; HEXA-B.ST:29859; SAVE.ST:31131; HOLM-B.ST:65847; SAAB-B.ST:63069; SHB-B.ST:66275; SINT.ST:66267,
2022-08-08,13,411841,HUSQ-B.ST:38236; NOTE.ST:48862; HEXA-B.ST:30219; SAVE.ST:31320; HOLM-B.ST:67140; SAAB-B.ST:63619; SHB-B.ST:66275; SINT.ST:66157,
2022-08-09,430,406703,HUSQ-B.ST:36642; NOTE.ST:47292; HOLM-B.ST:66629; SAAB-B.ST:64151; SHB-B.ST:66651; AZN.ST:41394; CEVI.ST:41739; CLAS-B.ST:41776,SELL HEXA-B.ST 258 @ 114.39 fee 69.00; SELL SAVE.ST 260 @ 116.92 fee 69.00; SELL SINT.ST 633 @ 103.99 fee 69.00; BUY AZN.ST 31 @ 1335.28 fee 69.00; BUY CEVI.ST 126 @ 331.26 fee 69.00; BUY CLAS-B.ST 471 @ 88.70 fee 69.00
2022-08-10,430,414079,HUSQ-B.ST:38391; NOTE.ST:48690; HOLM-B.ST:68752; SAAB-B.ST:63653; SHB-B.ST:66526; AZN.ST:41409; CEVI.ST:43625; CLAS-B.ST:42602,
2022-08-11,430,408098,HUSQ-B.ST:38498; NOTE.ST:48175; HOLM-B.ST:65767; SAAB-B.ST:64031; SHB-B.ST:66400; AZN.ST:40013; CEVI.ST:43503; CLAS-B.ST:41280,
2022-08-12,430,414370,HUSQ-B.ST:38323; NOTE.ST:48862; HOLM-B.ST:69917; SAAB-B.ST:63533; SHB-B.ST:66526; AZN.ST:41201; CEVI.ST:44173; CLAS-B.ST:41404,
2022-08-15,430,414653,HUSQ-B.ST:38197; NOTE.ST:48028; HOLM-B.ST:69806; SAAB-B.ST:64082; SHB-B.ST:65271; AZN.ST:42389; CEVI.ST:44964; CLAS-B.ST:41487,
2022-08-16,76,416994,HUSQ-B.ST:38459; NOTE.ST:47954; HOLM-B.ST:69933; SAAB-B.ST:65232; AZN.ST:42620; CLAS-B.ST:41569; G5EN.ST:55573; SINT.ST:55576,SELL SHB-B.ST 716 @ 93.26 fee 69.00; SELL CEVI.ST 126 @ 351.54 fee 69.00; BUY G5EN.ST 368 @ 151.01 fee 69.00; BUY SINT.ST 530 @ 104.86 fee 69.00
2022-08-17,76,411480,HUSQ-B.ST:36972; NOTE.ST:46408; HOLM-B.ST:69311; SAAB-B.ST:65335; AZN.ST:42836; CLAS-B.ST:40722; G5EN.ST:54611; SINT.ST:55208,
2022-08-18,76,415979,HUSQ-B.ST:38226; NOTE.ST:47439; HOLM-B.ST:71657; SAAB-B.ST:65147; AZN.ST:42867; CLAS-B.ST:40867; G5EN.ST:54952; SINT.ST:54748,
2022-08-19,76,412729,HUSQ-B.ST:36719; NOTE.ST:46089; HOLM-B.ST:73716; SAAB-B.ST:63584; AZN.ST:43561; CLAS-B.ST:40660; G5EN.ST:55138; SINT.ST:53184,
2022-08-22,76,408094,HUSQ-B.ST:35563; NOTE.ST:45500; HOLM-B.ST:72934; SAAB-B.ST:63825; AZN.ST:44610; CLAS-B.ST:39730; G5EN.ST:54052; SINT.ST:51804,
2022-08-23,75,409390,HUSQ-B.ST:35475; NOTE.ST:45107; SAAB-B.ST:63945; CLAS-B.ST:39896; G5EN.ST:56318; RATO-B.ST:56271; SHB-B.ST:56208; BEIJ-B.ST:56095,SELL HOLM-B.ST 170 @ 430.81 fee 69.00; SELL AZN.ST 31 @ 1405.70 fee 69.00; SELL SINT.ST 530 @ 98.44 fee 69.00; BUY RATO-B.ST 1387 @ 40.57 fee 69.00; BUY SHB-B.ST 625 @ 89.93 fee 69.00; BUY BEIJ-B.ST 440 @ 127.49 fee 69.00
2022-08-24,75,409275,HUSQ-B.ST:35087; NOTE.ST:45721; SAAB-B.ST:63670; CLAS-B.ST:40164; G5EN.ST:55200; RATO-B.ST:56772; SHB-B.ST:56099; BEIJ-B.ST:56488,
2022-08-25,75,410884,HUSQ-B.ST:35631; NOTE.ST:45475; SAAB-B.ST:64031; CLAS-B.ST:40164; G5EN.ST:55014; RATO-B.ST:56909; SHB-B.ST:56427; BEIJ-B.ST:57157,
2022-08-26,75,404364,HUSQ-B.ST:34989; NOTE.ST:44813; SAAB-B.ST:63687; CLAS-B.ST:39730; G5EN.ST:53803; RATO-B.ST:55520; SHB-B.ST:55770; BEIJ-B.ST:55977,
2022-08-29,75,397192,HUSQ-B.ST:35116; NOTE.ST:43218; SAAB-B.ST:62091; CLAS-B.ST:39689; G5EN.ST:52965; RATO-B.ST:55420; SHB-B.ST:55003; BEIJ-B.ST:53616,
2022-08-30,151,399135,HUSQ-B.ST:35475; NOTE.ST:43316; SAAB-B.ST:61576; CLAS-B.ST:39772; G5EN.ST:53648; RATO-B.ST:56146; SHB-B.ST:54784; EMBRAC-B.ST:54267,SELL BEIJ-B.ST 440 @ 123.82 fee 69.00; BUY EMBRAC-B.ST 138 @ 393.24 fee 69.00
2022-08-31,151,401120,HUSQ-B.ST:34989; NOTE.ST:43708; SAAB-B.ST:61250; CLAS-B.ST:39813; G5EN.ST:54797; RATO-B.ST:56321; SHB-B.ST:55003; EMBRAC-B.ST:55087,
2022-09-01,151,389018,HUSQ-B.ST:33843; NOTE.ST:42138; SAAB-B.ST:58692; CLAS-B.ST:39214; G5EN.ST:53151; RATO-B.ST:54018; SHB-B.ST:53743; EMBRAC-B.ST:54068,
2022-09-02,151,391667,HUSQ-B.ST:34892; NOTE.ST:41892; SAAB-B.ST:59224; CLAS-B.ST:39854; G5EN.ST:51723; RATO-B.ST:54719; SHB-B.ST:54893; EMBRAC-B.ST:54317,
2022-09-05,151,387693,HUSQ-B.ST:33386; NOTE.ST:39905; SAAB-B.ST:62125; CLAS-B.ST:39193; G5EN.ST:51692; RATO-B.ST:54068; SHB-B.ST:54181; EMBRAC-B.ST:52992,
2022-09-06,100,389658,SAAB-B.ST:62108; CLAS-B.ST:38801; G5EN.ST:52748; RATO-B.ST:54193; SHB-B.ST:53688; EMBRAC-B.ST:54449; VOLV-B.ST:24483; HEXA-B.ST:24572; BEIJ-B.ST:24516,SELL HUSQ-B.ST 549 @ 61.68 fee 69.00; SELL NOTE.ST 256 @ 156.26 fee 69.00; BUY VOLV-B.ST 161 @ 152.07 fee 69.00; BUY HEXA-B.ST 225 @ 109.21 fee 69.00; BUY BEIJ-B.ST 197 @ 124.45 fee 69.00
2022-09-07,100,381293,SAAB-B.ST:60752; CLAS-B.ST:33470; G5EN.ST:51475; RATO-B.ST:54168; SHB-B.ST:53688; EMBRAC-B.ST:54400; VOLV-B.ST:24610; HEXA-B.ST:24572; BEIJ-B.ST:24058,
2022-09-08,100,385231,SAAB-B.ST:62142; CLAS-B.ST:33429; G5EN.ST:52437; RATO-B.ST:54205; SHB-B.ST:54784; EMBRAC-B.ST:53630; VOLV-B.ST:24687; HEXA-B.ST:25054; BEIJ-B.ST:24763,
2022-09-09,100,392938,SAAB-B.ST:60958; CLAS-B.ST:33966; G5EN.ST:54455; RATO-B.ST:55683; SHB-B.ST:55660; EMBRAC-B.ST:55890; VOLV-B.ST:25024; HEXA-B.ST:25558; BEIJ-B.ST:25643,
2022-09-12,100,399996,SAAB-B.ST:60615; CLAS-B.ST:33848; G5EN.ST:55356; RATO-B.ST:57110; SHB-B.ST:56975; EMBRAC-B.ST:58068; VOLV-B.ST:25560; HEXA-B.ST:26264; BEIJ-B.ST:26101,
2022-09-13,15,390258,SAAB-B.ST:60254; CLAS-B.ST:32318; G5EN.ST:55138; RATO-B.ST:54456; NOTE.ST:47007; HUSQ-B.ST:47083; ELUX-B.ST:46995; MEKO.ST:46991,SELL SHB-B.ST 625 @ 91.86 fee 69.00; SELL EMBRAC-B.ST 138 @ 403.26 fee 69.00; SELL VOLV-B.ST 161 @ 157.30 fee 69.00; SELL HEXA-B.ST 225 @ 112.84 fee 69.00; SELL BEIJ-B.ST 197 @ 126.06 fee 69.00; BUY NOTE.ST 297 @ 158.27 fee 69.00; BUY HUSQ-B.ST 792 @ 59.45 fee 69.00; BUY ELUX-B.ST 394 @ 119.28 fee 69.00; BUY MEKO.ST 536 @ 87.67 fee 69.00
2022-09-14,15,387779,SAAB-B.ST:58503; CLAS-B.ST:32210; G5EN.ST:56287; RATO-B.ST:54506; NOTE.ST:46637; HUSQ-B.ST:46943; ELUX-B.ST:46730; MEKO.ST:45948,
2022-09-15,15,387010,SAAB-B.ST:58949; CLAS-B.ST:32490; G5EN.ST:54828; RATO-B.ST:54318; NOTE.ST:46723; HUSQ-B.ST:46593; ELUX-B.ST:46252; MEKO.ST:46842,
2022-09-16,15,380626,SAAB-B.ST:57765; CLAS-B.ST:32146; G5EN.ST:52841; RATO-B.ST:53842; NOTE.ST:45868; HUSQ-B.ST:45387; ELUX-B.ST:46267; MEKO.ST:46494,
2022-09-19,15,378253,SAAB-B.ST:58555; CLAS-B.ST:31952; G5EN.ST:52810; RATO-B.ST:51702; NOTE.ST:45242; HUSQ-B.ST:45920; ELUX-B.ST:45539; MEKO.ST:46519,
2022-09-20,15,369623,SAAB-B.ST:57885; CLAS-B.ST:30206; G5EN.ST:53276; RATO-B.ST:48985; NOTE.ST:44872; HUSQ-B.ST:44854; ELUX-B.ST:44501; MEKO.ST:45029,
2022-09-21,15,376756,SAAB-B.ST:61130; CLAS-B.ST:30422; G5EN.ST:54083; RATO-B.ST:50224; NOTE.ST:45897; HUSQ-B.ST:44868; ELUX-B.ST:44864; MEKO.ST:45252,
2022-09-22,15,371044,SAAB-B.ST:61009; CLAS-B.ST:30293; G5EN.ST:54455; RATO-B.ST:48322; NOTE.ST:45071; HUSQ-B.ST:43662; ELUX-B.ST:44008; MEKO.ST:44209,
2022-09-23,15,367771,SAAB-B.ST:58640; CLAS-B.ST:29797; G5EN.ST:55449; RATO-B.ST:48121; NOTE.ST:44132; HUSQ-B.ST:43115; ELUX-B.ST:44789; MEKO.ST:43712,
2022-09-26,15,364885,SAAB-B.ST:58228; CLAS-B.ST:29086; G5EN.ST:55728; RATO-B.ST:47145; NOTE.ST:42793; HUSQ-B.ST:43087; ELUX-B.ST:45213; MEKO.ST:43588,
2022-09-27,113,363905,SAAB-B.ST:57971; CLAS-B.ST:28892; RATO-B.ST:46732; NOTE.ST:43648; HUSQ-B.ST:43620; ELUX-B.ST:44773; MEKO.ST:42942; BEIJ-B.ST:55213,SELL G5EN.ST 368 @ 150.68 fee 69.00; BUY BEIJ-B.ST 484 @ 114.08 fee 69.00
2022-09-28,113,370333,SAAB-B.ST:57919; CLAS-B.ST:29086; RATO-B.ST:47545; NOTE.ST:43221; HUSQ-B.ST:44251; ELUX-B.ST:46161; MEKO.ST:44010; BEIJ-B.ST:58026,
2022-09-29,113,365085,SAAB-B.ST:58503; CLAS-B.ST:28332; RATO-B.ST:45868; NOTE.ST:42765; HUSQ-B.ST:42807; ELUX-B.ST:45200; MEKO.ST:43861; BEIJ-B.ST:57637,
2022-09-30,113,376108,SAAB-B.ST:59670; CLAS-B.ST:28720; RATO-B.ST:47683; NOTE.ST:45498; HUSQ-B.ST:43536; ELUX-B.ST:45791; MEKO.ST:45600; BEIJ-B.ST:59497,
2022-10-03,113,382009,SAAB-B.ST:60426; CLAS-B.ST:28849; RATO-B.ST:48509; NOTE.ST:45982; HUSQ-B.ST:44265; ELUX-B.ST:46602; MEKO.ST:47289; BEIJ-B.ST:59973,
2022-10-04,44,394210,SAAB-B.ST:60357; CLAS-B.ST:29948; RATO-B.ST:50613; HUSQ-B.ST:46214; ELUX-B.ST:47887; BULTEN.ST:53111; CEVI.ST:52985; SINT.ST:53052,SELL NOTE.ST 297 @ 158.27 fee 69.00; SELL MEKO.ST 536 @ 90.87 fee 69.00; SELL BEIJ-B.ST 484 @ 131.78 fee 69.00; BUY BULTEN.ST 987 @ 53.81 fee 69.00; BUY CEVI.ST 209 @ 253.52 fee 69.00; BUY SINT.ST 644 @ 82.38 fee 69.00
2022-10-05,44,380610,SAAB-B.ST:60597; CLAS-B.ST:28784; RATO-B.ST:47583; HUSQ-B.ST:43971; ELUX-B.ST:46390; BULTEN.ST:49903; CEVI.ST:51572; SINT.ST:51766,
2022-10-06,44,388414,SAAB-B.ST:60306; CLAS-B.ST:29000; RATO-B.ST:48672; HUSQ-B.ST:43887; ELUX-B.ST:46760; BULTEN.ST:51151; CEVI.ST:52581; SINT.ST:56015,
2022-10-07,44,386601,SAAB-B.ST:60460; CLAS-B.ST:29603; RATO-B.ST:46844; HUSQ-B.ST:42667; ELUX-B.ST:45822; BULTEN.ST:51062; CEVI.ST:54196; SINT.ST:55903,
2022-10-10,44,386606,SAAB-B.ST:61215; CLAS-B.ST:29539; RATO-B.ST:46957; HUSQ-B.ST:43942; ELUX-B.ST:46382; BULTEN.ST:47675; CEVI.ST:55508; SINT.ST:55344,
2022-10-11,101,388722,SAAB-B.ST:61387; CLAS-B.ST:29302; RATO-B.ST:47358; HUSQ-B.ST:43899; CEVI.ST:56315; EMBRAC-B.ST:37511; NOTE.ST:37561; BEIJ-B.ST:37606; INVE-B.ST:37682,SELL ELUX-B.ST 394 @ 119.66 fee 69.00; SELL BULTEN.ST 987 @ 48.94 fee 69.00; SELL SINT.ST 644 @ 86.11 fee 69.00; BUY EMBRAC-B.ST 106 @ 353.88 fee 69.00; BUY NOTE.ST 251 @ 149.65 fee 69.00; BUY BEIJ-B.ST 313 @ 120.15 fee 69.00; BUY INVE-B.ST 247 @ 152.56 fee 69.00
2022-10-12,101,388055,SAAB-B.ST:62812; CLAS-B.ST:29689; RATO-B.ST:46569; HUSQ-B.ST:43711; CEVI.ST:56315; EMBRAC-B.ST:37149; NOTE.ST:36093; BEIJ-B.ST:37999; INVE-B.ST:37617,
2022-10-13,101,398001,SAAB-B.ST:64048; CLAS-B.ST:30056; RATO-B.ST:48046; HUSQ-B.ST:44435; CEVI.ST:60251; EMBRAC-B.ST:37817; NOTE.ST:36069; BEIJ-B.ST:38842; INVE-B.ST:38336,
2022-10-14,101,399832,SAAB-B.ST:63481; CLAS-B.ST:30077; RATO-B.ST:48447; HUSQ-B.ST:44972; CEVI.ST:60554; EMBRAC-B.ST:38351; NOTE.ST:36502; BEIJ-B.ST:39010; INVE-B.ST:38336,
2022-10-17,101,410315,SAAB-B.ST:64443; CLAS-B.ST:30637; RATO-B.ST:48722; HUSQ-B.ST:45595; CEVI.ST:64288; EMBRAC-B.ST:38453; NOTE.ST:38500; BEIJ-B.ST:39937; INVE-B.ST:39639,
2022-10-18,77,412876,CLAS-B.ST:30831; RATO-B.ST:48960; HUSQ-B.ST:47059; NOTE.ST:37008; PCELL.ST:49826; BULTEN.ST:49850; EQT.ST:49831; ELUX-B.ST:49872; MEKO.ST:49562,SELL SAAB-B.ST 699 @ 92.27 fee 69.00; SELL CEVI.ST 209 @ 311.46 fee 69.00; SELL EMBRAC-B.ST 106 @ 364.14 fee 69.00; SELL BEIJ-B.ST 313 @ 130.38 fee 69.00; SELL INVE-B.ST 247 @ 164.41 fee 69.00; BUY PCELL.ST 418 @ 119.20 fee 69.00; BUY BULTEN.ST 939 @ 53.09 fee 69.00; BUY EQT.ST 241 @ 206.77 fee 69.00; BUY ELUX-B.ST 396 @ 125.94 fee 69.00; BUY MEKO.ST 505 @ 98.14 fee 69.00
2022-10-19,77,399991,CLAS-B.ST:30228; RATO-B.ST:48209; HUSQ-B.ST:46219; NOTE.ST:36093; PCELL.ST:48195; BULTEN.ST:48494; EQT.ST:46027; ELUX-B.ST:48573; MEKO.ST:47877,
2022-10-20,77,397967,CLAS-B.ST:30400; RATO-B.ST:49098; HUSQ-B.ST:45972; NOTE.ST:34674; PCELL.ST:49470; BULTEN.ST:47985; EQT.ST:45783; ELUX-B.ST:48035; MEKO.ST:46473,
2022-10-21,77,392207,CLAS-B.ST:29991; RATO-B.ST:47821; HUSQ-B.ST:43725; NOTE.ST:34409; PCELL.ST:48258; BULTEN.ST:49087; EQT.ST:45308; ELUX-B.ST:47948; MEKO.ST:45583,
2022-10-24,77,404150,CLAS-B.ST:30831; RATO-B.ST:49624; HUSQ-B.ST:44232; NOTE.ST:36045; PCELL.ST:49240; BULTEN.ST:48833; EQT.ST:48231; ELUX-B.ST:49207; MEKO.ST:47830,
2022-10-25,261,416293,CLAS-B.ST:31564; RATO-B.ST:51226; HUSQ-B.ST:46306; PCELL.ST:49366; BULTEN.ST:49765; EQT.ST:51966; MEKO.ST:48111; EMBRAC-B.ST:43738; NIBE-B.ST:43991,SELL NOTE.ST 251 @ 150.70 fee 69.00; SELL ELUX-B.ST 396 @ 127.18 fee 69.00; BUY EMBRAC-B.ST 134 @ 326.40 fee 69.00; BUY NIBE-B.ST 508 @ 86.60 fee 69.00
2022-10-26,261,425194,CLAS-B.ST:31607; RATO-B.ST:51677; HUSQ-B.ST:46973; PCELL.ST:51811; BULTEN.ST:52393; EQT.ST:52870; MEKO.ST:47128; EMBRAC-B.ST:44220; NIBE-B.ST:46254,
2022-10-27,261,422862,CLAS-B.ST:31736; RATO-B.ST:51238; HUSQ-B.ST:48567; PCELL.ST:50348; BULTEN.ST:51630; EQT.ST:51525; MEKO.ST:48298; EMBRAC-B.ST:43271; NIBE-B.ST:45986,
2022-10-28,261,422728,CLAS-B.ST:31499; RATO-B.ST:51739; HUSQ-B.ST:48045; PCELL.ST:50829; BULTEN.ST:52648; EQT.ST:50411; MEKO.ST:49562; EMBRAC-B.ST:42572; NIBE-B.ST:45162,
2022-10-31,261,420667,CLAS-B.ST:31779; RATO-B.ST:51789; HUSQ-B.ST:47552; PCELL.ST:50787; BULTEN.ST:52733; EQT.ST:50481; MEKO.ST:48813; EMBRAC-B.ST:42749; NIBE-B.ST:43723,
2022-11-01,51,426354,CLAS-B.ST:32016; HUSQ-B.ST:47349; PCELL.ST:51999; MEKO.ST:49562; EMBRAC-B.ST:44043; NIBE-B.ST:43773; NOTE.ST:52587; CEVI.ST:52535; ELUX-B.ST:52438,SELL RATO-B.ST 1387 @ 37.28 fee 69.00; SELL BULTEN.ST 939 @ 57.51 fee 69.00; SELL EQT.ST 241 @ 216.01 fee 69.00; BUY NOTE.ST 345 @ 152.43 fee 69.00; BUY CEVI.ST 266 @ 197.50 fee 69.00; BUY ELUX-B.ST 396 @ 132.42 fee 69.00
2022-11-02,51,430229,CLAS-B.ST:31973; HUSQ-B.ST:48306; PCELL.ST:51121; MEKO.ST:50451; EMBRAC-B.ST:44252; NIBE-B.ST:44110; NOTE.ST:53711; CEVI.ST:53434; ELUX-B.ST:52818,
2022-11-03,51,421983,CLAS-B.ST:31499; HUSQ-B.ST:47799; PCELL.ST:51268; MEKO.ST:51012; EMBRAC-B.ST:41213; NIBE-B.ST:42889; NOTE.ST:53447; CEVI.ST:50866; ELUX-B.ST:51939,
2022-11-04,51,429102,CLAS-B.ST:31736; HUSQ-B.ST:48843; PCELL.ST:51456; MEKO.ST:52604; EMBRAC-B.ST:42379; NIBE-B.ST:43673; NOTE.ST:53711; CEVI.ST:51379; ELUX-B.ST:53270,
2022-11-07,51,434420,CLAS-B.ST:31844; HUSQ-B.ST:50191; PCELL.ST:52438; MEKO.ST:52416; EMBRAC-B.ST:42596; NIBE-B.ST:43713; NOTE.ST:54704; CEVI.ST:52278; ELUX-B.ST:54189,
2022-11-08,23,443418,CLAS-B.ST:31672; PCELL.ST:53567; EMBRAC-B.ST:43295; NIBE-B.ST:45539; NOTE.ST:54671; CEVI.ST:53563; HM-B.ST:40343; BULTEN.ST:40317; RATO-B.ST:40311; SINT.ST:40117,SELL HUSQ-B.ST 792 @ 66.28 fee 69.00; SELL MEKO.ST 505 @ 104.44 fee 69.00; SELL ELUX-B.ST 396 @ 142.18 fee 69.00; BUY HM-B.ST 390 @ 103.44 fee 69.00; BUY BULTEN.ST 687 @ 58.69 fee 69.00; BUY RATO-B.ST 1044 @ 38.61 fee 69.00; BUY SINT.ST 444 @ 90.35 fee 69.00
2022-11-09,23,439770,CLAS-B.ST:31801; PCELL.ST:49596; EMBRAC-B.ST:42323; NIBE-B.ST:45549; NOTE.ST:54241; CEVI.ST:53948; HM-B.ST:40289; BULTEN.ST:40441; RATO-B.ST:40970; SINT.ST:40589,
2022-11-10,23,461196,CLAS-B.ST:32318; PCELL.ST:51602; EMBRAC-B.ST:46913; NIBE-B.ST:48289; NOTE.ST:56490; CEVI.ST:55233; HM-B.ST:42219; BULTEN.ST:42054; RATO-B.ST:42713; SINT.ST:43342,
2022-11-11,23,470127,CLAS-B.ST:32857; PCELL.ST:52166; EMBRAC-B.ST:48602; NIBE-B.ST:48994; NOTE.ST:56457; CEVI.ST:57288; HM-B.ST:43375; BULTEN.ST:41434; RATO-B.ST:43703; SINT.ST:45230,
2022-11-14,23,465336,CLAS-B.ST:33244; PCELL.ST:50745; EMBRAC-B.ST:48312; NIBE-B.ST:48487; NOTE.ST:55663; CEVI.ST:56774; HM-B.ST:43550; BULTEN.ST:40690; RATO-B.ST:43797; SINT.ST:44050,
2022-11-15,162,461053,CLAS-B.ST:33094; PCELL.ST:51351; NIBE-B.ST:47673; NOTE.ST:56060; CEVI.ST:55875; BULTEN.ST:39821; SINT.ST:42319; HOLM-B.ST:44746; ELAN-B.ST:44978; NEWA-B.ST:44973,SELL EMBRAC-B.ST 134 @ 357.48 fee 69.00; SELL HM-B.ST 390 @ 112.15 fee 69.00; SELL RATO-B.ST 1044 @ 41.77 fee 69.00; BUY HOLM-B.ST 116 @ 385.74 fee 69.00; BUY ELAN-B.ST 353 @ 127.42 fee 69.00; BUY NEWA-B.ST 531 @ 84.70 fee 69.00
2022-11-16,162,452871,CLAS-B.ST:32684; PCELL.ST:48760; NIBE-B.ST:47455; NOTE.ST:53612; CEVI.ST:55104; BULTEN.ST:38519; SINT.ST:42713; HOLM-B.ST:46107; ELAN-B.ST:43931; NEWA-B.ST:43824,
2022-11-17,162,450301,CLAS-B.ST:32404; PCELL.ST:48216; NIBE-B.ST:48140; NOTE.ST:51595; CEVI.ST:53948; BULTEN.ST:38953; SINT.ST:42870; HOLM-B.ST:46118; ELAN-B.ST:43376; NEWA-B.ST:44518,
2022-11-18,162,461302,CLAS-B.ST:33158; PCELL.ST:50139; NIBE-B.ST:49063; NOTE.ST:52653; CEVI.ST:54847; BULTEN.ST:39635; SINT.ST:46331; HOLM-B.ST:45650; ELAN-B.ST:43253; NEWA-B.ST:46410,
2022-11-21,162,459626,CLAS-B.ST:33180; PCELL.ST:48739; NIBE-B.ST:48646; NOTE.ST:53149; CEVI.ST:52792; BULTEN.ST:39015; SINT.ST:45781; HOLM-B.ST:45933; ELAN-B.ST:43808; NEWA-B.ST:48422,
2022-11-22,97,465472,CLAS-B.ST:33697; PCELL.ST:49324; NIBE-B.ST:50249; NOTE.ST:52091; CEVI.ST:54462; ELAN-B.ST:42822; NEWA-B.ST:48374; EMBRAC-B.ST:44732; HPOL-B.ST:44853; BEIJ-B.ST:44771,SELL BULTEN.ST 687 @ 58.60 fee 69.00; SELL SINT.ST 444 @ 108.07 fee 69.00; SELL HOLM-B.ST 116 @ 400.57 fee 69.00; BUY EMBRAC-B.ST 181 @ 247.14 fee 69.00; BUY HPOL-B.ST 444 @ 101.02 fee 69.00; BUY BEIJ-B.ST 280 @ 159.90 fee 69.00
2022-11-23,97,476334,CLAS-B.ST:34128; PCELL.ST:50954; NIBE-B.ST:52061; NOTE.ST:52852; CEVI.ST:56517; ELAN-B.ST:43438; NEWA-B.ST:48949; EMBRAC-B.ST:45894; HPOL-B.ST:45845; BEIJ-B.ST:45600,
2022-11-24,97,482366,CLAS-B.ST:34235; PCELL.ST:52417; NIBE-B.ST:51366; NOTE.ST:53050; CEVI.ST:57159; ELAN-B.ST:43869; NEWA-B.ST:49859; EMBRAC-B.ST:48832; HPOL-B.ST:45806; BEIJ-B.ST:45675,
2022-11-25,97,486772,CLAS-B.ST:34408; PCELL.ST:51226; NIBE-B.ST:51540; NOTE.ST:54637; CEVI.ST:57673; ELAN-B.ST:43007; NEWA-B.ST:51152; EMBRAC-B.ST:51237; HPOL-B.ST:45567; BEIJ-B.ST:46228,
2022-11-28,97,484190,CLAS-B.ST:34429; PCELL.ST:51142; NIBE-B.ST:49778; NOTE.ST:54241; CEVI.ST:57930; ELAN-B.ST:43376; NEWA-B.ST:50817; EMBRAC-B.ST:50781; HPOL-B.ST:45647; BEIJ-B.ST:45952,
2022-11-29,48,476409,CLAS-B.ST:33072; PCELL.ST:49721; NIBE-B.ST:48567; CEVI.ST:57545; NEWA-B.ST:50194; EMBRAC-B.ST:48789; HPOL-B.ST:45250; BEIJ-B.ST:45927; SHB-B.ST:48680; SAAB-B.ST:48618,SELL NOTE.ST 345 @ 154.63 fee 69.00; SELL ELAN-B.ST 353 @ 125.15 fee 69.00; BUY SHB-B.ST 445 @ 109.39 fee 69.00; BUY SAAB-B.ST 513 @ 94.77 fee 69.00
2022-11-30,48,476923,CLAS-B.ST:33244; PCELL.ST:51811; NIBE-B.ST:48626; CEVI.ST:56517; NEWA-B.ST:50385; EMBRAC-B.ST:48224; HPOL-B.ST:44813; BEIJ-B.ST:45223; SHB-B.ST:49148; SAAB-B.ST:48882,
2022-12-01,48,490105,CLAS-B.ST:33395; PCELL.ST:54047; NIBE-B.ST:51540; CEVI.ST:57930; NEWA-B.ST:51343; EMBRAC-B.ST:51840; HPOL-B.ST:45528; BEIJ-B.ST:45776; SHB-B.ST:49460; SAAB-B.ST:49197,
2022-12-02,48,491110,CLAS-B.ST:33094; PCELL.ST:54758; NIBE-B.ST:52135; CEVI.ST:58958; NEWA-B.ST:50146; EMBRAC-B.ST:52780; HPOL-B.ST:46004; BEIJ-B.ST:44771; SHB-B.ST:48602; SAAB-B.ST:49815,
2022-12-05,48,492478,CLAS-B.ST:33137; PCELL.ST:54925; NIBE-B.ST:53103; CEVI.ST:57416; NEWA-B.ST:50864; EMBRAC-B.ST:52970; HPOL-B.ST:46083; BEIJ-B.ST:45072; SHB-B.ST:49070; SAAB-B.ST:49789,
2022-12-06,551,484100,NIBE-B.ST:52110; CEVI.ST:53948; NEWA-B.ST:50290; HPOL-B.ST:45647; BEIJ-B.ST:43992; SHB-B.ST:48446; SAAB-B.ST:50130; AZN.ST:69196; EQT.ST:69791,SELL CLAS-B.ST 471 @ 68.66 fee 69.00; SELL PCELL.ST 418 @ 129.60 fee 69.00; SELL EMBRAC-B.ST 181 @ 294.60 fee 69.00; BUY AZN.ST 49 @ 1412.17 fee 69.00; BUY EQT.ST 312 @ 223.69 fee 69.00
2022-12-07,551,483318,NIBE-B.ST:51738; CEVI.ST:55490; NEWA-B.ST:49523; HPOL-B.ST:45210; BEIJ-B.ST:43816; SHB-B.ST:47353; SAAB-B.ST:50356; AZN.ST:69489; EQT.ST:69791,
2022-12-08,551,484781,NIBE-B.ST:50621; CEVI.ST:55104; NEWA-B.ST:49236; HPOL-B.ST:45329; BEIJ-B.ST:43992; SHB-B.ST:47899; SAAB-B.ST:50734; AZN.ST:69830; EQT.ST:71483,
2022-12-09,551,495992,NIBE-B.ST:51961; CEVI.ST:60499; NEWA-B.ST:50146; HPOL-B.ST:45964; BEIJ-B.ST:44595; SHB-B.ST:48290; SAAB-B.ST:50155; AZN.ST:70293; EQT.ST:73538,
2022-12-12,551,497847,NIBE-B.ST:51887; CEVI.ST:63710; NEWA-B.ST:50529; HPOL-B.ST:46123; BEIJ-B.ST:44520; SHB-B.ST:48290; SAAB-B.ST:50306; AZN.ST:70025; EQT.ST:71906,
2022-12-13,186,503449,NIBE-B.ST:52880; NEWA-B.ST:51104; HPOL-B.ST:46917; BEIJ-B.ST:45047; SHB-B.ST:48524; SAAB-B.ST:49739; MEKO.ST:104641; INVE-B.ST:104412,SELL CEVI.ST 266 @ 244.34 fee 69.00; SELL AZN.ST 49 @ 1424.11 fee 69.00; SELL EQT.ST 312 @ 238.02 fee 69.00; BUY MEKO.ST 987 @ 106.02 fee 72.20; BUY INVE-B.ST 557 @ 187.45 fee 72.04
2022-12-14,186,508616,NIBE-B.ST:53004; NEWA-B.ST:51870; HPOL-B.ST:46877; BEIJ-B.ST:45399; SHB-B.ST:49070; SAAB-B.ST:50394; MEKO.ST:106927; INVE-B.ST:104888,
2022-12-15,186,491465,NIBE-B.ST:50547; NEWA-B.ST:50098; HPOL-B.ST:45051; BEIJ-B.ST:39947; SHB-B.ST:48524; SAAB-B.ST:51100; MEKO.ST:103909; INVE-B.ST:102103,
2022-12-16,186,489303,NIBE-B.ST:49182; NEWA-B.ST:50338; HPOL-B.ST:44813; BEIJ-B.ST:39193; SHB-B.ST:48758; SAAB-B.ST:51263; MEKO.ST:105372; INVE-B.ST:100197,
2022-12-19,186,489461,NIBE-B.ST:48835; NEWA-B.ST:50864; HPOL-B.ST:44932; BEIJ-B.ST:37761; SHB-B.ST:48758; SAAB-B.ST:51251; MEKO.ST:106836; INVE-B.ST:100038,
2022-12-20,108,482273,NIBE-B.ST:47693; NEWA-B.ST:49188; HPOL-B.ST:44813; SAAB-B.ST:51377; MEKO.ST:103726; INVE-B.ST:99508; PCELL.ST:42979; CEVI.ST:42880,SELL BEIJ-B.ST 280 @ 131.54 fee 69.00; SELL SHB-B.ST 445 @ 110.62 fee 69.00; BUY PCELL.ST 365 @ 117.75 fee 69.00; BUY CEVI.ST 185 @ 231.79 fee 69.00
2022-12-21,108,489905,NIBE-B.ST:48656; NEWA-B.ST:49619; HPOL-B.ST:45686; SAAB-B.ST:51604; MEKO.ST:105921; INVE-B.ST:101034; PCELL.ST:44129; CEVI.ST:43148,
2022-12-22,108,479075,NIBE-B.ST:47862; NEWA-B.ST:49571; HPOL-B.ST:44218; SAAB-B.ST:51956; MEKO.ST:101439; INVE-B.ST:99720; PCELL.ST:42212; CEVI.ST:41987,
2022-12-23,108,480033,NIBE-B.ST:48904; NEWA-B.ST:49475; HPOL-B.ST:44456; SAAB-B.ST:51200; MEKO.ST:101622; INVE-B.ST:100313; PCELL.ST:42413; CEVI.ST:41540,
2022-12-27,108,483725,NIBE-B.ST:50026; NEWA-B.ST:50529; HPOL-B.ST:45012; SAAB-B.ST:52045; MEKO.ST:100525; INVE-B.ST:101108; PCELL.ST:42833; CEVI.ST:41540,
2022-12-28,108,483228,NIBE-B.ST:50373; NEWA-B.ST:49571; HPOL-B.ST:44654; SAAB-B.ST:52095; MEKO.ST:102628; INVE-B.ST:100493; PCELL.ST:42121; CEVI.ST:41183,
2022-12-29,108,493202,NIBE-B.ST:52011; NEWA-B.ST:50290; HPOL-B.ST:44932; SAAB-B.ST:52057; MEKO.ST:106104; INVE-B.ST:101616; PCELL.ST:43471; CEVI.ST:42612,
2022-12-30,108,480776,NIBE-B.ST:48190; NEWA-B.ST:49428; HPOL-B.ST:44099; SAAB-B.ST:51742; MEKO.ST:102994; INVE-B.ST:99847; PCELL.ST:43453; CEVI.ST:40915,
2023-01-02,108,489997,NIBE-B.ST:48021; NEWA-B.ST:51391; HPOL-B.ST:44734; SAAB-B.ST:52448; MEKO.ST:105647; INVE-B.ST:100875; PCELL.ST:43982; CEVI.ST:42791,
2023-01-03,108,487636,NIBE-B.ST:47862; NEWA-B.ST:51679; HPOL-B.ST:45012; SAAB-B.ST:52460; MEKO.ST:101988; INVE-B.ST:101891; PCELL.ST:44201; CEVI.ST:42434,
2023-01-04,38,488202,NIBE-B.ST:47743; NEWA-B.ST:51918; HPOL-B.ST:45488; SAAB-B.ST:50911; MEKO.ST:102720; INVE-B.ST:103183; BEIJ-B.ST:43058; SAVE.ST:43143,SELL PCELL.ST 365 @ 119.25 fee 69.00; SELL CEVI.ST 185 @ 231.79 fee 69.00; BUY BEIJ-B.ST 311 @ 138.45 fee 69.00; BUY SAVE.ST 329 @ 131.13 fee 69.00
2023-01-05,38,491580,NIBE-B.ST:47624; NEWA-B.ST:51631; HPOL-B.ST:46560; SAAB-B.ST:52070; MEKO.ST:103452; INVE-B.ST:102770; BEIJ-B.ST:43756; SAVE.ST:43681,
2023-01-09,38,506569,NIBE-B.ST:50745; NEWA-B.ST:53834; HPOL-B.ST:47631; SAAB-B.ST:52863; MEKO.ST:105372; INVE-B.ST:105323; BEIJ-B.ST:45737; SAVE.ST:45025,
2023-01-10,38,507123,NIBE-B.ST:51688; NEWA-B.ST:53930; HPOL-B.ST:46798; SAAB-B.ST:52800; MEKO.ST:106379; INVE-B.ST:104539; BEIJ-B.ST:45598; SAVE.ST:45354,
2023-01-11,38,510533,NIBE-B.ST:52011; NEWA-B.ST:54792; HPOL-B.ST:46758; SAAB-B.ST:51742; MEKO.ST:105189; INVE-B.ST:108209; BEIJ-B.ST:45932; SAVE.ST:45862,
2023-01-12,118,513952,NIBE-B.ST:51465; NEWA-B.ST:54361; HPOL-B.ST:45766; SAAB-B.ST:51969; INVE-B.ST:109559; HEXA-B.ST:67002; HUSQ-B.ST:66958; CEVI.ST:66754,SELL MEKO.ST 987 @ 108.34 fee 73.78; SELL BEIJ-B.ST 311 @ 150.56 fee 69.00; SELL SAVE.ST 329 @ 144.26 fee 69.00; BUY HEXA-B.ST 562 @ 119.22 fee 69.00; BUY HUSQ-B.ST 895 @ 74.81 fee 69.00; BUY CEVI.ST 320 @ 208.61 fee 69.00
2023-01-13,118,517333,NIBE-B.ST:52334; NEWA-B.ST:55510; HPOL-B.ST:45726; SAAB-B.ST:51692; INVE-B.ST:109162; HEXA-B.ST:67450; HUSQ-B.ST:67351; CEVI.ST:67991,
2023-01-16,118,522468,NIBE-B.ST:53028; NEWA-B.ST:56324; HPOL-B.ST:44853; SAAB-B.ST:52460; INVE-B.ST:109771; HEXA-B.ST:67814; HUSQ-B.ST:68563; CEVI.ST:69536,
2023-01-17,118,518578,NIBE-B.ST:53078; NEWA-B.ST:56229; HPOL-B.ST:44258; SAAB-B.ST:53456; INVE-B.ST:108871; HEXA-B.ST:67198; HUSQ-B.ST:67072; CEVI.ST:68300,
2023-01-18,118,517233,NIBE-B.ST:52706; NEWA-B.ST:55367; HPOL-B.ST:44575; SAAB-B.ST:53569; INVE-B.ST:108341; HEXA-B.ST:66806; HUSQ-B.ST:66679; CEVI.ST:69072,
2023-01-19,48,505670,NIBE-B.ST:50894; NEWA-B.ST:53882; SAAB-B.ST:53959; INVE-B.ST:106408; HEXA-B.ST:65070; HUSQ-B.ST:63878; CEVI.ST:67064; MEKO.ST:44467,SELL HPOL-B.ST 444 @ 100.30 fee 69.00; BUY MEKO.ST 425 @ 104.63 fee 69.00
2023-01-20,48,513842,NIBE-B.ST:52656; NEWA-B.ST:54121; SAAB-B.ST:54174; INVE-B.ST:107150; HEXA-B.ST:66162; HUSQ-B.ST:64713; CEVI.ST:70154; MEKO.ST:44664,
2023-01-23,48,524109,NIBE-B.ST:55609; NEWA-B.ST:55558; SAAB-B.ST:53594; INVE-B.ST:109109; HEXA-B.ST:67590; HUSQ-B.ST:65958; CEVI.ST:71545; MEKO.ST:45097,
2023-01-24,48,527904,NIBE-B.ST:56329; NEWA-B.ST:56037; SAAB-B.ST:53657; INVE-B.ST:108156; HEXA-B.ST:65462; HUSQ-B.ST:65926; CEVI.ST:76799; MEKO.ST:45491,
2023-01-25,48,521158,NIBE-B.ST:55907; NEWA-B.ST:55462; SAAB-B.ST:53670; INVE-B.ST:107361; HEXA-B.ST:63838; HUSQ-B.ST:64975; CEVI.ST:74326; MEKO.ST:45570,
2023-01-26,140,526945,NEWA-B.ST:55510; SAAB-B.ST:54224; INVE-B.ST:108103; HEXA-B.ST:65602; HUSQ-B.ST:65385; HM-B.ST:59394; HPOL-B.ST:59361; BEIJ-B.ST:59225,SELL NIBE-B.ST 508 @ 107.95 fee 69.00; SELL CEVI.ST 320 @ 243.38 fee 69.00; SELL MEKO.ST 425 @ 107.69 fee 69.00; BUY HM-B.ST 504 @ 117.85 fee 69.00; BUY HPOL-B.ST 584 @ 101.65 fee 69.00; BUY BEIJ-B.ST 401 @ 147.69 fee 69.00
2023-01-27,140,533494,NEWA-B.ST:56756; SAAB-B.ST:53859; INVE-B.ST:108023; HEXA-B.ST:65770; HUSQ-B.ST:72872; HM-B.ST:56950; HPOL-B.ST:58891; BEIJ-B.ST:60232,
2023-01-30,140,534820,NEWA-B.ST:56324; SAAB-B.ST:53972; INVE-B.ST:107414; HEXA-B.ST:66638; HUSQ-B.ST:73413; HM-B.ST:58398; HPOL-B.ST:58683; BEIJ-B.ST:59837,
2023-01-31,140,531210,NEWA-B.ST:56181; SAAB-B.ST:53808; INVE-B.ST:107150; HEXA-B.ST:66778; HUSQ-B.ST:72544; HM-B.ST:58000; HPOL-B.ST:58787; BEIJ-B.ST:57822,
2023-02-01,140,541630,NEWA-B.ST:58001; SAAB-B.ST:54312; INVE-B.ST:107017; HEXA-B.ST:68066; HUSQ-B.ST:75444; HM-B.ST:59005; HPOL-B.ST:59988; BEIJ-B.ST:59657,
2023-02-02,197,559995,NEWA-B.ST:60348; INVE-B.ST:111783; HEXA-B.ST:71062; HUSQ-B.ST:74936; HM-B.ST:62074; HPOL-B.ST:60927; BEIJ-B.ST:65054; NOTE.ST:53614,SELL SAAB-B.ST 513 @ 104.89 fee 69.00; BUY NOTE.ST 239 @ 224.32 fee 69.00
2023-02-03,197,559481,NEWA-B.ST:60348; INVE-B.ST:111306; HEXA-B.ST:69858; HUSQ-B.ST:75575; HM-B.ST:62246; HPOL-B.ST:61084; BEIJ-B.ST:66673; NOTE.ST:52193,
2023-02-06,197,548863,NEWA-B.ST:57713; INVE-B.ST:109241; HEXA-B.ST:69438; HUSQ-B.ST:73790; HM-B.ST:60979; HPOL-B.ST:60144; BEIJ-B.ST:65809; NOTE.ST:51552,
2023-02-07,197,547683,NEWA-B.ST:57666; INVE-B.ST:108553; HEXA-B.ST:69298; HUSQ-B.ST:73380; HM-B.ST:60635; HPOL-B.ST:60875; BEIJ-B.ST:66169; NOTE.ST:50910,
2023-02-08,197,547463,NEWA-B.ST:57474; INVE-B.ST:108579; HEXA-B.ST:68570; HUSQ-B.ST:73757; HM-B.ST:61522; HPOL-B.ST:60458; BEIJ-B.ST:65126; NOTE.ST:51781,
2023-02-09,27,546558,NEWA-B.ST:58863; INVE-B.ST:108367; HEXA-B.ST:67422; HM-B.ST:60762; HPOL-B.ST:60771; BEIJ-B.ST:64658; NOTE.ST:51231; NIBE-B.ST:37310; MEKO.ST:37147,SELL HUSQ-B.ST 895 @ 83.23 fee 69.00; BUY NIBE-B.ST 335 @ 111.37 fee 69.00; BUY MEKO.ST 331 @ 112.23 fee 69.00
2023-02-10,27,526887,NEWA-B.ST:48949; INVE-B.ST:107150; HEXA-B.ST:66190; HM-B.ST:58634; HPOL-B.ST:59413; BEIJ-B.ST:62751; NOTE.ST:50864; NIBE-B.ST:36344; MEKO.ST:36565,
2023-02-13,27,533846,NEWA-B.ST:49044; INVE-B.ST:108341; HEXA-B.ST:66582; HM-B.ST:58000; HPOL-B.ST:60353; BEIJ-B.ST:64730; NOTE.ST:51277; NIBE-B.ST:38406; MEKO.ST:37086,
2023-02-14,27,528429,NEWA-B.ST:47655; INVE-B.ST:107944; HEXA-B.ST:66638; HM-B.ST:57828; HPOL-B.ST:58683; BEIJ-B.ST:64370; NOTE.ST:50818; NIBE-B.ST:37686; MEKO.ST:36779,
2023-02-15,27,537514,NEWA-B.ST:47129; INVE-B.ST:108659; HEXA-B.ST:67450; HM-B.ST:57602; HPOL-B.ST:60562; BEIJ-B.ST:64946; NOTE.ST:52972; NIBE-B.ST:40468; MEKO.ST:37700,
2023-02-16,22,538280,INVE-B.ST:108553; HEXA-B.ST:67086; HM-B.ST:58498; HPOL-B.ST:60353; BEIJ-B.ST:64766; NOTE.ST:53934; MEKO.ST:37301; HUSQ-B.ST:87767,SELL NEWA-B.ST 531 @ 88.44 fee 69.00; SELL NIBE-B.ST 335 @ 122.41 fee 69.00; BUY HUSQ-B.ST 1034 @ 84.88 fee 69.00
2023-02-17,22,536387,INVE-B.ST:107864; HEXA-B.ST:66694; HM-B.ST:59078; HPOL-B.ST:60040; BEIJ-B.ST:64370; NOTE.ST:53614; MEKO.ST:37638; HUSQ-B.ST:87067,
2023-02-20,22,535115,INVE-B.ST:107414; HEXA-B.ST:66078; HM-B.ST:58299; HPOL-B.ST:59518; BEIJ-B.ST:64622; NOTE.ST:53385; MEKO.ST:38068; HUSQ-B.ST:87710,
2023-02-21,22,526817,INVE-B.ST:106302; HEXA-B.ST:64986; HM-B.ST:57647; HPOL-B.ST:59361; BEIJ-B.ST:62499; NOTE.ST:53110; MEKO.ST:36902; HUSQ-B.ST:85988,
2023-02-22,22,523555,INVE-B.ST:106117; HEXA-B.ST:65042; HM-B.ST:57221; HPOL-B.ST:59831; BEIJ-B.ST:62247; NOTE.ST:51093; MEKO.ST:36012; HUSQ-B.ST:85969,
2023-02-23,49,524175,INVE-B.ST:106832; HEXA-B.ST:65630; HM-B.ST:56914; HPOL-B.ST:59205; NOTE.ST:50543; MEKO.ST:36074; HUSQ-B.ST:86915; RATO-B.ST:31077; SINT.ST:30936,SELL BEIJ-B.ST 401 @ 155.23 fee 69.00; BUY RATO-B.ST 1076 @ 28.88 fee 69.00; BUY SINT.ST 327 @ 94.61 fee 69.00
2023-02-24,49,520339,INVE-B.ST:106064; HEXA-B.ST:64622; HM-B.ST:56805; HPOL-B.ST:58630; NOTE.ST:50269; MEKO.ST:35552; HUSQ-B.ST:86442; RATO-B.ST:30854; SINT.ST:31052,
2023-02-27,49,530950,INVE-B.ST:107494; HEXA-B.ST:65322; HM-B.ST:59195; HPOL-B.ST:60301; NOTE.ST:51735; MEKO.ST:36933; HUSQ-B.ST:88013; RATO-B.ST:31262; SINT.ST:30646,
2023-02-28,49,533120,INVE-B.ST:107282; HEXA-B.ST:65042; HM-B.ST:59775; HPOL-B.ST:60927; NOTE.ST:52514; MEKO.ST:36687; HUSQ-B.ST:87937; RATO-B.ST:31854; SINT.ST:31052,
2023-03-01,49,530497,INVE-B.ST:106594; HEXA-B.ST:64650; HM-B.ST:59259; HPOL-B.ST:61293; NOTE.ST:53293; MEKO.ST:36381; HUSQ-B.ST:87388; RATO-B.ST:31582; SINT.ST:30009,
2023-03-02,30221,531205,INVE-B.ST:107123; HEXA-B.ST:65098; HM-B.ST:59757; HPOL-B.ST:60719; NOTE.ST:52514; MEKO.ST:36779; HUSQ-B.ST:87956; RATO-B.ST:31038,SELL SINT.ST 327 @ 92.48 fee 69.00
2023-03-03,30221,537253,INVE-B.ST:108871; HEXA-B.ST:65714; HM-B.ST:60300; HPOL-B.ST:61867; NOTE.ST:52285; MEKO.ST:37393; HUSQ-B.ST:88846; RATO-B.ST:31757,
2023-03-06,30221,540557,INVE-B.ST:109347; HEXA-B.ST:65714; HM-B.ST:61386; HPOL-B.ST:62233; NOTE.ST:52239; MEKO.ST:39601; HUSQ-B.ST:88108; RATO-B.ST:31708,
2023-03-07,30221,536407,INVE-B.ST:108129; HEXA-B.ST:65182; HM-B.ST:60499; HPOL-B.ST:61606; NOTE.ST:53155; MEKO.ST:38466; HUSQ-B.ST:86537; RATO-B.ST:32611,
2023-03-08,30221,538958,INVE-B.ST:107864; HEXA-B.ST:65238; HM-B.ST:60979; HPOL-B.ST:61972; NOTE.ST:54301; MEKO.ST:38528; HUSQ-B.ST:86991; RATO-B.ST:32864,
2023-03-09,50,539652,HPOL-B.ST:61919; HUSQ-B.ST:87351; RATO-B.ST:32272; SAAB-B.ST:71618; NEWA-B.ST:71675; EQT.ST:71577; BEIJ-B.ST:71659; SINT.ST:71532,SELL INVE-B.ST 557 @ 194.51 fee 74.76; SELL HEXA-B.ST 562 @ 116.78 fee 69.00; SELL HM-B.ST 504 @ 121.92 fee 69.00; SELL NOTE.ST 239 @ 229.12 fee 69.00; SELL MEKO.ST 331 @ 116.03 fee 69.00; BUY SAAB-B.ST 466 @ 153.69 fee 69.00; BUY NEWA-B.ST 860 @ 83.34 fee 69.00; BUY EQT.ST 314 @ 227.95 fee 69.00; BUY BEIJ-B.ST 464 @ 154.44 fee 69.00; BUY SINT.ST 721 @ 99.21 fee 69.00
2023-03-10,50,526584,HPOL-B.ST:61084; HUSQ-B.ST:85609; RATO-B.ST:31019; SAAB-B.ST:70176; NEWA-B.ST:69891; EQT.ST:66894; BEIJ-B.ST:70840; SINT.ST:71021,
2023-03-13,50,512573,HPOL-B.ST:59100; HUSQ-B.ST:83395; RATO-B.ST:30456; SAAB-B.ST:69238; NEWA-B.ST:68223; EQT.ST:63914; BEIJ-B.ST:69476; SINT.ST:68721,
2023-03-14,50,523223,HPOL-B.ST:60144; HUSQ-B.ST:83679; RATO-B.ST:30475; SAAB-B.ST:71847; NEWA-B.ST:69580; EQT.ST:65526; BEIJ-B.ST:74478; SINT.ST:67444,
2023-03-15,50,504747,HPOL-B.ST:57952; HUSQ-B.ST:78814; RATO-B.ST:29698; SAAB-B.ST:68574; NEWA-B.ST:66361; EQT.ST:61603; BEIJ-B.ST:74250; SINT.ST:67444,
2023-03-16,139,509771,HUSQ-B.ST:80063; RATO-B.ST:29572; SAAB-B.ST:68803; BEIJ-B.ST:76524; HM-B.ST:63742; BULTEN.ST:63754; NOTE.ST:63556; INVE-B.ST:63618,SELL HPOL-B.ST 584 @ 103.17 fee 69.00; SELL NEWA-B.ST 860 @ 78.61 fee 69.00; SELL EQT.ST 314 @ 195.61 fee 69.00; SELL SINT.ST 721 @ 91.59 fee 69.00; BUY HM-B.ST 566 @ 112.62 fee 69.00; BUY BULTEN.ST 858 @ 74.31 fee 69.00; BUY NOTE.ST 287 @ 221.45 fee 69.00; BUY INVE-B.ST 339 @ 187.66 fee 69.00
2023-03-17,139,498704,HUSQ-B.ST:77527; RATO-B.ST:28960; SAAB-B.ST:66629; BEIJ-B.ST:75569; HM-B.ST:62390; BULTEN.ST:62050; NOTE.ST:63776; INVE-B.ST:61665,
2023-03-20,139,503820,HUSQ-B.ST:80518; RATO-B.ST:29465; SAAB-B.ST:67521; BEIJ-B.ST:76160; HM-B.ST:62247; BULTEN.ST:63754; NOTE.ST:61300; INVE-B.ST:62715,
2023-03-21,139,515152,HUSQ-B.ST:80840; RATO-B.ST:30485; SAAB-B.ST:69101; BEIJ-B.ST:80070; HM-B.ST:63305; BULTEN.ST:64297; NOTE.ST:62840; INVE-B.ST:64075,
2023-03-22,139,509197,HUSQ-B.ST:80045; RATO-B.ST:30106; SAAB-B.ST:69307; BEIJ-B.ST:78797; HM-B.ST:63478; BULTEN.ST:62747; NOTE.ST:60529; INVE-B.ST:64050,
2023-03-23,76,512834,HUSQ-B.ST:79723; RATO-B.ST:29951; SAAB-B.ST:70245; BEIJ-B.ST:80934; HM-B.ST:63010; BULTEN.ST:64374; INVE-B.ST:63792; MEKO.ST:60730,SELL NOTE.ST 287 @ 211.86 fee 69.00; BUY MEKO.ST 547 @ 111.02 fee 69.00
2023-03-24,76,501646,HUSQ-B.ST:76713; RATO-B.ST:29572; SAAB-B.ST:70817; BEIJ-B.ST:77706; HM-B.ST:61617; BULTEN.ST:62747; INVE-B.ST:63341; MEKO.ST:59057,
2023-03-27,76,509009,HUSQ-B.ST:78701; RATO-B.ST:29397; SAAB-B.ST:71595; BEIJ-B.ST:80252; HM-B.ST:62034; BULTEN.ST:63599; INVE-B.ST:64449; MEKO.ST:58905,
2023-03-28,76,510469,HUSQ-B.ST:78890; RATO-B.ST:30067; SAAB-B.ST:72030; BEIJ-B.ST:79343; HM-B.ST:61973; BULTEN.ST:65459; INVE-B.ST:64030; MEKO.ST:58601,
2023-03-29,76,517192,HUSQ-B.ST:80442; RATO-B.ST:31095; SAAB-B.ST:72030; BEIJ-B.ST:80616; HM-B.ST:62461; BULTEN.ST:66001; INVE-B.ST:64907; MEKO.ST:59564,
2023-03-30,64,534282,HUSQ-B.ST:83546; RATO-B.ST:31375; BEIJ-B.ST:81025; BULTEN.ST:67008; INVE-B.ST:65954; HPOL-B.ST:68428; HEXA-B.ST:68491; NIBE-B.ST:68391,SELL SAAB-B.ST 466 @ 155.11 fee 69.00; SELL HM-B.ST 566 @ 128.36 fee 69.00; SELL MEKO.ST 547 @ 111.12 fee 69.00; BUY HPOL-B.ST 607 @ 112.73 fee 69.00; BUY HEXA-B.ST 585 @ 117.08 fee 69.00; BUY NIBE-B.ST 609 @ 112.30 fee 69.00
2023-03-31,64,543092,HUSQ-B.ST:85022; RATO-B.ST:31564; BEIJ-B.ST:82617; BULTEN.ST:68325; INVE-B.ST:66406; HPOL-B.ST:69730; HEXA-B.ST:69278; NIBE-B.ST:70086,
2023-04-03,64,537538,HUSQ-B.ST:84417; RATO-B.ST:31465; BEIJ-B.ST:82889; BULTEN.ST:66543; INVE-B.ST:66389; HPOL-B.ST:68808; HEXA-B.ST:68899; NIBE-B.ST:68063,
2023-04-04,64,541984,HUSQ-B.ST:84966; RATO-B.ST:31904; BEIJ-B.ST:83844; BULTEN.ST:67163; INVE-B.ST:67082; HPOL-B.ST:68971; HEXA-B.ST:69511; NIBE-B.ST:68480,
2023-04-05,64,531901,HUSQ-B.ST:81999; RATO-B.ST:31365; BEIJ-B.ST:82207; BULTEN.ST:65691; INVE-B.ST:67034; HPOL-B.ST:66963; HEXA-B.ST:67354; NIBE-B.ST:69224,
2023-04-06,64,531244,HUSQ-B.ST:82497; RATO-B.ST:31425; BEIJ-B.ST:80752; BULTEN.ST:66930; INVE-B.ST:67550; HPOL-B.ST:67126; HEXA-B.ST:67908; NIBE-B.ST:66992,
2023-04-11,64,540708,HUSQ-B.ST:84391; RATO-B.ST:32543; BEIJ-B.ST:82389; BULTEN.ST:67860; INVE-B.ST:68130; HPOL-B.ST:67505; HEXA-B.ST:68899; NIBE-B.ST:68926,
2023-04-12,64,539389,HUSQ-B.ST:85310; RATO-B.ST:32403; BEIJ-B.ST:80980; BULTEN.ST:67628; INVE-B.ST:67872; HPOL-B.ST:67560; HEXA-B.ST:68141; NIBE-B.ST:69432,
2023-04-13,64,543244,HUSQ-B.ST:85655; RATO-B.ST:32702; BEIJ-B.ST:80980; BULTEN.ST:67783; INVE-B.ST:67969; HPOL-B.ST:68971; HEXA-B.ST:68054; NIBE-B.ST:71068,
2023-04-14,64,548589,HUSQ-B.ST:87186; RATO-B.ST:32862; BEIJ-B.ST:82707; BULTEN.ST:67628; INVE-B.ST:68194; HPOL-B.ST:69025; HEXA-B.ST:68695; NIBE-B.ST:72228,
2023-04-17,38,552115,HUSQ-B.ST:88756; RATO-B.ST:32543; BEIJ-B.ST:82344; BULTEN.ST:70804; NEWA-B.ST:55577; SHB-B.ST:55597; EQT.ST:55565; CEVI.ST:55519; MEKO.ST:55373,SELL INVE-B.ST 339 @ 198.74 fee 69.00; SELL HPOL-B.ST 607 @ 114.61 fee 69.00; SELL HEXA-B.ST 585 @ 116.93 fee 69.00; SELL NIBE-B.ST 609 @ 119.68 fee 69.00; BUY NEWA-B.ST 631 @ 88.08 fee 69.00; BUY SHB-B.ST 530 @ 104.90 fee 69.00; BUY EQT.ST 276 @ 201.32 fee 69.00; BUY CEVI.ST 327 @ 169.78 fee 69.00; BUY MEKO.ST 478 @ 115.84 fee 69.00
2023-04-18,38,545071,HUSQ-B.ST:88966; RATO-B.ST:32523; BEIJ-B.ST:81844; BULTEN.ST:70107; NEWA-B.ST:56061; SHB-B.ST:55695; EQT.ST:55725; CEVI.ST:49582; MEKO.ST:54531,
2023-04-19,38,540401,HUSQ-B.ST:86133; RATO-B.ST:32742; BEIJ-B.ST:82071; BULTEN.ST:70184; NEWA-B.ST:54126; SHB-B.ST:56376; EQT.ST:55805; CEVI.ST:48571; MEKO.ST:54354,
2023-04-20,38,538901,HUSQ-B.ST:88679; RATO-B.ST:32643; BEIJ-B.ST:80570; BULTEN.ST:70494; NEWA-B.ST:54154; SHB-B.ST:55987; EQT.ST:54202; CEVI.ST:48445; MEKO.ST:53689,
2023-04-21,38,537322,HUSQ-B.ST:84736; RATO-B.ST:33022; BEIJ-B.ST:79888; BULTEN.ST:70416; NEWA-B.ST:54496; SHB-B.ST:55890; EQT.ST:56019; CEVI.ST:48950; MEKO.ST:53866,
2023-04-24,46,541471,HUSQ-B.ST:85004; RATO-B.ST:33002; BULTEN.ST:73050; NEWA-B.ST:54097; SHB-B.ST:55987; EQT.ST:56286; CEVI.ST:51603; PCELL.ST:66210; SKA-B.ST:66184,SELL BEIJ-B.ST 464 @ 171.10 fee 69.00; SELL MEKO.ST 478 @ 111.49 fee 69.00; BUY PCELL.ST 750 @ 88.28 fee 69.00; BUY SKA-B.ST 440 @ 150.42 fee 69.00
2023-04-25,46,540439,HUSQ-B.ST:83032; RATO-B.ST:32822; BULTEN.ST:77001; NEWA-B.ST:53443; SHB-B.ST:55403; EQT.ST:56233; CEVI.ST:51793; PCELL.ST:64215; SKA-B.ST:66451,
2023-04-26,46,539632,HUSQ-B.ST:81865; RATO-B.ST:32623; BULTEN.ST:76127; NEWA-B.ST:57825; SHB-B.ST:55208; EQT.ST:56313; CEVI.ST:52677; PCELL.ST:61215; SKA-B.ST:65733,
2023-04-27,46,547304,HUSQ-B.ST:82095; RATO-B.ST:34659; BULTEN.ST:73664; NEWA-B.ST:57882; SHB-B.ST:55403; EQT.ST:57462; CEVI.ST:55267; PCELL.ST:64170; SKA-B.ST:66656,
2023-04-28,46,556820,HUSQ-B.ST:84506; RATO-B.ST:35318; BULTEN.ST:75491; NEWA-B.ST:58850; SHB-B.ST:54819; EQT.ST:58745; CEVI.ST:55267; PCELL.ST:65070; SKA-B.ST:68709,
2023-05-02,100,545918,HUSQ-B.ST:84085; RATO-B.ST:32503; BULTEN.ST:75571; SHB-B.ST:52969; CEVI.ST:55393; PCELL.ST:63330; SKA-B.ST:67231; SAVE.ST:57380; MEKO.ST:57357,SELL NEWA-B.ST 631 @ 93.53 fee 69.00; SELL EQT.ST 276 @ 203.06 fee 69.00; BUY SAVE.ST 401 @ 143.09 fee 69.00; BUY MEKO.ST 504 @ 113.80 fee 69.00
2023-05-03,100,542508,HUSQ-B.ST:83951; RATO-B.ST:32962; BULTEN.ST:74458; SHB-B.ST:52969; CEVI.ST:55961; PCELL.ST:60510; SKA-B.ST:67375; SAVE.ST:56819; MEKO.ST:57404,
2023-05-04,100,533928,HUSQ-B.ST:85061; RATO-B.ST:32942; BULTEN.ST:75094; SHB-B.ST:51995; CEVI.ST:55267; PCELL.ST:60465; SKA-B.ST:59905; SAVE.ST:56257; MEKO.ST:56843,
2023-05-05,100,550403,HUSQ-B.ST:86191; RATO-B.ST:33820; BULTEN.ST:78272; SHB-B.ST:52676; CEVI.ST:58614; PCELL.ST:62340; SKA-B.ST:63045; SAVE.ST:57754; MEKO.ST:57590,
2023-05-08,100,551242,HUSQ-B.ST:86440; RATO-B.ST:33641; BULTEN.ST:78749; SHB-B.ST:52871; CEVI.ST:58310; PCELL.ST:63390; SKA-B.ST:62265; SAVE.ST:58540; MEKO.ST:56937,
2023-05-09,103,542898,HUSQ-B.ST:86382; RATO-B.ST:32463; BULTEN.ST:77716; SHB-B.ST:52092; CEVI.ST:56968; PCELL.ST:61140; SKA-B.ST:61280; SAVE.ST:57492; HEXA-B.ST:57263,SELL MEKO.ST 504 @ 113.90 fee 69.00; BUY HEXA-B.ST 499 @ 114.75 fee 69.00
2023-05-10,103,542757,HUSQ-B.ST:86306; RATO-B.ST:32323; BULTEN.ST:77875; SHB-B.ST:51508; CEVI.ST:56712; PCELL.ST:62265; SKA-B.ST:60910; SAVE.ST:57642; HEXA-B.ST:57113,
2023-05-11,103,548759,HUSQ-B.ST:86497; RATO-B.ST:32483; BULTEN.ST:79464; SHB-B.ST:51800; CEVI.ST:57991; PCELL.ST:62055; SKA-B.ST:61505; SAVE.ST:58653; HEXA-B.ST:58208,
2023-05-12,103,548763,HUSQ-B.ST:86746; RATO-B.ST:32842; BULTEN.ST:78590; SHB-B.ST:52190; CEVI.ST:57607; PCELL.ST:62460; SKA-B.ST:61115; SAVE.ST:58802; HEXA-B.ST:58308,
2023-05-15,103,561292,HUSQ-B.ST:87779; RATO-B.ST:33281; BULTEN.ST:85186; SHB-B.ST:52384; CEVI.ST:58822; PCELL.ST:64680; SKA-B.ST:62121; SAVE.ST:58578; HEXA-B.ST:58358,
2023-05-16,172,556563,HUSQ-B.ST:84372; RATO-B.ST:32822; BULTEN.ST:86616; PCELL.ST:66465; SKA-B.ST:60746; SAVE.ST:58091; NOTE.ST:55717; SAAB-B.ST:55748; CLAS-B.ST:55814,SELL SHB-B.ST 530 @ 98.29 fee 69.00; SELL CEVI.ST 327 @ 176.56 fee 69.00; SELL HEXA-B.ST 499 @ 116.10 fee 69.00; BUY NOTE.ST 238 @ 234.10 fee 69.00; BUY SAAB-B.ST 371 @ 150.26 fee 69.00; BUY CLAS-B.ST 749 @ 74.52 fee 69.00
2023-05-17,172,552518,HUSQ-B.ST:83836; RATO-B.ST:32123; BULTEN.ST:84709; PCELL.ST:66690; SKA-B.ST:60212; SAVE.ST:57717; NOTE.ST:54713; SAAB-B.ST:56961; CLAS-B.ST:55384,
2023-05-19,172,559120,HUSQ-B.ST:85636; RATO-B.ST:33221; BULTEN.ST:85504; PCELL.ST:67125; SKA-B.ST:61423; SAVE.ST:59177; NOTE.ST:56036; SAAB-B.ST:54976; CLAS-B.ST:55850,
2023-05-22,172,554695,HUSQ-B.ST:86191; RATO-B.ST:33321; BULTEN.ST:84391; PCELL.ST:62835; SKA-B.ST:61464; SAVE.ST:59214; NOTE.ST:56218; SAAB-B.ST:55289; CLAS-B.ST:55599,
2023-05-23,172,552992,HUSQ-B.ST:85157; RATO-B.ST:33621; BULTEN.ST:83438; PCELL.ST:63735; SKA-B.ST:62265; SAVE.ST:59177; NOTE.ST:56264; SAAB-B.ST:53672; CLAS-B.ST:55492,
2023-05-24,61,540178,HUSQ-B.ST:84104; BULTEN.ST:81213; PCELL.ST:61035; SAVE.ST:57567; CLAS-B.ST:55206; EMBRAC-B.ST:50254; NIBE-B.ST:50293; BEIJ-B.ST:50327; MEKO.ST:50118,SELL RATO-B.ST 1076 @ 30.17 fee 69.00; SELL SKA-B.ST 440 @ 138.62 fee 69.00; SELL NOTE.ST 238 @ 231.04 fee 69.00; SELL SAAB-B.ST 371 @ 142.83 fee 69.00; BUY EMBRAC-B.ST 368 @ 136.56 fee 69.00; BUY NIBE-B.ST 475 @ 105.88 fee 69.00; BUY BEIJ-B.ST 333 @ 151.13 fee 69.00; BUY MEKO.ST 487 @ 102.91 fee 69.00
2023-05-25,61,528017,HUSQ-B.ST:81903; BULTEN.ST:81213; PCELL.ST:60465; SAVE.ST:57679; CLAS-B.ST:52916; EMBRAC-B.ST:46346; NIBE-B.ST:49360; BEIJ-B.ST:50098; MEKO.ST:47977,
2023-05-26,61,539538,HUSQ-B.ST:82458; BULTEN.ST:81848; PCELL.ST:60105; SAVE.ST:59813; CLAS-B.ST:52308; EMBRAC-B.ST:52407; NIBE-B.ST:50013; BEIJ-B.ST:51865; MEKO.ST:48660,
2023-05-29,61,530194,HUSQ-B.ST:81578; BULTEN.ST:80577; PCELL.ST:59295; SAVE.ST:59925; CLAS-B.ST:52451; EMBRAC-B.ST:47803; NIBE-B.ST:49336; BEIJ-B.ST:51145; MEKO.ST:48022,
2023-05-30,61,531009,HUSQ-B.ST:78573; BULTEN.ST:78114; PCELL.ST:59310; SAVE.ST:59850; CLAS-B.ST:52486; EMBRAC-B.ST:53158; NIBE-B.ST:48683; BEIJ-B.ST:52160; MEKO.ST:48615,
2023-05-31,61,528286,HUSQ-B.ST:76659; BULTEN.ST:80259; PCELL.ST:58080; SAVE.ST:56706; CLAS-B.ST:51771; EMBRAC-B.ST:55101; NIBE-B.ST:48333; BEIJ-B.ST:52520; MEKO.ST:48797,
2023-06-01,61,531061,HUSQ-B.ST:78975; BULTEN.ST:76047; PCELL.ST:59220; SAVE.ST:57867; CLAS-B.ST:51520; EMBRAC-B.ST:59859; NIBE-B.ST:48590; BEIJ-B.ST:51538; MEKO.ST:47384,
2023-06-02,61,541068,HUSQ-B.ST:82516; BULTEN.ST:77398; PCELL.ST:62805; SAVE.ST:59513; CLAS-B.ST:52844; EMBRAC-B.ST:55796; NIBE-B.ST:49383; BEIJ-B.ST:52683; MEKO.ST:48068,
2023-06-05,61,539866,HUSQ-B.ST:82248; BULTEN.ST:76922; PCELL.ST:63195; SAVE.ST:58316; CLAS-B.ST:53238; EMBRAC-B.ST:54990; NIBE-B.ST:49803; BEIJ-B.ST:53436; MEKO.ST:47658,
2023-06-07,61,543701,HUSQ-B.ST:83032; BULTEN.ST:77080; PCELL.ST:64485; SAVE.ST:59364; CLAS-B.ST:52308; EMBRAC-B.ST:55421; NIBE-B.ST:50177; BEIJ-B.ST:54025; MEKO.ST:47749,
2023-06-08,127,535350,HUSQ-B.ST:80850; PCELL.ST:63750; SAVE.ST:58166; EMBRAC-B.ST:55211; MEKO.ST:47384; SHB-B.ST:57566; ELAN-B.ST:57559; EQT.ST:57442; SKA-B.ST:57295,SELL BULTEN.ST 858 @ 89.74 fee 69.00; SELL CLAS-B.ST 749 @ 69.22 fee 69.00; SELL NIBE-B.ST 475 @ 104.50 fee 69.00; SELL BEIJ-B.ST 333 @ 156.14 fee 69.00; BUY SHB-B.ST 576 @ 99.94 fee 69.00; BUY ELAN-B.ST 536 @ 107.39 fee 69.00; BUY EQT.ST 271 @ 211.96 fee 69.00; BUY SKA-B.ST 415 @ 138.06 fee 69.00
2023-06-09,127,540348,HUSQ-B.ST:80659; PCELL.ST:62775; SAVE.ST:59476; EMBRAC-B.ST:56425; MEKO.ST:47476; SHB-B.ST:58836; ELAN-B.ST:58427; EQT.ST:58738; SKA-B.ST:57411,
2023-06-12,127,541814,HUSQ-B.ST:80965; PCELL.ST:64500; SAVE.ST:59177; EMBRAC-B.ST:57242; MEKO.ST:48250; SHB-B.ST:56719; ELAN-B.ST:58234; EQT.ST:58473; SKA-B.ST:58127,
2023-06-13,127,544425,HUSQ-B.ST:82918; PCELL.ST:66345; SAVE.ST:59064; EMBRAC-B.ST:57287; MEKO.ST:47749; SHB-B.ST:56508; ELAN-B.ST:56884; EQT.ST:59108; SKA-B.ST:58437,
2023-06-14,127,552080,HUSQ-B.ST:85731; PCELL.ST:68100; SAVE.ST:58765; EMBRAC-B.ST:58490; MEKO.ST:48387; SHB-B.ST:56508; ELAN-B.ST:59101; EQT.ST:58764; SKA-B.ST:58108,
2023-06-15,30,552234,HUSQ-B.ST:84870; PCELL.ST:67935; EMBRAC-B.ST:60897; MEKO.ST:48569; SHB-B.ST:56613; ELAN-B.ST:58716; SKA-B.ST:57411; BULTEN.ST:58614; CLAS-B.ST:58579,SELL SAVE.ST 401 @ 145.89 fee 69.00; SELL EQT.ST 271 @ 217.23 fee 69.00; BUY BULTEN.ST 662 @ 88.54 fee 69.00; BUY CLAS-B.ST 801 @ 73.13 fee 69.00
2023-06-16,30,548396,HUSQ-B.ST:85349; PCELL.ST:67995; EMBRAC-B.ST:60069; MEKO.ST:48068; SHB-B.ST:58095; ELAN-B.ST:56595; SKA-B.ST:56327; BULTEN.ST:58553; CLAS-B.ST:57316,
2023-06-19,30,545828,HUSQ-B.ST:87799; PCELL.ST:66300; EMBRAC-B.ST:59771; MEKO.ST:46838; SHB-B.ST:58307; ELAN-B.ST:56884; SKA-B.ST:55204; BULTEN.ST:57265; CLAS-B.ST:57431,
2023-06-20,30,540376,HUSQ-B.ST:86956; PCELL.ST:66720; EMBRAC-B.ST:56624; MEKO.ST:46109; SHB-B.ST:57672; ELAN-B.ST:56016; SKA-B.ST:55514; BULTEN.ST:57265; CLAS-B.ST:57469,
2023-06-21,30,544365,HUSQ-B.ST:91799; PCELL.ST:64320; EMBRAC-B.ST:56304; MEKO.ST:45790; SHB-B.ST:57883; ELAN-B.ST:56305; SKA-B.ST:55262; BULTEN.ST:57633; CLAS-B.ST:59038,
2023-06-22,75,538361,HUSQ-B.ST:90134; PCELL.ST:63570; EMBRAC-B.ST:57430; MEKO.ST:45790; BULTEN.ST:57143; CLAS-B.ST:58579; RATO-B.ST:55295; NIBE-B.ST:55226; SAVE.ST:55119,SELL SHB-B.ST 576 @ 96.45 fee 69.00; SELL ELAN-B.ST 536 @ 103.97 fee 69.00; SELL SKA-B.ST 415 @ 132.09 fee 69.00; BUY RATO-B.ST 2037 @ 27.15 fee 69.00; BUY NIBE-B.ST 557 @ 99.15 fee 69.00; BUY SAVE.ST 423 @ 130.30 fee 69.00
2023-06-26,75,536405,HUSQ-B.ST:90918; PCELL.ST:58875; EMBRAC-B.ST:59616; MEKO.ST:47248; BULTEN.ST:57388; CLAS-B.ST:58579; RATO-B.ST:54917; NIBE-B.ST:53748; SAVE.ST:55040,
2023-06-27,75,540424,HUSQ-B.ST:92009; PCELL.ST:58935; EMBRAC-B.ST:60875; MEKO.ST:48296; BULTEN.ST:57081; CLAS-B.ST:59268; RATO-B.ST:54728; NIBE-B.ST:53683; SAVE.ST:55474,
2023-06-28,75,550278,HUSQ-B.ST:92928; PCELL.ST:59595; EMBRAC-B.ST:61438; MEKO.ST:49207; BULTEN.ST:59779; CLAS-B.ST:60033; RATO-B.ST:56089; NIBE-B.ST:54870; SAVE.ST:56264,
2023-06-29,75,555359,HUSQ-B.ST:92928; PCELL.ST:61455; EMBRAC-B.ST:61283; MEKO.ST:49799; BULTEN.ST:59779; CLAS-B.ST:61257; RATO-B.ST:56429; NIBE-B.ST:55774; SAVE.ST:56580,
2023-06-30,7,559397,HUSQ-B.ST:93445; EMBRAC-B.ST:59528; BULTEN.ST:60944; CLAS-B.ST:61908; NIBE-B.ST:56047; SAVE.ST:56974; SAAB-B.ST:85208; ELAN-B.ST:85336,SELL PCELL.ST 750 @ 83.94 fee 69.00; SELL MEKO.ST 487 @ 104.22 fee 69.00; SELL RATO-B.ST 2037 @ 28.04 fee 69.00; BUY SAAB-B.ST 590 @ 144.42 fee 69.00; BUY ELAN-B.ST 796 @ 107.21 fee 69.00
2023-07-03,7,559881,HUSQ-B.ST:94038; EMBRAC-B.ST:58302; BULTEN.ST:61434; CLAS-B.ST:62137; NIBE-B.ST:55172; SAVE.ST:56698; SAAB-B.ST:86756; ELAN-B.ST:85336,
2023-07-04,7,559708,HUSQ-B.ST:92890; EMBRAC-B.ST:60576; BULTEN.ST:60699; CLAS-B.ST:62750; NIBE-B.ST:55418; SAVE.ST:56817; SAAB-B.ST:82782; ELAN-B.ST:87770,
2023-07-05,7,554595,HUSQ-B.ST:90593; EMBRAC-B.ST:60808; BULTEN.ST:61066; CLAS-B.ST:61372; NIBE-B.ST:54548; SAVE.ST:55593; SAAB-B.ST:84127; ELAN-B.ST:86481,
2023-07-06,7,536409,HUSQ-B.ST:89311; EMBRAC-B.ST:52429; BULTEN.ST:60760; CLAS-B.ST:59421; NIBE-B.ST:52610; SAVE.ST:54250; SAAB-B.ST:83717; ELAN-B.ST:83904,
2023-07-07,97,543302,EMBRAC-B.ST:53169; NIBE-B.ST:53639; SAVE.ST:55790; SAAB-B.ST:83922; PCELL.ST:59398; RATO-B.ST:59419; HPOL-B.ST:59388; BEIJ-B.ST:59385; MEKO.ST:59095,SELL HUSQ-B.ST 1034 @ 87.65 fee 69.00; SELL BULTEN.ST 662 @ 91.60 fee 69.00; SELL CLAS-B.ST 801 @ 77.86 fee 69.00; SELL ELAN-B.ST 796 @ 105.23 fee 69.00; BUY PCELL.ST 697 @ 85.22 fee 69.00; BUY RATO-B.ST 2111 @ 28.15 fee 69.00; BUY HPOL-B.ST 558 @ 106.43 fee 69.00; BUY BEIJ-B.ST 446 @ 133.15 fee 69.00; BUY MEKO.ST 601 @ 98.33 fee 69.00
2023-07-10,97,540600,EMBRAC-B.ST:52738; NIBE-B.ST:53431; SAVE.ST:55711; SAAB-B.ST:84711; PCELL.ST:58450; RATO-B.ST:58166; HPOL-B.ST:58565; BEIJ-B.ST:59692; MEKO.ST:59039,
2023-07-11,97,545208,EMBRAC-B.ST:53412; NIBE-B.ST:53792; SAVE.ST:56224; SAAB-B.ST:84740; PCELL.ST:59384; RATO-B.ST:58479; HPOL-B.ST:58873; BEIJ-B.ST:60042; MEKO.ST:60163,
2023-07-12,97,555464,EMBRAC-B.ST:55034; NIBE-B.ST:53453; SAVE.ST:56738; SAAB-B.ST:85851; PCELL.ST:60430; RATO-B.ST:60438; HPOL-B.ST:60467; BEIJ-B.ST:60656; MEKO.ST:62300,
2023-07-13,97,552218,EMBRAC-B.ST:55377; NIBE-B.ST:51198; SAVE.ST:57053; SAAB-B.ST:85441; PCELL.ST:62688; RATO-B.ST:60712; HPOL-B.ST:59953; BEIJ-B.ST:59253; MEKO.ST:60444,
2023-07-14,65,541795,EMBRAC-B.ST:55697; NIBE-B.ST:51964; SAVE.ST:57211; SAAB-B.ST:82841; RATO-B.ST:60399; BEIJ-B.ST:59911; MEKO.ST:59039; ELAN-B.ST:57351; LUND-B.ST:57318,SELL PCELL.ST 697 @ 80.40 fee 69.00; SELL HPOL-B.ST 558 @ 105.51 fee 69.00; BUY ELAN-B.ST 605 @ 94.79 fee 69.00; BUY LUND-B.ST 130 @ 440.90 fee 69.00
2023-07-17,65,540461,EMBRAC-B.ST:55531; NIBE-B.ST:51559; SAVE.ST:56896; SAAB-B.ST:82899; RATO-B.ST:61025; BEIJ-B.ST:58508; MEKO.ST:59601; ELAN-B.ST:57786; LUND-B.ST:56590,
2023-07-18,65,542328,EMBRAC-B.ST:55200; NIBE-B.ST:51647; SAVE.ST:57053; SAAB-B.ST:84127; RATO-B.ST:62474; BEIJ-B.ST:57763; MEKO.ST:60501; ELAN-B.ST:56371; LUND-B.ST:57126,
2023-07-19,65,558306,EMBRAC-B.ST:60300; NIBE-B.ST:52041; SAVE.ST:60410; SAAB-B.ST:84360; RATO-B.ST:68311; BEIJ-B.ST:56580; MEKO.ST:61232; ELAN-B.ST:57677; LUND-B.ST:57330,
2023-07-20,65,561322,EMBRAC-B.ST:59715; NIBE-B.ST:51866; SAVE.ST:61120; SAAB-B.ST:87808; RATO-B.ST:67606; BEIJ-B.ST:58815; MEKO.ST:60669; ELAN-B.ST:56262; LUND-B.ST:57394,
2023-07-21,102,559333,EMBRAC-B.ST:60367; SAAB-B.ST:84477; ELAN-B.ST:56915; HPOL-B.ST:71521; VOLV-B.ST:71447; HUSQ-B.ST:71573; CLAS-B.ST:71567; INVE-B.ST:71364,SELL NIBE-B.ST 557 @ 91.54 fee 69.00; SELL SAVE.ST 423 @ 144.21 fee 69.00; SELL RATO-B.ST 2111 @ 32.27 fee 69.00; SELL BEIJ-B.ST 446 @ 134.43 fee 69.00; SELL MEKO.ST 601 @ 100.29 fee 69.00; SELL LUND-B.ST 130 @ 445.62 fee 69.00; BUY HPOL-B.ST 720 @ 99.33 fee 69.00; BUY VOLV-B.ST 334 @ 213.91 fee 69.00; BUY HUSQ-B.ST 805 @ 88.91 fee 69.00; BUY CLAS-B.ST 902 @ 79.34 fee 69.00; BUY INVE-B.ST 346 @ 206.26 fee 69.00
2023-07-24,102,563206,EMBRAC-B.ST:63138; SAAB-B.ST:82987; ELAN-B.ST:56262; HPOL-B.ST:71786; VOLV-B.ST:72478; HUSQ-B.ST:73495; CLAS-B.ST:71093; INVE-B.ST:71865,
2023-07-25,102,568757,EMBRAC-B.ST:65246; SAAB-B.ST:78925; ELAN-B.ST:55827; HPOL-B.ST:75302; VOLV-B.ST:72430; HUSQ-B.ST:75961; CLAS-B.ST:72730; INVE-B.ST:72233,
2023-07-26,102,566731,EMBRAC-B.ST:65467; SAAB-B.ST:78662; ELAN-B.ST:55609; HPOL-B.ST:75103; VOLV-B.ST:72525; HUSQ-B.ST:75440; CLAS-B.ST:71739; INVE-B.ST:72082,
2023-07-27,102,572577,EMBRAC-B.ST:67013; SAAB-B.ST:79890; ELAN-B.ST:54848; HPOL-B.ST:75833; VOLV-B.ST:73540; HUSQ-B.ST:76594; CLAS-B.ST:72558; INVE-B.ST:72199,
2023-07-28,61,571792,EMBRAC-B.ST:67223; SAAB-B.ST:80036; ELAN-B.ST:54140; HUSQ-B.ST:76259; BULTEN.ST:58890; NOTE.ST:58833; NIBE-B.ST:58859; BEIJ-B.ST:58761; MEKO.ST:58731,SELL HPOL-B.ST 720 @ 105.51 fee 69.00; SELL VOLV-B.ST 334 @ 221.61 fee 69.00; SELL CLAS-B.ST 902 @ 80.35 fee 69.00; SELL INVE-B.ST 346 @ 208.67 fee 69.00; BUY BULTEN.ST 785 @ 75.02 fee 69.00; BUY NOTE.ST 340 @ 173.04 fee 69.00; BUY NIBE-B.ST 628 @ 93.73 fee 69.00; BUY BEIJ-B.ST 417 @ 140.91 fee 69.00; BUY MEKO.ST 561 @ 104.69 fee 69.00
2023-07-31,61,571135,EMBRAC-B.ST:66803; SAAB-B.ST:81058; ELAN-B.ST:54848; HUSQ-B.ST:77004; BULTEN.ST:58454; NOTE.ST:58083; NIBE-B.ST:58464; BEIJ-B.ST:58679; MEKO.ST:57681,
2023-08-01,61,573718,EMBRAC-B.ST:67046; SAAB-B.ST:81438; ELAN-B.ST:57895; HUSQ-B.ST:76222; BULTEN.ST:59326; NOTE.ST:58278; NIBE-B.ST:57835; BEIJ-B.ST:58146; MEKO.ST:57471,
2023-08-02,61,564798,EMBRAC-B.ST:64032; SAAB-B.ST:81584; ELAN-B.ST:56045; HUSQ-B.ST:74918; BULTEN.ST:58454; NOTE.ST:57561; NIBE-B.ST:57551; BEIJ-B.ST:58433; MEKO.ST:56159,
2023-08-03,61,559527,EMBRAC-B.ST:63612; SAAB-B.ST:81146; ELAN-B.ST:56698; HUSQ-B.ST:74620; BULTEN.ST:57072; NOTE.ST:57072; NIBE-B.ST:56700; BEIJ-B.ST:57122; MEKO.ST:55424,
2023-08-04,121,566151,EMBRAC-B.ST:65898; HUSQ-B.ST:75477; BULTEN.ST:57945; HM-B.ST:73296; VOLV-B.ST:73289; HEXA-B.ST:73428; CLAS-B.ST:73355; INVE-B.ST:73343,SELL SAAB-B.ST 590 @ 138.92 fee 69.00; SELL ELAN-B.ST 605 @ 94.25 fee 69.00; SELL NOTE.ST 340 @ 169.59 fee 69.00; SELL NIBE-B.ST 628 @ 90.90 fee 69.00; SELL BEIJ-B.ST 417 @ 137.47 fee 69.00; SELL MEKO.ST 561 @ 100.67 fee 69.00; BUY HM-B.ST 482 @ 152.07 fee 69.00; BUY VOLV-B.ST 337 @ 217.47 fee 69.00; BUY HEXA-B.ST 713 @ 102.99 fee 69.00; BUY CLAS-B.ST 897 @ 81.78 fee 69.00; BUY INVE-B.ST 361 @ 203.17 fee 69.00
2023-08-07,121,569060,EMBRAC-B.ST:62928; HUSQ-B.ST:74732; BULTEN.ST:57072; HM-B.ST:73765; VOLV-B.ST:73689; HEXA-B.ST:73002; CLAS-B.ST:80339; INVE-B.ST:73413,
2023-08-08,121,567204,EMBRAC-B.ST:62122; HUSQ-B.ST:73495; BULTEN.ST:56127; HM-B.ST:73455; VOLV-B.ST:72697; HEXA-B.ST:73286; CLAS-B.ST:82610; INVE-B.ST:73291,
2023-08-09,121,565616,EMBRAC-B.ST:62531; HUSQ-B.ST:73629; BULTEN.ST:56854; HM-B.ST:73739; VOLV-B.ST:72537; HEXA-B.ST:72575; CLAS-B.ST:79225; INVE-B.ST:74406,
2023-08-10,121,570892,EMBRAC-B.ST:63844; HUSQ-B.ST:72720; BULTEN.ST:56563; HM-B.ST:75040; VOLV-B.ST:72777; HEXA-B.ST:74175; CLAS-B.ST:80811; INVE-B.ST:74841,
2023-08-11,36,561211,EMBRAC-B.ST:61824; BULTEN.ST:56054; HM-B.ST:74022; VOLV-B.ST:72441; HEXA-B.ST:73002; CLAS-B.ST:79311; INVE-B.ST:73047; SAAB-B.ST:71474,SELL HUSQ-B.ST 805 @ 88.85 fee 69.00; BUY SAAB-B.ST 518 @ 137.98 fee 69.00
2023-08-14,36,566018,EMBRAC-B.ST:64617; BULTEN.ST:55982; HM-B.ST:74261; VOLV-B.ST:72473; HEXA-B.ST:73606; CLAS-B.ST:80511; INVE-B.ST:73186; SAAB-B.ST:71346,
2023-08-15,36,561769,EMBRAC-B.ST:61371; BULTEN.ST:55182; HM-B.ST:73995; VOLV-B.ST:71881; HEXA-B.ST:72753; CLAS-B.ST:83082; INVE-B.ST:72071; SAAB-B.ST:71397,
2023-08-16,36,558671,EMBRAC-B.ST:57861; BULTEN.ST:55764; HM-B.ST:75049; VOLV-B.ST:72457; HEXA-B.ST:72575; CLAS-B.ST:81239; INVE-B.ST:72524; SAAB-B.ST:71166,
2023-08-17,36,558711,EMBRAC-B.ST:65136; BULTEN.ST:53801; HM-B.ST:74226; VOLV-B.ST:71897; HEXA-B.ST:70662; CLAS-B.ST:80811; INVE-B.ST:71618; SAAB-B.ST:70525,
2023-08-18,52,554366,EMBRAC-B.ST:63447; BULTEN.ST:54528; HM-B.ST:72995; VOLV-B.ST:71513; CLAS-B.ST:80811; NOTE.ST:52729; NIBE-B.ST:52785; NEWA-B.ST:52771; HUSQ-B.ST:52736,SELL HEXA-B.ST 713 @ 98.07 fee 69.00; SELL INVE-B.ST 361 @ 197.38 fee 69.00; SELL SAAB-B.ST 518 @ 135.80 fee 69.00; BUY NOTE.ST 336 @ 156.93 fee 69.00; BUY NIBE-B.ST 681 @ 77.51 fee 69.00; BUY NEWA-B.ST 773 @ 68.27 fee 69.00; BUY HUSQ-B.ST 612 @ 86.17 fee 69.00
2023-08-21,52,547823,EMBRAC-B.ST:59384; BULTEN.ST:53873; HM-B.ST:72224; VOLV-B.ST:71273; CLAS-B.ST:81625; NOTE.ST:51730; NIBE-B.ST:51929; NEWA-B.ST:53303; HUSQ-B.ST:52430,
2023-08-22,52,549726,EMBRAC-B.ST:59616; BULTEN.ST:53437; HM-B.ST:72517; VOLV-B.ST:71593; CLAS-B.ST:82310; NOTE.ST:51537; NIBE-B.ST:52638; NEWA-B.ST:53494; HUSQ-B.ST:52532,
2023-08-23,52,548296,EMBRAC-B.ST:58302; BULTEN.ST:52855; HM-B.ST:71224; VOLV-B.ST:71225; CLAS-B.ST:82139; NOTE.ST:52181; NIBE-B.ST:54204; NEWA-B.ST:53763; HUSQ-B.ST:52351,
2023-08-24,52,535716,EMBRAC-B.ST:54096; BULTEN.ST:53146; HM-B.ST:69594; VOLV-B.ST:69656; CLAS-B.ST:81111; NOTE.ST:51924; NIBE-B.ST:54646; NEWA-B.ST:51496; HUSQ-B.ST:49995,
2023-08-25,183,538450,BULTEN.ST:53219; HM-B.ST:70799; VOLV-B.ST:69704; CLAS-B.ST:83039; NOTE.ST:52310; HEXA-B.ST:69831; SAAB-B.ST:69758; INVE-B.ST:69607,SELL EMBRAC-B.ST 368 @ 143.34 fee 69.00; SELL NIBE-B.ST 681 @ 80.50 fee 69.00; SELL NEWA-B.ST 773 @ 67.88 fee 69.00; SELL HUSQ-B.ST 612 @ 81.32 fee 69.00; BUY HEXA-B.ST 724 @ 96.45 fee 69.00; BUY SAAB-B.ST 497 @ 140.36 fee 69.00; BUY INVE-B.ST 344 @ 202.35 fee 69.00
2023-08-28,183,544259,BULTEN.ST:52710; HM-B.ST:71401; VOLV-B.ST:71033; CLAS-B.ST:82910; NOTE.ST:54082; HEXA-B.ST:70914; SAAB-B.ST:71137; INVE-B.ST:69889,
2023-08-29,183,548194,BULTEN.ST:52855; HM-B.ST:71728; VOLV-B.ST:70857; CLAS-B.ST:85181; NOTE.ST:55080; HEXA-B.ST:71478; SAAB-B.ST:70694; INVE-B.ST:70138,
2023-08-30,183,548391,BULTEN.ST:53001; HM-B.ST:71861; VOLV-B.ST:70729; CLAS-B.ST:85567; NOTE.ST:54823; HEXA-B.ST:70972; SAAB-B.ST:71334; INVE-B.ST:69923,
2023-08-31,183,553466,BULTEN.ST:54019; HM-B.ST:74155; VOLV-B.ST:70793; CLAS-B.ST:86210; NOTE.ST:56111; HEXA-B.ST:70698; SAAB-B.ST:71211; INVE-B.ST:70089,
2023-09-01,142,551253,BULTEN.ST:52928; HM-B.ST:74403; VOLV-B.ST:70409; CLAS-B.ST:86552; NOTE.ST:55209; SAAB-B.ST:71604; EQT.ST:69935; HUSQ-B.ST:70072,SELL HEXA-B.ST 724 @ 97.47 fee 69.00; SELL INVE-B.ST 344 @ 202.54 fee 69.00; BUY EQT.ST 325 @ 215.18 fee 69.00; BUY HUSQ-B.ST 841 @ 83.32 fee 69.00
2023-09-04,142,550200,BULTEN.ST:53873; HM-B.ST:74155; VOLV-B.ST:70200; CLAS-B.ST:85695; NOTE.ST:54372; SAAB-B.ST:71850; EQT.ST:69871; HUSQ-B.ST:70041,
2023-09-05,142,552846,BULTEN.ST:53146; HM-B.ST:73889; VOLV-B.ST:70553; CLAS-B.ST:86638; NOTE.ST:55402; SAAB-B.ST:72318; EQT.ST:71900; HUSQ-B.ST:68857,
2023-09-06,142,562644,BULTEN.ST:52637; HM-B.ST:73066; VOLV-B.ST:71177; CLAS-B.ST:97179; NOTE.ST:55886; SAAB-B.ST:72441; EQT.ST:70061; HUSQ-B.ST:70056,
2023-09-07,142,560357,BULTEN.ST:52056; HM-B.ST:73809; VOLV-B.ST:70184; CLAS-B.ST:99578; NOTE.ST:55596; SAAB-B.ST:72835; EQT.ST:68825; HUSQ-B.ST:67332,
2023-09-08,58,559303,BULTEN.ST:51474; CLAS-B.ST:100264; NOTE.ST:55628; SAAB-B.ST:72983; EQT.ST:68254; HUSQ-B.ST:66631; HEXA-B.ST:72033; NIBE-B.ST:71978,SELL HM-B.ST 482 @ 153.17 fee 69.00; SELL VOLV-B.ST 337 @ 208.83 fee 69.00; BUY HEXA-B.ST 757 @ 95.16 fee 69.00; BUY NIBE-B.ST 907 @ 79.36 fee 69.00
2023-09-11,58,560423,BULTEN.ST:52492; CLAS-B.ST:100350; NOTE.ST:56530; SAAB-B.ST:74140; EQT.ST:68508; HUSQ-B.ST:66367; HEXA-B.ST:72335; NIBE-B.ST:69643,
2023-09-12,58,555153,BULTEN.ST:51401; CLAS-B.ST:102260; NOTE.ST:54468; SAAB-B.ST:74927; EQT.ST:68476; HUSQ-B.ST:65822; HEXA-B.ST:70235; NIBE-B.ST:67504,
2023-09-13,58,550411,BULTEN.ST:51038; CLAS-B.ST:100698; NOTE.ST:52954; SAAB-B.ST:74730; EQT.ST:69110; HUSQ-B.ST:64997; HEXA-B.ST:70266; NIBE-B.ST:66560,
2023-09-14,58,556032,BULTEN.ST:51256; CLAS-B.ST:101739; NOTE.ST:53470; SAAB-B.ST:76060; EQT.ST:68603; HUSQ-B.ST:66896; HEXA-B.ST:72033; NIBE-B.ST:65918,
2023-09-15,109,555673,CLAS-B.ST:101305; NOTE.ST:52890; SAAB-B.ST:76429; HUSQ-B.ST:66616; HEXA-B.ST:72697; NIBE-B.ST:66435; VOLV-B.ST:59610; INVE-B.ST:59583,SELL BULTEN.ST 785 @ 66.96 fee 69.00; SELL EQT.ST 325 @ 206.01 fee 69.00; BUY VOLV-B.ST 275 @ 216.76 fee 69.00; BUY INVE-B.ST 287 @ 207.61 fee 69.00
2023-09-18,109,553125,CLAS-B.ST:100177; NOTE.ST:52214; SAAB-B.ST:76010; HUSQ-B.ST:67176; HEXA-B.ST:72501; NIBE-B.ST:65419; VOLV-B.ST:60158; INVE-B.ST:59361,
2023-09-19,109,548547,CLAS-B.ST:100698; NOTE.ST:51795; SAAB-B.ST:74927; HUSQ-B.ST:66725; HEXA-B.ST:71655; NIBE-B.ST:62834; VOLV-B.ST:60249; INVE-B.ST:59555,
2023-09-20,109,550206,CLAS-B.ST:102955; NOTE.ST:52665; SAAB-B.ST:71752; HUSQ-B.ST:65604; HEXA-B.ST:71927; NIBE-B.ST:64349; VOLV-B.ST:60667; INVE-B.ST:60179,
2023-09-21,109,544344,CLAS-B.ST:104951; NOTE.ST:52375; SAAB-B.ST:71112; HUSQ-B.ST:64421; HEXA-B.ST:70824; NIBE-B.ST:60053; VOLV-B.ST:60680; INVE-B.ST:59818,
2023-09-22,88,538134,CLAS-B.ST:103041; NOTE.ST:51569; HUSQ-B.ST:63642; HEXA-B.ST:70719; NIBE-B.ST:59715; VOLV-B.ST:59792; INVE-B.ST:59306; EQT.ST:35202; SKA-B.ST:35059,SELL SAAB-B.ST 497 @ 141.75 fee 69.00; BUY EQT.ST 166 @ 212.06 fee 69.00; BUY SKA-B.ST 213 @ 164.60 fee 69.00
2023-09-25,88,533992,CLAS-B.ST:101132; NOTE.ST:50668; HUSQ-B.ST:63486; HEXA-B.ST:70870; NIBE-B.ST:58610; VOLV-B.ST:59714; INVE-B.ST:59140; EQT.ST:34878; SKA-B.ST:35407,
2023-09-26,88,528264,CLAS-B.ST:100784; NOTE.ST:49347; HUSQ-B.ST:63642; HEXA-B.ST:69767; NIBE-B.ST:57968; VOLV-B.ST:58813; INVE-B.ST:58766; EQT.ST:34636; SKA-B.ST:34453,
2023-09-27,88,533850,CLAS-B.ST:101305; NOTE.ST:49798; HUSQ-B.ST:64405; HEXA-B.ST:70432; NIBE-B.ST:61052; VOLV-B.ST:58878; INVE-B.ST:58240; EQT.ST:34733; SKA-B.ST:34920,
2023-09-28,88,537612,CLAS-B.ST:102347; NOTE.ST:50249; HUSQ-B.ST:64825; HEXA-B.ST:70326; NIBE-B.ST:62656; VOLV-B.ST:59518; INVE-B.ST:58143; EQT.ST:34182; SKA-B.ST:35278,
2023-09-29,32,539830,CLAS-B.ST:101652; NOTE.ST:50764; HUSQ-B.ST:65183; HEXA-B.ST:70507; NIBE-B.ST:63993; EQT.ST:35121; SKA-B.ST:35765; PCELL.ST:58456; BULTEN.ST:58356,SELL VOLV-B.ST 275 @ 214.25 fee 69.00; SELL INVE-B.ST 287 @ 202.49 fee 69.00; BUY PCELL.ST 1091 @ 53.58 fee 69.00; BUY BULTEN.ST 904 @ 64.55 fee 69.00
2023-10-02,32,529889,CLAS-B.ST:101566; NOTE.ST:49637; HUSQ-B.ST:64888; HEXA-B.ST:70175; NIBE-B.ST:61390; EQT.ST:34166; SKA-B.ST:34861; PCELL.ST:54986; BULTEN.ST:58189,
2023-10-03,32,518545,CLAS-B.ST:100264; NOTE.ST:48993; HUSQ-B.ST:63736; HEXA-B.ST:69843; NIBE-B.ST:61907; EQT.ST:33227; SKA-B.ST:33808; PCELL.ST:50306; BULTEN.ST:56430,
2023-10-04,32,519199,CLAS-B.ST:99916; NOTE.ST:49540; HUSQ-B.ST:63627; HEXA-B.ST:70371; NIBE-B.ST:61052; EQT.ST:33842; SKA-B.ST:34384; PCELL.ST:50088; BULTEN.ST:56347,
2023-10-05,32,523925,CLAS-B.ST:101479; NOTE.ST:50023; HUSQ-B.ST:64313; HEXA-B.ST:70402; NIBE-B.ST:61800; EQT.ST:34182; SKA-B.ST:34811; PCELL.ST:50033; BULTEN.ST:56849,
2023-10-06,49,525963,CLAS-B.ST:105472; NOTE.ST:47092; HUSQ-B.ST:63483; NIBE-B.ST:61622; SKA-B.ST:35199; PCELL.ST:49826; BULTEN.ST:56765; VOLV-B.ST:53253; INVE-B.ST:53203,SELL HEXA-B.ST 757 @ 94.58 fee 69.00; SELL EQT.ST 166 @ 211.77 fee 69.00; BUY VOLV-B.ST 249 @ 213.87 fee 69.00; BUY INVE-B.ST 261 @ 203.84 fee 69.00
2023-10-09,49,522877,CLAS-B.ST:105212; NOTE.ST:45739; HUSQ-B.ST:62669; NIBE-B.ST:61087; SKA-B.ST:35169; PCELL.ST:50579; BULTEN.ST:56347; VOLV-B.ST:52484; INVE-B.ST:53543,
2023-10-10,49,541589,CLAS-B.ST:107989; NOTE.ST:47350; HUSQ-B.ST:64712; NIBE-B.ST:63672; SKA-B.ST:35665; PCELL.ST:55750; BULTEN.ST:58189; VOLV-B.ST:53725; INVE-B.ST:54488,
2023-10-11,49,533911,CLAS-B.ST:104170; NOTE.ST:46383; HUSQ-B.ST:66068; NIBE-B.ST:62834; SKA-B.ST:35735; PCELL.ST:52968; BULTEN.ST:57184; VOLV-B.ST:53867; INVE-B.ST:54651,
2023-10-12,49,533521,CLAS-B.ST:106514; NOTE.ST:45578; HUSQ-B.ST:64504; NIBE-B.ST:62050; SKA-B.ST:35536; PCELL.ST:51266; BULTEN.ST:58272; VOLV-B.ST:54281; INVE-B.ST:55470,
2023-10-13,86,526369,CLAS-B.ST:106514; NIBE-B.ST:59394; SKA-B.ST:34672; PCELL.ST:50568; VOLV-B.ST:53761; INVE-B.ST:55054; SAAB-B.ST:83246; CEVI.ST:83075,SELL NOTE.ST 336 @ 132.58 fee 69.00; SELL HUSQ-B.ST 841 @ 75.96 fee 69.00; SELL BULTEN.ST 904 @ 64.46 fee 69.00; BUY SAAB-B.ST 578 @ 144.02 fee 69.00; BUY CEVI.ST 637 @ 130.42 fee 69.00
2023-10-16,86,528079,CLAS-B.ST:107121; NIBE-B.ST:60784; SKA-B.ST:34543; PCELL.ST:52597; VOLV-B.ST:53702; INVE-B.ST:55193; SAAB-B.ST:82473; CEVI.ST:81580,
2023-10-17,86,524266,CLAS-B.ST:105732; NIBE-B.ST:59305; SKA-B.ST:34016; PCELL.ST:53535; VOLV-B.ST:53477; INVE-B.ST:54752; SAAB-B.ST:82530; CEVI.ST:80833,
2023-10-18,86,518488,CLAS-B.ST:105819; NIBE-B.ST:57611; SKA-B.ST:33837; PCELL.ST:51212; VOLV-B.ST:54258; INVE-B.ST:53316; SAAB-B.ST:82015; CEVI.ST:80335,
2023-10-19,86,512535,CLAS-B.ST:104604; NIBE-B.ST:58182; SKA-B.ST:33410; PCELL.ST:53514; VOLV-B.ST:52697; INVE-B.ST:52901; SAAB-B.ST:80669; CEVI.ST:76474,
2023-10-20,8,504618,NIBE-B.ST:57415; PCELL.ST:52630; CEVI.ST:77595; EMBRAC-B.ST:52841; RATO-B.ST:52896; NEWA-B.ST:52868; BEIJ-B.ST:52800; HUSQ-B.ST:52840; G5EN.ST:52727,SELL CLAS-B.ST 897 @ 114.68 fee 70.98; SELL SKA-B.ST 213 @ 154.48 fee 69.00; SELL VOLV-B.ST 249 @ 208.07 fee 69.00; SELL INVE-B.ST 261 @ 193.01 fee 69.00; SELL SAAB-B.ST 578 @ 137.88 fee 69.00; BUY EMBRAC-B.ST 479 @ 110.32 fee 69.00; BUY RATO-B.ST 1938 @ 27.29 fee 69.00; BUY NEWA-B.ST 818 @ 64.63 fee 69.00; BUY BEIJ-B.ST 532 @ 99.25 fee 69.00; BUY HUSQ-B.ST 765 @ 69.07 fee 69.00; BUY G5EN.ST 410 @ 128.60 fee 69.00
2023-10-23,8,506887,NIBE-B.ST:57647; PCELL.ST:50579; CEVI.ST:80957; EMBRAC-B.ST:51473; RATO-B.ST:56096; NEWA-B.ST:52538; BEIJ-B.ST:54202; HUSQ-B.ST:50372; G5EN.ST:53015,
2023-10-24,8,518285,NIBE-B.ST:58021; PCELL.ST:51550; CEVI.ST:87185; EMBRAC-B.ST:53031; RATO-B.ST:55988; NEWA-B.ST:53497; BEIJ-B.ST:53310; HUSQ-B.ST:51780; G5EN.ST:53916,
2023-10-25,8,504003,NIBE-B.ST:56185; PCELL.ST:48429; CEVI.ST:83448; EMBRAC-B.ST:51617; RATO-B.ST:53004; NEWA-B.ST:53895; BEIJ-B.ST:53257; HUSQ-B.ST:51722; G5EN.ST:52438,
2023-10-26,8,508016,NIBE-B.ST:56239; PCELL.ST:50808; CEVI.ST:79463; EMBRAC-B.ST:51330; RATO-B.ST:54586; NEWA-B.ST:54794; BEIJ-B.ST:56198; HUSQ-B.ST:52549; G5EN.ST:52042,
2023-10-27,34,506126,NIBE-B.ST:56399; PCELL.ST:49062; CEVI.ST:80086; EMBRAC-B.ST:51261; RATO-B.ST:55557; HUSQ-B.ST:51301; G5EN.ST:52366; BULTEN.ST:55071; ELUX-B.ST:54990,SELL NEWA-B.ST 818 @ 65.83 fee 69.00; SELL BEIJ-B.ST 532 @ 106.23 fee 69.00; BUY BULTEN.ST 996 @ 55.29 fee 69.00; BUY ELUX-B.ST 611 @ 90.00 fee 69.00
2023-10-30,34,507862,NIBE-B.ST:56043; PCELL.ST:47502; CEVI.ST:81331; EMBRAC-B.ST:50071; RATO-B.ST:55593; HUSQ-B.ST:51954; G5EN.ST:51393; BULTEN.ST:57192; ELUX-B.ST:56750,
2023-10-31,34,517371,NIBE-B.ST:57201; PCELL.ST:48975; CEVI.ST:84320; EMBRAC-B.ST:52037; RATO-B.ST:55772; HUSQ-B.ST:52331; G5EN.ST:52042; BULTEN.ST:57469; ELUX-B.ST:57190,
2023-11-01,34,516247,NIBE-B.ST:56809; PCELL.ST:47306; CEVI.ST:87060; EMBRAC-B.ST:51427; RATO-B.ST:56276; HUSQ-B.ST:52099; G5EN.ST:51645; BULTEN.ST:55716; ELUX-B.ST:57874,
2023-11-02,34,533661,NIBE-B.ST:58485; PCELL.ST:51299; CEVI.ST:90299; EMBRAC-B.ST:53226; RATO-B.ST:57462; HUSQ-B.ST:53899; G5EN.ST:53700; BULTEN.ST:56454; ELUX-B.ST:58803,
2023-11-03,94,548748,PCELL.ST:54768; CEVI.ST:90921; EMBRAC-B.ST:55997; HUSQ-B.ST:55177; BULTEN.ST:58668; HEXA-B.ST:58345; NEWA-B.ST:58315; EQT.ST:58228; BEIJ-B.ST:58234,SELL NIBE-B.ST 907 @ 67.76 fee 69.00; SELL RATO-B.ST 1938 @ 30.37 fee 69.00; SELL G5EN.ST 410 @ 130.71 fee 69.00; SELL ELUX-B.ST 611 @ 97.90 fee 69.00; BUY HEXA-B.ST 619 @ 94.26 fee 69.00; BUY NEWA-B.ST 840 @ 69.42 fee 69.00; BUY EQT.ST 277 @ 210.21 fee 69.00; BUY BEIJ-B.ST 522 @ 111.56 fee 69.00
2023-11-06,94,550388,PCELL.ST:51659; CEVI.ST:95654; EMBRAC-B.ST:55802; HUSQ-B.ST:55612; BULTEN.ST:57469; HEXA-B.ST:58901; NEWA-B.ST:58585; EQT.ST:58687; BEIJ-B.ST:57925,
2023-11-07,94,552133,PCELL.ST:51768; CEVI.ST:95032; EMBRAC-B.ST:54876; HUSQ-B.ST:54973; BULTEN.ST:56639; HEXA-B.ST:59370; NEWA-B.ST:61664; EQT.ST:59174; BEIJ-B.ST:58543,
2023-11-08,94,555829,PCELL.ST:50830; CEVI.ST:100263; EMBRAC-B.ST:56670; HUSQ-B.ST:54001; BULTEN.ST:55901; HEXA-B.ST:58716; NEWA-B.ST:59570; EQT.ST:61551; BEIJ-B.ST:58234,
2023-11-09,94,567258,PCELL.ST:51452; CEVI.ST:100014; EMBRAC-B.ST:59894; HUSQ-B.ST:55104; BULTEN.ST:57284; HEXA-B.ST:59728; NEWA-B.ST:61871; EQT.ST:62551; BEIJ-B.ST:59265,
2023-11-10,4,548216,PCELL.ST:47720; EMBRAC-B.ST:56865; HUSQ-B.ST:53856; HEXA-B.ST:58741; NEWA-B.ST:60555; BEIJ-B.ST:56482; NOTE.ST:71323; NIBE-B.ST:71397; SINT.ST:71273,SELL CEVI.ST 637 @ 153.10 fee 69.00; SELL BULTEN.ST 996 @ 56.50 fee 69.00; SELL EQT.ST 277 @ 218.50 fee 69.00; BUY NOTE.ST 476 @ 149.84 fee 69.00; BUY NIBE-B.ST 1112 @ 64.21 fee 69.00; BUY SINT.ST 763 @ 93.41 fee 69.00
2023-11-13,4,550312,PCELL.ST:45647; EMBRAC-B.ST:57739; HUSQ-B.ST:53565; HEXA-B.ST:58753; NEWA-B.ST:62156; BEIJ-B.ST:55812; NOTE.ST:71505; NIBE-B.ST:71376; SINT.ST:73755,
2023-11-14,4,582781,PCELL.ST:50055; EMBRAC-B.ST:61920; HUSQ-B.ST:55815; HEXA-B.ST:61544; NEWA-B.ST:65320; BEIJ-B.ST:63594; NOTE.ST:75977; NIBE-B.ST:75506; SINT.ST:73046,
2023-11-15,4,586753,PCELL.ST:50579; EMBRAC-B.ST:60498; HUSQ-B.ST:56962; HEXA-B.ST:63316; NEWA-B.ST:66559; BEIJ-B.ST:63645; NOTE.ST:76570; NIBE-B.ST:73801; SINT.ST:74819,
2023-11-16,4,573517,PCELL.ST:49390; EMBRAC-B.ST:62423; HUSQ-B.ST:55583; HEXA-B.ST:62420; NEWA-B.ST:65089; BEIJ-B.ST:61274; NOTE.ST:73924; NIBE-B.ST:69300; SINT.ST:74110,
2023-11-17,211,583475,PCELL.ST:48059; HUSQ-B.ST:57078; NIBE-B.ST:71463; AZN.ST:67457; BULTEN.ST:67862; ELAN-B.ST:67839; CEVI.ST:67836; G5EN.ST:67793; INVE-B.ST:67878,SELL EMBRAC-B.ST 479 @ 142.71 fee 69.00; SELL HEXA-B.ST 619 @ 101.59 fee 69.00; SELL NEWA-B.ST 840 @ 79.20 fee 69.00; SELL BEIJ-B.ST 522 @ 119.56 fee 69.00; SELL NOTE.ST 476 @ 153.48 fee 69.00; SELL SINT.ST 763 @ 97.59 fee 69.00; BUY AZN.ST 50 @ 1349.14 fee 69.00; BUY BULTEN.ST 1129 @ 60.11 fee 69.00; BUY ELAN-B.ST 805 @ 84.27 fee 69.00; BUY CEVI.ST 415 @ 163.46 fee 69.00; BUY G5EN.ST 525 @ 129.13 fee 69.00; BUY INVE-B.ST 331 @ 205.07 fee 69.00
2023-11-20,211,585835,PCELL.ST:49761; HUSQ-B.ST:57078; NIBE-B.ST:70982; AZN.ST:66311; BULTEN.ST:66816; ELAN-B.ST:67549; CEVI.ST:69864; G5EN.ST:68854; INVE-B.ST:68408,
2023-11-21,211,573079,PCELL.ST:45320; HUSQ-B.ST:55612; NIBE-B.ST:69300; AZN.ST:66759; BULTEN.ST:65561; ELAN-B.ST:66029; CEVI.ST:69621; G5EN.ST:66547; INVE-B.ST:68119,
2023-11-22,211,579189,PCELL.ST:45909; HUSQ-B.ST:55888; NIBE-B.ST:69365; AZN.ST:66435; BULTEN.ST:68594; ELAN-B.ST:66391; CEVI.ST:69864; G5EN.ST:67931; INVE-B.ST:68601,
2023-11-23,211,583676,PCELL.ST:45156; HUSQ-B.ST:55888; NIBE-B.ST:69715; AZN.ST:67382; BULTEN.ST:69116; ELAN-B.ST:66463; CEVI.ST:71244; G5EN.ST:69546; INVE-B.ST:68954,
2023-11-24,82,586775,PCELL.ST:45582; HUSQ-B.ST:56425; NIBE-B.ST:70152; AZN.ST:67332; BULTEN.ST:68175; ELAN-B.ST:67187; G5EN.ST:69869; INVE-B.ST:69355; EMBRAC-B.ST:72614,SELL CEVI.ST 415 @ 175.00 fee 69.00; BUY EMBRAC-B.ST 553 @ 131.31 fee 69.00
2023-11-27,82,585829,PCELL.ST:45669; HUSQ-B.ST:56730; NIBE-B.ST:69256; AZN.ST:66361; BULTEN.ST:70371; ELAN-B.ST:66318; G5EN.ST:69500; INVE-B.ST:69259; EMBRAC-B.ST:72283,
2023-11-28,82,577541,PCELL.ST:44109; HUSQ-B.ST:56788; NIBE-B.ST:66874; AZN.ST:65364; BULTEN.ST:68280; ELAN-B.ST:66246; G5EN.ST:69039; INVE-B.ST:68809; EMBRAC-B.ST:71951,
2023-11-29,82,583146,PCELL.ST:45255; HUSQ-B.ST:58283; NIBE-B.ST:68382; AZN.ST:66111; BULTEN.ST:68280; ELAN-B.ST:64798; G5EN.ST:69085; INVE-B.ST:69211; EMBRAC-B.ST:73660,
2023-11-30,82,586914,PCELL.ST:45582; HUSQ-B.ST:58153; NIBE-B.ST:67704; AZN.ST:66809; BULTEN.ST:66293; ELAN-B.ST:66101; G5EN.ST:69777; INVE-B.ST:69950; EMBRAC-B.ST:76463,
2023-12-01,113,592289,PCELL.ST:46324; NIBE-B.ST:68600; AZN.ST:67208; BULTEN.ST:67339; ELAN-B.ST:66101; G5EN.ST:70008; EMBRAC-B.ST:77990; NOTE.ST:42943; BEIJ-B.ST:42896; CEVI.ST:42768,SELL HUSQ-B.ST 765 @ 76.64 fee 69.00; SELL INVE-B.ST 331 @ 212.54 fee 69.00; BUY NOTE.ST 289 @ 148.59 fee 69.00; BUY BEIJ-B.ST 372 @ 115.31 fee 69.00; BUY CEVI.ST 248 @ 172.45 fee 69.00
2023-12-04,113,597798,PCELL.ST:47426; NIBE-B.ST:68098; AZN.ST:67856; BULTEN.ST:71940; ELAN-B.ST:65160; G5EN.ST:69546; EMBRAC-B.ST:81059; NOTE.ST:42472; BEIJ-B.ST:42235; CEVI.ST:41896,
2023-12-05,113,609495,PCELL.ST:48484; NIBE-B.ST:70611; AZN.ST:67158; BULTEN.ST:71626; ELAN-B.ST:65232; G5EN.ST:71254; EMBRAC-B.ST:85969; NOTE.ST:43635; BEIJ-B.ST:44438; CEVI.ST:40974,
2023-12-06,113,621914,PCELL.ST:48168; NIBE-B.ST:74850; AZN.ST:66909; BULTEN.ST:72044; ELAN-B.ST:64726; G5EN.ST:73146; EMBRAC-B.ST:86865; NOTE.ST:46738; BEIJ-B.ST:46605; CEVI.ST:41750,
2023-12-07,113,625887,PCELL.ST:47709; NIBE-B.ST:73124; AZN.ST:66086; BULTEN.ST:75286; ELAN-B.ST:64508; G5EN.ST:74576; EMBRAC-B.ST:89901; NOTE.ST:46323; BEIJ-B.ST:46752; CEVI.ST:41508,
2023-12-08,178,639068,PCELL.ST:48440; NIBE-B.ST:75506; AZN.ST:66336; HM-B.ST:74719; SAAB-B.ST:74765; EQT.ST:74811; LUND-B.ST:74704; CLAS-B.ST:74859; INVE-B.ST:74749,SELL BULTEN.ST 1129 @ 67.70 fee 69.00; SELL ELAN-B.ST 805 @ 83.10 fee 69.00; SELL G5EN.ST 525 @ 144.34 fee 69.00; SELL EMBRAC-B.ST 553 @ 164.52 fee 69.00; SELL NOTE.ST 289 @ 165.56 fee 69.00; SELL BEIJ-B.ST 372 @ 127.06 fee 69.00; SELL CEVI.ST 248 @ 178.91 fee 69.00; BUY HM-B.ST 462 @ 161.73 fee 69.00; BUY SAAB-B.ST 555 @ 134.71 fee 69.00; BUY EQT.ST 318 @ 235.26 fee 69.00; BUY LUND-B.ST 143 @ 522.41 fee 69.00; BUY CLAS-B.ST 515 @ 145.36 fee 69.00; BUY INVE-B.ST 343 @ 217.93 fee 69.00
2023-12-11,178,645997,PCELL.ST:46695; NIBE-B.ST:78041; AZN.ST:66585; HM-B.ST:76503; SAAB-B.ST:74298; EQT.ST:75155; LUND-B.ST:76109; CLAS-B.ST:76654; INVE-B.ST:75780,
2023-12-12,178,643311,PCELL.ST:45746; NIBE-B.ST:75506; AZN.ST:66784; HM-B.ST:75637; SAAB-B.ST:76580; EQT.ST:73313; LUND-B.ST:75687; CLAS-B.ST:77750; INVE-B.ST:76130,
2023-12-13,178,641712,PCELL.ST:43760; NIBE-B.ST:74326; AZN.ST:67881; HM-B.ST:75620; SAAB-B.ST:77762; EQT.ST:73376; LUND-B.ST:76277; CLAS-B.ST:76753; INVE-B.ST:75780,
2023-12-14,178,670255,PCELL.ST:49662; NIBE-B.ST:81494; AZN.ST:67856; HM-B.ST:76529; SAAB-B.ST:77817; EQT.ST:83893; LUND-B.ST:78131; CLAS-B.ST:78199; INVE-B.ST:76496,
2023-12-15,26,677554,AZN.ST:66386; HM-B.ST:76893; EQT.ST:87483; INVE-B.ST:76978; VOLV-B.ST:73863; NOTE.ST:74027; SHB-B.ST:73941; SAVE.ST:74012; SINT.ST:73944,SELL PCELL.ST 1091 @ 48.54 fee 69.00; SELL NIBE-B.ST 1112 @ 73.70 fee 69.00; SELL SAAB-B.ST 555 @ 141.79 fee 69.00; SELL LUND-B.ST 143 @ 550.49 fee 69.00; SELL CLAS-B.ST 515 @ 151.45 fee 69.00; BUY VOLV-B.ST 298 @ 247.86 fee 69.00; BUY NOTE.ST 520 @ 142.36 fee 69.00; BUY SHB-B.ST 624 @ 118.50 fee 69.00; BUY SAVE.ST 430 @ 172.12 fee 69.00; BUY SINT.ST 747 @ 98.99 fee 69.00
2023-12-18,26,674108,AZN.ST:66984; HM-B.ST:78486; EQT.ST:87171; INVE-B.ST:76929; VOLV-B.ST:73453; NOTE.ST:73329; SHB-B.ST:74629; SAVE.ST:70199; SINT.ST:72903,
2023-12-19,26,678433,AZN.ST:67133; HM-B.ST:78815; EQT.ST:89293; INVE-B.ST:77161; VOLV-B.ST:73496; NOTE.ST:76470; SHB-B.ST:74515; SAVE.ST:69316; SINT.ST:72209,
2023-12-20,26,678277,AZN.ST:67407; HM-B.ST:78625; EQT.ST:87608; INVE-B.ST:77478; VOLV-B.ST:73991; NOTE.ST:77367; SHB-B.ST:74400; SAVE.ST:68473; SINT.ST:72903,
2023-12-21,26,670423,AZN.ST:67208; HM-B.ST:78201; EQT.ST:87139; INVE-B.ST:76929; VOLV-B.ST:73481; NOTE.ST:73429; SHB-B.ST:73597; SAVE.ST:67510; SINT.ST:72903,
2023-12-22,512,668989,AZN.ST:66660; HM-B.ST:76416; INVE-B.ST:77195; VOLV-B.ST:73510; SHB-B.ST:73941; SAVE.ST:67871; SINT.ST:72903; LUND-B.ST:79825; SKA-B.ST:80156,SELL EQT.ST 318 @ 274.42 fee 69.00; SELL NOTE.ST 520 @ 141.31 fee 69.00; BUY LUND-B.ST 147 @ 543.03 fee 69.00; BUY SKA-B.ST 472 @ 169.82 fee 69.00
2023-12-27,512,671706,AZN.ST:66685; HM-B.ST:76841; INVE-B.ST:77245; VOLV-B.ST:74118; SHB-B.ST:74744; SAVE.ST:68674; SINT.ST:72903; LUND-B.ST:79565; SKA-B.ST:80420,
2023-12-28,512,671048,AZN.ST:67208; HM-B.ST:76347; INVE-B.ST:77195; VOLV-B.ST:74019; SHB-B.ST:74744; SAVE.ST:68754; SINT.ST:72209; LUND-B.ST:79421; SKA-B.ST:80640,
2023-12-29,512,669730,AZN.ST:67457; HM-B.ST:76486; INVE-B.ST:77711; VOLV-B.ST:74062; SHB-B.ST:74629; SAVE.ST:68634; SINT.ST:70820; LUND-B.ST:79132; SKA-B.ST:80288,
2024-01-02,512,673366,AZN.ST:69276; HM-B.ST:76321; INVE-B.ST:77927; VOLV-B.ST:73651; SHB-B.ST:75546; SAVE.ST:67390; SINT.ST:72903; LUND-B.ST:79046; SKA-B.ST:80794,
2024-01-03,71,661186,HM-B.ST:73333; INVE-B.ST:76945; VOLV-B.ST:72293; SHB-B.ST:75202; SINT.ST:71514; LUND-B.ST:77862; SKA-B.ST:78307; RATO-B.ST:67934; NEWA-B.ST:67725,SELL AZN.ST 50 @ 1394.99 fee 69.00; SELL SAVE.ST 430 @ 152.89 fee 69.00; BUY RATO-B.ST 2085 @ 32.58 fee 69.00; BUY NEWA-B.ST 739 @ 91.64 fee 69.00
2024-01-04,71,663476,HM-B.ST:73203; INVE-B.ST:77278; VOLV-B.ST:70793; SHB-B.ST:76463; SINT.ST:72556; LUND-B.ST:78468; SKA-B.ST:78637; RATO-B.ST:68127; NEWA-B.ST:67879,
2024-01-05,71,656126,HM-B.ST:71670; INVE-B.ST:76080; VOLV-B.ST:70085; SHB-B.ST:77380; SINT.ST:72209; LUND-B.ST:77343; SKA-B.ST:77712; RATO-B.ST:67005; NEWA-B.ST:66571,
2024-01-08,71,663972,HM-B.ST:73099; INVE-B.ST:76762; VOLV-B.ST:70750; SHB-B.ST:76578; SINT.ST:73250; LUND-B.ST:78035; SKA-B.ST:78945; RATO-B.ST:69326; NEWA-B.ST:67155,
2024-01-09,71,660231,HM-B.ST:72510; INVE-B.ST:76196; VOLV-B.ST:70227; SHB-B.ST:76463; SINT.ST:73250; LUND-B.ST:77747; SKA-B.ST:77756; RATO-B.ST:68475; NEWA-B.ST:67535,
2024-01-10,50,657174,INVE-B.ST:76246; SHB-B.ST:76463; LUND-B.ST:77573; RATO-B.ST:67817; NEWA-B.ST:67612; HPOL-B.ST:72913; NOTE.ST:72813; NIBE-B.ST:72907; SAVE.ST:72777,SELL HM-B.ST 462 @ 157.23 fee 69.00; SELL VOLV-B.ST 298 @ 235.85 fee 69.00; SELL SINT.ST 747 @ 96.66 fee 69.00; SELL SKA-B.ST 472 @ 162.73 fee 69.00; BUY HPOL-B.ST 674 @ 108.18 fee 69.00; BUY NOTE.ST 554 @ 131.43 fee 69.00; BUY NIBE-B.ST 1139 @ 64.01 fee 69.00; BUY SAVE.ST 476 @ 152.89 fee 69.00
2024-01-11,50,653616,INVE-B.ST:76080; SHB-B.ST:77151; LUND-B.ST:76996; RATO-B.ST:67044; NEWA-B.ST:67218; HPOL-B.ST:72044; NOTE.ST:72123; NIBE-B.ST:73422; SAVE.ST:71489,
2024-01-12,50,661919,INVE-B.ST:77295; SHB-B.ST:77839; LUND-B.ST:78209; RATO-B.ST:68475; NEWA-B.ST:68738; HPOL-B.ST:72789; NOTE.ST:73132; NIBE-B.ST:72527; SAVE.ST:72866,
2024-01-15,50,649360,INVE-B.ST:76729; SHB-B.ST:77839; LUND-B.ST:77256; RATO-B.ST:67934; NEWA-B.ST:66064; HPOL-B.ST:71299; NOTE.ST:70104; NIBE-B.ST:69975; SAVE.ST:72111,
2024-01-16,50,644461,INVE-B.ST:76463; SHB-B.ST:75890; LUND-B.ST:76361; RATO-B.ST:67431; NEWA-B.ST:65628; HPOL-B.ST:70802; NOTE.ST:70742; NIBE-B.ST:68184; SAVE.ST:72910,
2024-01-17,36,632360,INVE-B.ST:75264; SHB-B.ST:76005; RATO-B.ST:66038; NEWA-B.ST:64960; SAVE.ST:71622; PCELL.ST:69673; VOLV-B.ST:69568; CEVI.ST:69648; MEKO.ST:69546,SELL LUND-B.ST 147 @ 512.78 fee 69.00; SELL HPOL-B.ST 674 @ 103.57 fee 69.00; SELL NOTE.ST 554 @ 122.90 fee 69.00; SELL NIBE-B.ST 1139 @ 57.68 fee 69.00; BUY PCELL.ST 1930 @ 36.10 fee 69.00; BUY VOLV-B.ST 297 @ 234.24 fee 69.00; BUY CEVI.ST 358 @ 194.55 fee 69.00; BUY MEKO.ST 669 @ 103.96 fee 69.00
2024-01-18,36,635285,INVE-B.ST:75547; SHB-B.ST:76578; RATO-B.ST:66889; NEWA-B.ST:65100; SAVE.ST:71133; PCELL.ST:71217; VOLV-B.ST:69751; CEVI.ST:69998; MEKO.ST:69035,
2024-01-19,36,622873,INVE-B.ST:76729; SHB-B.ST:76234; RATO-B.ST:59925; NEWA-B.ST:64024; SAVE.ST:67445; PCELL.ST:69924; VOLV-B.ST:69216; CEVI.ST:69858; MEKO.ST:69482,
2024-01-22,36,632357,INVE-B.ST:79441; SHB-B.ST:77380; RATO-B.ST:61860; NEWA-B.ST:65361; SAVE.ST:66823; PCELL.ST:72143; VOLV-B.ST:69272; CEVI.ST:69088; MEKO.ST:70952,
2024-01-23,36,639149,INVE-B.ST:79192; SHB-B.ST:77151; RATO-B.ST:64065; NEWA-B.ST:64967; SAVE.ST:67756; PCELL.ST:75212; VOLV-B.ST:69681; CEVI.ST:71223; MEKO.ST:69866,
2024-01-24,88,641012,INVE-B.ST:80290; SHB-B.ST:78756; RATO-B.ST:63988; SAVE.ST:69134; HM-B.ST:69765; HPOL-B.ST:69814; NOTE.ST:69768; SAAB-B.ST:69709; EQT.ST:69701,SELL NEWA-B.ST 739 @ 88.94 fee 69.00; SELL PCELL.ST 1930 @ 40.40 fee 69.00; SELL VOLV-B.ST 297 @ 237.51 fee 69.00; SELL CEVI.ST 358 @ 181.06 fee 69.00; SELL MEKO.ST 669 @ 105.29 fee 69.00; BUY HM-B.ST 456 @ 152.99 fee 69.00; BUY HPOL-B.ST 647 @ 107.90 fee 69.00; BUY NOTE.ST 532 @ 131.14 fee 69.00; BUY SAAB-B.ST 413 @ 168.79 fee 69.00; BUY EQT.ST 259 @ 269.12 fee 69.00
2024-01-25,88,648219,INVE-B.ST:80706; SHB-B.ST:82195; RATO-B.ST:64606; SAVE.ST:70200; HM-B.ST:70850; HPOL-B.ST:70887; NOTE.ST:68850; SAAB-B.ST:69423; EQT.ST:70413,
2024-01-26,88,650370,INVE-B.ST:81238; SHB-B.ST:81393; RATO-B.ST:66386; SAVE.ST:70556; HM-B.ST:71286; HPOL-B.ST:71543; NOTE.ST:68187; SAAB-B.ST:68543; EQT.ST:71150,
2024-01-29,88,656877,INVE-B.ST:81438; SHB-B.ST:80132; RATO-B.ST:66425; SAVE.ST:70156; HM-B.ST:71474; HPOL-B.ST:71483; NOTE.ST:75481; SAAB-B.ST:69279; EQT.ST:70921,
2024-01-30,88,658406,INVE-B.ST:81987; SHB-B.ST:80705; RATO-B.ST:65651; SAVE.ST:72333; HM-B.ST:71936; HPOL-B.ST:71066; NOTE.ST:74155; SAAB-B.ST:69361; EQT.ST:71124,
2024-01-31,120,651081,INVE-B.ST:81837; RATO-B.ST:66696; HM-B.ST:63037; HPOL-B.ST:71304; EQT.ST:71684; VOLV-B.ST:74045; CEVI.ST:74069; CLAS-B.ST:74106; SKA-B.ST:74183,SELL SHB-B.ST 624 @ 128.05 fee 69.00; SELL SAVE.ST 476 @ 153.36 fee 69.00; SELL NOTE.ST 532 @ 141.50 fee 69.00; SELL SAAB-B.ST 413 @ 166.61 fee 69.00; BUY VOLV-B.ST 312 @ 237.32 fee 69.00; BUY CEVI.ST 376 @ 196.99 fee 69.00; BUY CLAS-B.ST 516 @ 143.62 fee 69.00; BUY SKA-B.ST 439 @ 168.98 fee 69.00
2024-02-01,120,651788,INVE-B.ST:81971; RATO-B.ST:66309; HM-B.ST:61524; HPOL-B.ST:71960; EQT.ST:70845; VOLV-B.ST:75037; CEVI.ST:75907; CLAS-B.ST:73706; SKA-B.ST:74409,
2024-02-02,120,646217,INVE-B.ST:82237; RATO-B.ST:66541; HM-B.ST:61233; HPOL-B.ST:70887; EQT.ST:69345; VOLV-B.ST:76252; CEVI.ST:74069; CLAS-B.ST:72558; SKA-B.ST:72975,
2024-02-05,120,636878,INVE-B.ST:81871; RATO-B.ST:64761; HM-B.ST:59703; HPOL-B.ST:71185; EQT.ST:68277; VOLV-B.ST:74933; CEVI.ST:72488; CLAS-B.ST:71259; SKA-B.ST:72279,
2024-02-06,120,653889,INVE-B.ST:82436; RATO-B.ST:65458; HM-B.ST:60541; HPOL-B.ST:72974; EQT.ST:69142; VOLV-B.ST:76385; CEVI.ST:80869; CLAS-B.ST:73357; SKA-B.ST:72607,
2024-02-07,57,671804,INVE-B.ST:82370; RATO-B.ST:65071; HPOL-B.ST:73391; EQT.ST:69116; CLAS-B.ST:77002; HEXA-B.ST:76203; SAAB-B.ST:76190; NEWA-B.ST:76282; SINT.ST:76122,SELL HM-B.ST 456 @ 131.04 fee 69.00; SELL VOLV-B.ST 312 @ 246.15 fee 69.00; SELL CEVI.ST 376 @ 255.16 fee 69.00; SELL SKA-B.ST 439 @ 165.81 fee 69.00; BUY HEXA-B.ST 648 @ 117.60 fee 69.00; BUY SAAB-B.ST 445 @ 171.21 fee 69.00; BUY NEWA-B.ST 842 @ 90.60 fee 69.00; BUY SINT.ST 834 @ 91.27 fee 69.00
2024-02-08,57,686076,INVE-B.ST:82719; RATO-B.ST:66347; HPOL-B.ST:73033; EQT.ST:70591; CLAS-B.ST:76703; HEXA-B.ST:76171; SAAB-B.ST:76609; NEWA-B.ST:87569; SINT.ST:76277,
2024-02-09,57,685850,INVE-B.ST:82453; RATO-B.ST:65961; HPOL-B.ST:72556; EQT.ST:70769; CLAS-B.ST:75204; HEXA-B.ST:75686; SAAB-B.ST:79805; NEWA-B.ST:88322; SINT.ST:75037,
2024-02-12,57,698835,INVE-B.ST:83235; RATO-B.ST:72112; HPOL-B.ST:72914; EQT.ST:71963; CLAS-B.ST:75654; HEXA-B.ST:75880; SAAB-B.ST:84168; NEWA-B.ST:87505; SINT.ST:75347,
2024-02-13,57,690297,INVE-B.ST:83002; RATO-B.ST:68978; HPOL-B.ST:71543; EQT.ST:69650; CLAS-B.ST:74705; HEXA-B.ST:74006; SAAB-B.ST:82978; NEWA-B.ST:87473; SINT.ST:77905,
2024-02-14,5,700630,INVE-B.ST:83468; RATO-B.ST:68127; HPOL-B.ST:72258; EQT.ST:69676; CLAS-B.ST:81746; HEXA-B.ST:74361; SINT.ST:76277; HM-B.ST:87423; BEIJ-B.ST:87288,SELL SAAB-B.ST 445 @ 192.11 fee 69.00; SELL NEWA-B.ST 842 @ 106.23 fee 69.00; BUY HM-B.ST 661 @ 132.26 fee 69.00; BUY BEIJ-B.ST 606 @ 144.04 fee 69.00
2024-02-15,5,700200,INVE-B.ST:83651; RATO-B.ST:64839; HPOL-B.ST:73033; EQT.ST:70489; CLAS-B.ST:82595; HEXA-B.ST:75363; SINT.ST:75192; HM-B.ST:87745; BEIJ-B.ST:87288,
2024-02-16,5,707243,INVE-B.ST:84999; RATO-B.ST:66579; HPOL-B.ST:73152; EQT.ST:70947; CLAS-B.ST:84842; HEXA-B.ST:76429; SINT.ST:75502; HM-B.ST:88216; BEIJ-B.ST:86570,
2024-02-19,5,709313,INVE-B.ST:85265; RATO-B.ST:67315; HPOL-B.ST:73152; EQT.ST:71252; CLAS-B.ST:84992; HEXA-B.ST:76203; SINT.ST:76122; HM-B.ST:88018; BEIJ-B.ST:86989,
2024-02-20,5,706005,INVE-B.ST:85066; RATO-B.ST:66347; HPOL-B.ST:72556; EQT.ST:71124; CLAS-B.ST:84243; HEXA-B.ST:75977; SINT.ST:75192; HM-B.ST:88266; BEIJ-B.ST:87228,
2024-02-21,87,705571,INVE-B.ST:84683; HPOL-B.ST:71841; EQT.ST:70921; CLAS-B.ST:84892; SINT.ST:75967; HM-B.ST:89009; BEIJ-B.ST:86570; EMBRAC-B.ST:47275; NOTE.ST:47270; SKA-B.ST:47055,SELL RATO-B.ST 2085 @ 31.80 fee 69.00; SELL HEXA-B.ST 648 @ 116.85 fee 69.00; BUY EMBRAC-B.ST 469 @ 100.80 fee 69.00; BUY NOTE.ST 347 @ 136.22 fee 69.00; BUY SKA-B.ST 274 @ 171.73 fee 69.00
2024-02-22,87,710067,INVE-B.ST:85681; HPOL-B.ST:72020; EQT.ST:72726; CLAS-B.ST:85641; SINT.ST:75657; HM-B.ST:86642; BEIJ-B.ST:85852; EMBRAC-B.ST:49842; NOTE.ST:48634; SKA-B.ST:47285,
2024-02-23,87,716065,INVE-B.ST:86513; HPOL-B.ST:72020; EQT.ST:74582; CLAS-B.ST:86690; SINT.ST:75192; HM-B.ST:87485; BEIJ-B.ST:87348; EMBRAC-B.ST:49892; NOTE.ST:48933; SKA-B.ST:47324,
2024-02-26,87,714376,INVE-B.ST:86680; HPOL-B.ST:71006; EQT.ST:77479; CLAS-B.ST:86890; SINT.ST:75192; HM-B.ST:87262; BEIJ-B.ST:86451; EMBRAC-B.ST:46825; NOTE.ST:49066; SKA-B.ST:47439,
2024-02-27,87,718989,INVE-B.ST:86230; HPOL-B.ST:72377; EQT.ST:76564; CLAS-B.ST:86590; SINT.ST:75192; HM-B.ST:88204; BEIJ-B.ST:87109; EMBRAC-B.ST:49290; NOTE.ST:49166; SKA-B.ST:48180,
2024-02-28,123,719459,INVE-B.ST:86197; EQT.ST:76183; CLAS-B.ST:87389; SINT.ST:77905; HM-B.ST:87163; BEIJ-B.ST:86750; NOTE.ST:49299; RATO-B.ST:56253; HEXA-B.ST:56182; SHB-B.ST:56014,SELL HPOL-B.ST 647 @ 111.68 fee 69.00; SELL EMBRAC-B.ST 469 @ 102.84 fee 69.00; SELL SKA-B.ST 274 @ 176.68 fee 69.00; BUY RATO-B.ST 1774 @ 31.71 fee 69.00; BUY HEXA-B.ST 469 @ 119.79 fee 69.00; BUY SHB-B.ST 397 @ 141.09 fee 69.00
2024-02-29,123,728465,INVE-B.ST:86663; EQT.ST:77022; CLAS-B.ST:88138; SINT.ST:80618; HM-B.ST:87027; BEIJ-B.ST:87109; NOTE.ST:51894; RATO-B.ST:56945; HEXA-B.ST:56767; SHB-B.ST:56160,
2024-03-01,123,727138,INVE-B.ST:86547; EQT.ST:78140; CLAS-B.ST:83444; SINT.ST:80618; HM-B.ST:87411; BEIJ-B.ST:88186; NOTE.ST:51062; RATO-B.ST:57504; HEXA-B.ST:57141; SHB-B.ST:56962,
2024-03-04,123,724510,INVE-B.ST:86380; EQT.ST:77937; CLAS-B.ST:84992; SINT.ST:81394; HM-B.ST:85701; BEIJ-B.ST:85792; NOTE.ST:51029; RATO-B.ST:56879; HEXA-B.ST:56884; SHB-B.ST:57400,
2024-03-05,123,714882,INVE-B.ST:86364; EQT.ST:76336; CLAS-B.ST:82345; SINT.ST:81394; HM-B.ST:86184; BEIJ-B.ST:83639; NOTE.ST:50231; RATO-B.ST:55924; HEXA-B.ST:55527; SHB-B.ST:56816,
2024-03-06,188,712365,INVE-B.ST:86713; EQT.ST:82640; HM-B.ST:87460; BEIJ-B.ST:82801; RATO-B.ST:55793; HEXA-B.ST:56486; EMBRAC-B.ST:65117; PCELL.ST:65165; NIBE-B.ST:65184; SAAB-B.ST:64816,SELL CLAS-B.ST 516 @ 136.84 fee 69.00; SELL SINT.ST 834 @ 97.59 fee 69.00; SELL NOTE.ST 347 @ 150.51 fee 69.00; SELL SHB-B.ST 397 @ 142.75 fee 69.00; BUY EMBRAC-B.ST 653 @ 99.72 fee 69.00; BUY PCELL.ST 2020 @ 32.26 fee 69.00; BUY NIBE-B.ST 1139 @ 57.23 fee 69.00; BUY SAAB-B.ST 321 @ 201.92 fee 69.00
2024-03-07,188,713621,INVE-B.ST:87112; EQT.ST:82360; HM-B.ST:86432; BEIJ-B.ST:82861; RATO-B.ST:56023; HEXA-B.ST:56907; EMBRAC-B.ST:65070; PCELL.ST:64761; NIBE-B.ST:65834; SAAB-B.ST:66072,
2024-03-08,188,715938,INVE-B.ST:87612; EQT.ST:84419; HM-B.ST:87051; BEIJ-B.ST:83040; RATO-B.ST:55957; HEXA-B.ST:57960; EMBRAC-B.ST:63276; PCELL.ST:65266; NIBE-B.ST:65811; SAAB-B.ST:65357,
2024-03-11,188,716511,INVE-B.ST:87595; EQT.ST:83682; HM-B.ST:88464; BEIJ-B.ST:79331; RATO-B.ST:57142; HEXA-B.ST:58404; EMBRAC-B.ST:63566; PCELL.ST:65226; NIBE-B.ST:65632; SAAB-B.ST:67281,
2024-03-12,188,727302,INVE-B.ST:89376; EQT.ST:85156; HM-B.ST:89257; BEIJ-B.ST:80468; RATO-B.ST:57570; HEXA-B.ST:59200; EMBRAC-B.ST:65603; PCELL.ST:66498; NIBE-B.ST:66483; SAAB-B.ST:67503,
2024-03-13,86,724232,INVE-B.ST:89442; EQT.ST:85715; HM-B.ST:90843; RATO-B.ST:56978; EMBRAC-B.ST:68016; NIBE-B.ST:62342; SAAB-B.ST:67583; BULTEN.ST:67791; HPOL-B.ST:67821; SKA-B.ST:67614,SELL BEIJ-B.ST 606 @ 132.39 fee 69.00; SELL HEXA-B.ST 469 @ 125.53 fee 69.00; SELL PCELL.ST 2020 @ 31.90 fee 69.00; BUY BULTEN.ST 1067 @ 63.53 fee 69.00; BUY HPOL-B.ST 586 @ 115.74 fee 69.00; BUY SKA-B.ST 367 @ 184.23 fee 69.00
2024-03-14,86,714529,INVE-B.ST:89209; EQT.ST:84800; HM-B.ST:91116; RATO-B.ST:56681; EMBRAC-B.ST:60392; NIBE-B.ST:61513; SAAB-B.ST:68521; BULTEN.ST:67396; HPOL-B.ST:67713; SKA-B.ST:67101,
2024-03-15,86,716610,INVE-B.ST:90141; EQT.ST:86783; HM-B.ST:90397; RATO-B.ST:56352; EMBRAC-B.ST:59797; NIBE-B.ST:61760; SAAB-B.ST:69157; BULTEN.ST:67396; HPOL-B.ST:67983; SKA-B.ST:66758,
2024-03-18,86,720578,INVE-B.ST:87578; EQT.ST:84902; HM-B.ST:90310; RATO-B.ST:56221; EMBRAC-B.ST:66778; NIBE-B.ST:61558; SAAB-B.ST:70397; BULTEN.ST:68088; HPOL-B.ST:68415; SKA-B.ST:66245,
2024-03-19,86,726814,INVE-B.ST:88560; EQT.ST:85843; HM-B.ST:91636; RATO-B.ST:55924; EMBRAC-B.ST:66927; NIBE-B.ST:62118; SAAB-B.ST:71510; BULTEN.ST:68187; HPOL-B.ST:69333; SKA-B.ST:66690,
2024-03-20,109,723536,HM-B.ST:92739; RATO-B.ST:56385; EMBRAC-B.ST:66434; NIBE-B.ST:61625; SAAB-B.ST:72257; BULTEN.ST:66803; PCELL.ST:76866; NOTE.ST:76859; BEIJ-B.ST:76857; CLAS-B.ST:76603,SELL INVE-B.ST 343 @ 255.96 fee 69.00; SELL EQT.ST 259 @ 330.85 fee 69.00; SELL HPOL-B.ST 586 @ 118.22 fee 69.00; SELL SKA-B.ST 367 @ 177.10 fee 69.00; BUY PCELL.ST 2760 @ 27.85 fee 69.00; BUY NOTE.ST 565 @ 136.03 fee 69.00; BUY BEIJ-B.ST 572 @ 134.36 fee 69.00; BUY CLAS-B.ST 574 @ 133.45 fee 69.00
2024-03-21,109,740342,HM-B.ST:94610; RATO-B.ST:57208; EMBRAC-B.ST:71833; NIBE-B.ST:62901; SAAB-B.ST:72479; BULTEN.ST:69372; PCELL.ST:77749; NOTE.ST:76913; BEIJ-B.ST:79398; CLAS-B.ST:77769,
2024-03-22,109,735875,HM-B.ST:94263; RATO-B.ST:57307; EMBRAC-B.ST:73321; NIBE-B.ST:57865; SAAB-B.ST:74276; BULTEN.ST:69175; PCELL.ST:76397; NOTE.ST:76046; BEIJ-B.ST:79680; CLAS-B.ST:77436,
2024-03-25,109,741642,HM-B.ST:94065; RATO-B.ST:58064; EMBRAC-B.ST:74426; NIBE-B.ST:55906; SAAB-B.ST:75230; BULTEN.ST:69669; PCELL.ST:78770; NOTE.ST:76371; BEIJ-B.ST:81318; CLAS-B.ST:77714,
2024-03-26,109,755532,HM-B.ST:95602; RATO-B.ST:57768; EMBRAC-B.ST:73267; NIBE-B.ST:57820; SAAB-B.ST:76470; BULTEN.ST:73424; PCELL.ST:80371; NOTE.ST:77400; BEIJ-B.ST:84311; CLAS-B.ST:78991,
2024-03-27,8,787438,RATO-B.ST:58638; EMBRAC-B.ST:80123; NIBE-B.ST:57887; SAAB-B.ST:76660; BULTEN.ST:72337; PCELL.ST:82331; BEIJ-B.ST:91652; CLAS-B.ST:78880; SKA-B.ST:188921,SELL HM-B.ST 661 @ 166.60 fee 75.99; SELL NOTE.ST 565 @ 139.77 fee 69.00; BUY SKA-B.ST 1027 @ 183.95 fee 130.36
2024-03-28,8,798693,RATO-B.ST:60037; EMBRAC-B.ST:91466; NIBE-B.ST:58827; SAAB-B.ST:75675; BULTEN.ST:72634; PCELL.ST:81972; BEIJ-B.ST:89788; CLAS-B.ST:80547; SKA-B.ST:187739,
2024-04-02,8,796522,RATO-B.ST:58194; EMBRAC-B.ST:97480; NIBE-B.ST:57506; SAAB-B.ST:75532; BULTEN.ST:72041; PCELL.ST:82579; BEIJ-B.ST:88772; CLAS-B.ST:79825; SKA-B.ST:184585,
2024-04-03,8,808443,RATO-B.ST:58467; EMBRAC-B.ST:99635; NIBE-B.ST:56051; SAAB-B.ST:76788; BULTEN.ST:74017; PCELL.ST:83628; BEIJ-B.ST:88151; CLAS-B.ST:80658; SKA-B.ST:191040,
2024-04-04,8,813145,RATO-B.ST:59116; EMBRAC-B.ST:103004; NIBE-B.ST:54619; SAAB-B.ST:76311; BULTEN.ST:72436; PCELL.ST:88762; BEIJ-B.ST:86711; CLAS-B.ST:80991; SKA-B.ST:191188,
2024-04-05,86,797592,RATO-B.ST:58638; NIBE-B.ST:53757; SAAB-B.ST:76184; PCELL.ST:82855; BEIJ-B.ST:84424; CLAS-B.ST:79603; HPOL-B.ST:90589; HEXA-B.ST:90578; ELAN-B.ST:90593; MEKO.ST:90285,SELL EMBRAC-B.ST 653 @ 154.62 fee 69.67; SELL BULTEN.ST 1067 @ 67.89 fee 69.00; SELL SKA-B.ST 1027 @ 184.29 fee 130.59; BUY HPOL-B.ST 725 @ 124.95 fee 69.00; BUY HEXA-B.ST 738 @ 122.73 fee 69.00; BUY ELAN-B.ST 827 @ 109.54 fee 69.00; BUY MEKO.ST 816 @ 110.64 fee 69.00
2024-04-08,86,800759,RATO-B.ST:58877; NIBE-B.ST:55123; SAAB-B.ST:78028; PCELL.ST:82690; BEIJ-B.ST:85045; CLAS-B.ST:77658; HPOL-B.ST:91859; HEXA-B.ST:91351; ELAN-B.ST:88511; MEKO.ST:91532,
2024-04-09,86,790957,RATO-B.ST:58467; NIBE-B.ST:56969; SAAB-B.ST:70413; PCELL.ST:83628; BEIJ-B.ST:84537; CLAS-B.ST:76325; HPOL-B.ST:91057; HEXA-B.ST:90799; ELAN-B.ST:87767; MEKO.ST:90909,
2024-04-10,86,789436,RATO-B.ST:59286; NIBE-B.ST:56522; SAAB-B.ST:70889; PCELL.ST:79819; BEIJ-B.ST:85835; CLAS-B.ST:77492; HPOL-B.ST:90990; HEXA-B.ST:90725; ELAN-B.ST:86725; MEKO.ST:91065,
2024-04-11,86,787394,RATO-B.ST:59867; NIBE-B.ST:56790; SAAB-B.ST:71843; PCELL.ST:80040; BEIJ-B.ST:86118; CLAS-B.ST:77158; HPOL-B.ST:89120; HEXA-B.ST:90983; ELAN-B.ST:84792; MEKO.ST:90597,
2024-04-12,86743,787396,RATO-B.ST:58638; NIBE-B.ST:56701; SAAB-B.ST:73343; PCELL.ST:78881; BEIJ-B.ST:85610; CLAS-B.ST:77381; HPOL-B.ST:89253; HEXA-B.ST:91498; MEKO.ST:89349,SELL ELAN-B.ST 827 @ 104.87 fee 69.00
2024-04-15,86743,786516,RATO-B.ST:58877; NIBE-B.ST:57104; SAAB-B.ST:75194; PCELL.ST:76397; BEIJ-B.ST:85440; CLAS-B.ST:77325; HPOL-B.ST:89855; HEXA-B.ST:91792; MEKO.ST:87790,
2024-04-16,86743,769506,RATO-B.ST:57409; NIBE-B.ST:55447; SAAB-B.ST:73375; PCELL.ST:75845; BEIJ-B.ST:80358; CLAS-B.ST:76214; HPOL-B.ST:88318; HEXA-B.ST:89879; MEKO.ST:85919,
2024-04-17,86743,766182,RATO-B.ST:57546; NIBE-B.ST:55246; SAAB-B.ST:72785; PCELL.ST:74078; BEIJ-B.ST:79652; CLAS-B.ST:77381; HPOL-B.ST:87717; HEXA-B.ST:89584; MEKO.ST:85451,
2024-04-18,86743,768832,RATO-B.ST:59491; NIBE-B.ST:54720; SAAB-B.ST:72051; PCELL.ST:74189; BEIJ-B.ST:80471; CLAS-B.ST:77547; HPOL-B.ST:87650; HEXA-B.ST:89584; MEKO.ST:86387,
2024-04-19,241,760232,RATO-B.ST:59013; NIBE-B.ST:54652; SAAB-B.ST:71524; PCELL.ST:72367; CLAS-B.ST:76047; HEXA-B.ST:88627; SHB-B.ST:112705; CEVI.ST:112592; INVE-B.ST:112462,SELL BEIJ-B.ST 572 @ 138.81 fee 69.00; SELL HPOL-B.ST 725 @ 119.79 fee 69.00; SELL MEKO.ST 816 @ 104.72 fee 69.00; BUY SHB-B.ST 884 @ 127.49 fee 77.77; BUY CEVI.ST 513 @ 219.48 fee 77.69; BUY INVE-B.ST 444 @ 253.29 fee 77.60
2024-04-22,241,770818,RATO-B.ST:59252; NIBE-B.ST:55458; SAAB-B.ST:71333; PCELL.ST:73582; CLAS-B.ST:77880; HEXA-B.ST:88738; SHB-B.ST:113638; CEVI.ST:116855; INVE-B.ST:113841,
2024-04-23,241,789627,RATO-B.ST:61300; NIBE-B.ST:57193; SAAB-B.ST:74029; PCELL.ST:76176; CLAS-B.ST:78714; HEXA-B.ST:90467; SHB-B.ST:115928; CEVI.ST:119864; INVE-B.ST:115715,
2024-04-24,241,776459,RATO-B.ST:60276; NIBE-B.ST:56813; SAAB-B.ST:74699; PCELL.ST:75845; CLAS-B.ST:76992; HEXA-B.ST:90431; SHB-B.ST:104479; CEVI.ST:120366; INVE-B.ST:116318,
2024-04-25,241,757913,RATO-B.ST:59457; NIBE-B.ST:56141; SAAB-B.ST:73407; PCELL.ST:72533; CLAS-B.ST:75214; HEXA-B.ST:89842; SHB-B.ST:101341; CEVI.ST:115100; INVE-B.ST:114638,
2024-04-26,342,757474,RATO-B.ST:60345; NIBE-B.ST:57686; PCELL.ST:73968; CLAS-B.ST:75270; SHB-B.ST:101935; CEVI.ST:110586; VOLV-B.ST:69220; EQT.ST:69292; BEIJ-B.ST:69384; G5EN.ST:69447,SELL SAAB-B.ST 321 @ 226.45 fee 69.00; SELL HEXA-B.ST 738 @ 119.89 fee 69.00; SELL INVE-B.ST 444 @ 263.00 fee 80.57; BUY VOLV-B.ST 253 @ 273.60 fee 69.00; BUY EQT.ST 239 @ 289.92 fee 69.00; BUY BEIJ-B.ST 437 @ 158.77 fee 69.00; BUY G5EN.ST 687 @ 101.09 fee 69.00
2024-04-29,342,771461,RATO-B.ST:65362; NIBE-B.ST:58312; PCELL.ST:76231; CLAS-B.ST:75159; SHB-B.ST:101511; CEVI.ST:114097; VOLV-B.ST:70007; EQT.ST:70277; BEIJ-B.ST:69146; G5EN.ST:71017,
2024-04-30,342,769828,RATO-B.ST:65874; NIBE-B.ST:57753; PCELL.ST:75458; CLAS-B.ST:74436; SHB-B.ST:100748; CEVI.ST:113093; VOLV-B.ST:69736; EQT.ST:70910; BEIJ-B.ST:68648; G5EN.ST:72829,
2024-05-02,342,759336,RATO-B.ST:63655; NIBE-B.ST:55940; PCELL.ST:73140; CLAS-B.ST:73770; SHB-B.ST:101765; CEVI.ST:114097; VOLV-B.ST:68285; EQT.ST:70113; BEIJ-B.ST:66005; G5EN.ST:72225,
2024-05-03,342,766662,RATO-B.ST:64201; NIBE-B.ST:57529; PCELL.ST:74520; CLAS-B.ST:75547; SHB-B.ST:102274; CEVI.ST:113595; VOLV-B.ST:66808; EQT.ST:71004; BEIJ-B.ST:67045; G5EN.ST:73795,
2024-05-06,65,778650,RATO-B.ST:65089; NIBE-B.ST:58782; PCELL.ST:74189; SHB-B.ST:104394; VOLV-B.ST:67596; BEIJ-B.ST:69211; G5EN.ST:75003; BULTEN.ST:132280; HUSQ-B.ST:132041,SELL CLAS-B.ST 574 @ 134.71 fee 69.00; SELL CEVI.ST 513 @ 224.15 fee 79.34; SELL EQT.ST 239 @ 301.80 fee 69.00; BUY BULTEN.ST 1566 @ 84.47 fee 91.27; BUY HUSQ-B.ST 1581 @ 83.52 fee 91.11
2024-05-07,65,789515,RATO-B.ST:65908; NIBE-B.ST:60260; PCELL.ST:79598; SHB-B.ST:103886; VOLV-B.ST:68334; BEIJ-B.ST:70857; G5EN.ST:76815; BULTEN.ST:130932; HUSQ-B.ST:132861,
2024-05-08,65,782152,RATO-B.ST:65259; NIBE-B.ST:61133; PCELL.ST:74962; SHB-B.ST:101596; VOLV-B.ST:68162; BEIJ-B.ST:69882; G5EN.ST:76090; BULTEN.ST:131231; HUSQ-B.ST:133772,
2024-05-10,65,795406,RATO-B.ST:64850; NIBE-B.ST:64020; PCELL.ST:72643; SHB-B.ST:103377; VOLV-B.ST:69540; BEIJ-B.ST:72980; G5EN.ST:80559; BULTEN.ST:131231; HUSQ-B.ST:136140,
2024-05-13,65,799079,RATO-B.ST:65908; NIBE-B.ST:64468; PCELL.ST:74520; SHB-B.ST:103207; VOLV-B.ST:69638; BEIJ-B.ST:71420; G5EN.ST:83699; BULTEN.ST:133778; HUSQ-B.ST:132375,
2024-05-14,106,823207,RATO-B.ST:67068; NIBE-B.ST:67423; PCELL.ST:82800; SHB-B.ST:103886; BEIJ-B.ST:75926; BULTEN.ST:134827; HUSQ-B.ST:138388; CEVI.ST:76370; SKA-B.ST:76414,SELL VOLV-B.ST 253 @ 276.22 fee 69.00; SELL G5EN.ST 687 @ 121.13 fee 69.00; BUY CEVI.ST 337 @ 226.62 fee 69.00; BUY SKA-B.ST 419 @ 182.37 fee 69.00
2024-05-15,106,818849,RATO-B.ST:66966; NIBE-B.ST:63729; PCELL.ST:85008; SHB-B.ST:103546; BEIJ-B.ST:73110; BULTEN.ST:131980; HUSQ-B.ST:139633; CEVI.ST:76869; SKA-B.ST:77901,
2024-05-16,106,822442,RATO-B.ST:67171; NIBE-B.ST:68609; PCELL.ST:85394; SHB-B.ST:103716; BEIJ-B.ST:71745; BULTEN.ST:132580; HUSQ-B.ST:137537; CEVI.ST:76536; SKA-B.ST:79047,
2024-05-17,106,809364,RATO-B.ST:66556; NIBE-B.ST:61041; PCELL.ST:81917; SHB-B.ST:103462; BEIJ-B.ST:70597; BULTEN.ST:131831; HUSQ-B.ST:136808; CEVI.ST:78200; SKA-B.ST:78846,
2024-05-20,106,824946,RATO-B.ST:67444; NIBE-B.ST:63394; PCELL.ST:83518; SHB-B.ST:103970; BEIJ-B.ST:71594; BULTEN.ST:135875; HUSQ-B.ST:139572; CEVI.ST:81029; SKA-B.ST:78444,
2024-05-21,279,823053,RATO-B.ST:67512; PCELL.ST:82910; SHB-B.ST:101681; BULTEN.ST:131980; HUSQ-B.ST:138297; SKA-B.ST:77519; VOLV-B.ST:74210; EQT.ST:74234; CLAS-B.ST:74432,SELL NIBE-B.ST 1139 @ 54.37 fee 69.00; SELL BEIJ-B.ST 437 @ 168.24 fee 69.00; SELL CEVI.ST 337 @ 261.18 fee 69.00; BUY VOLV-B.ST 268 @ 276.90 fee 69.00; BUY EQT.ST 220 @ 337.43 fee 69.00; BUY CLAS-B.ST 508 @ 146.52 fee 69.00
2024-05-22,279,826204,RATO-B.ST:69253; PCELL.ST:86002; SHB-B.ST:102189; BULTEN.ST:133628; HUSQ-B.ST:136930; SKA-B.ST:76816; VOLV-B.ST:74366; EQT.ST:73391; CLAS-B.ST:73350,
2024-05-23,279,828967,RATO-B.ST:68980; PCELL.ST:88044; SHB-B.ST:103038; BULTEN.ST:133628; HUSQ-B.ST:136900; SKA-B.ST:76333; VOLV-B.ST:74653; EQT.ST:73370; CLAS-B.ST:73743,
2024-05-24,279,828888,RATO-B.ST:69492; PCELL.ST:88596; SHB-B.ST:101765; BULTEN.ST:133778; HUSQ-B.ST:135169; SKA-B.ST:76856; VOLV-B.ST:74653; EQT.ST:73672; CLAS-B.ST:74628,
2024-05-27,279,831350,RATO-B.ST:68741; PCELL.ST:97262; SHB-B.ST:102614; BULTEN.ST:131531; HUSQ-B.ST:132952; SKA-B.ST:77379; VOLV-B.ST:74418; EQT.ST:73759; CLAS-B.ST:72416,
2024-05-28,106,841371,RATO-B.ST:67649; SHB-B.ST:103292; BULTEN.ST:132280; HUSQ-B.ST:132982; SKA-B.ST:76213; CLAS-B.ST:72416; HM-B.ST:85478; HEXA-B.ST:85512; BEIJ-B.ST:85443,SELL PCELL.ST 2760 @ 39.62 fee 75.45; SELL VOLV-B.ST 268 @ 276.71 fee 69.00; SELL EQT.ST 220 @ 332.60 fee 69.00; BUY HM-B.ST 476 @ 179.58 fee 69.00; BUY HEXA-B.ST 723 @ 118.27 fee 69.00; BUY BEIJ-B.ST 513 @ 166.56 fee 69.00
2024-05-29,106,829541,RATO-B.ST:66215; SHB-B.ST:101850; BULTEN.ST:133329; HUSQ-B.ST:129945; SKA-B.ST:75046; CLAS-B.ST:71482; HM-B.ST:83181; HEXA-B.ST:83960; BEIJ-B.ST:84426,
2024-05-30,106,834806,RATO-B.ST:67341; SHB-B.ST:102274; BULTEN.ST:132130; HUSQ-B.ST:131039; SKA-B.ST:75489; CLAS-B.ST:73104; HM-B.ST:84023; HEXA-B.ST:84212; BEIJ-B.ST:85087,
2024-05-31,106,843312,RATO-B.ST:67853; SHB-B.ST:102868; BULTEN.ST:137074; HUSQ-B.ST:131646; SKA-B.ST:74484; CLAS-B.ST:75169; HM-B.ST:84409; HEXA-B.ST:83166; BEIJ-B.ST:86537,
2024-06-03,106,837534,RATO-B.ST:66625; SHB-B.ST:103038; BULTEN.ST:135875; HUSQ-B.ST:130522; SKA-B.ST:75067; CLAS-B.ST:75415; HM-B.ST:83681; HEXA-B.ST:83490; BEIJ-B.ST:83714,
2024-06-04,1,821549,RATO-B.ST:66318; SHB-B.ST:102105; BULTEN.ST:129733; HUSQ-B.ST:129702; CLAS-B.ST:71482; HEXA-B.ST:82985; BEIJ-B.ST:81629; NIBE-B.ST:78820; NEWA-B.ST:78775,SELL SKA-B.ST 419 @ 177.19 fee 69.00; SELL HM-B.ST 476 @ 175.47 fee 69.00; BUY NIBE-B.ST 1518 @ 51.92 fee 69.00; BUY NEWA-B.ST 699 @ 112.70 fee 69.00
2024-06-05,1,831421,RATO-B.ST:65635; SHB-B.ST:102529; BULTEN.ST:132280; HUSQ-B.ST:128245; CLAS-B.ST:77676; HEXA-B.ST:84537; BEIJ-B.ST:83206; NIBE-B.ST:77795; NEWA-B.ST:79518,
2024-06-07,1,839875,RATO-B.ST:65430; SHB-B.ST:103970; BULTEN.ST:131681; HUSQ-B.ST:130097; CLAS-B.ST:82052; HEXA-B.ST:85043; BEIJ-B.ST:86562; NIBE-B.ST:76468; NEWA-B.ST:78572,
2024-06-10,1,841197,RATO-B.ST:65737; SHB-B.ST:101681; BULTEN.ST:133329; HUSQ-B.ST:131281; CLAS-B.ST:85542; HEXA-B.ST:84357; BEIJ-B.ST:84121; NIBE-B.ST:75021; NEWA-B.ST:80127,
2024-06-11,1,846166,RATO-B.ST:65430; SHB-B.ST:102444; BULTEN.ST:131831; HUSQ-B.ST:136323; CLAS-B.ST:84018; HEXA-B.ST:84140; BEIJ-B.ST:86028; NIBE-B.ST:75081; NEWA-B.ST:80871,
2024-06-12,25,860362,RATO-B.ST:66932; SHB-B.ST:104225; BULTEN.ST:130632; HUSQ-B.ST:138175; CLAS-B.ST:86034; BEIJ-B.ST:87808; NIBE-B.ST:77071; VOLV-B.ST:84777; SINT.ST:84683,SELL HEXA-B.ST 723 @ 120.42 fee 69.00; SELL NEWA-B.ST 699 @ 118.31 fee 69.00; BUY VOLV-B.ST 318 @ 266.59 fee 69.00; BUY SINT.ST 731 @ 115.85 fee 69.00
2024-06-13,25,849190,RATO-B.ST:64747; SHB-B.ST:102444; BULTEN.ST:132729; HUSQ-B.ST:135412; CLAS-B.ST:84952; BEIJ-B.ST:85978; NIBE-B.ST:72684; VOLV-B.ST:83106; SINT.ST:87113,
2024-06-14,25,837162,RATO-B.ST:63928; SHB-B.ST:103292; BULTEN.ST:128535; HUSQ-B.ST:134227; CLAS-B.ST:83920; BEIJ-B.ST:83689; NIBE-B.ST:71252; VOLV-B.ST:81529; SINT.ST:86766,
2024-06-17,25,839261,RATO-B.ST:64201; SHB-B.ST:103292; BULTEN.ST:129434; HUSQ-B.ST:133559; CLAS-B.ST:87116; BEIJ-B.ST:83155; NIBE-B.ST:71387; VOLV-B.ST:81715; SINT.ST:85377,
2024-06-18,25,843552,RATO-B.ST:65396; SHB-B.ST:102274; BULTEN.ST:130332; HUSQ-B.ST:134835; CLAS-B.ST:88787; BEIJ-B.ST:83206; NIBE-B.ST:72367; VOLV-B.ST:81993; SINT.ST:84336,
2024-06-19,502,836002,RATO-B.ST:64304; SHB-B.ST:101596; HUSQ-B.ST:133832; NIBE-B.ST:71628; VOLV-B.ST:81931; HEXA-B.ST:76546; NEWA-B.ST:76551; ELAN-B.ST:76541; EQT.ST:76481; LUND-B.ST:76089,SELL BULTEN.ST 1566 @ 81.41 fee 87.97; SELL CLAS-B.ST 508 @ 175.26 fee 69.00; SELL BEIJ-B.ST 513 @ 162.79 fee 69.00; SELL SINT.ST 731 @ 113.95 fee 69.00; BUY HEXA-B.ST 662 @ 115.63 fee 69.00; BUY NEWA-B.ST 696 @ 109.99 fee 69.00; BUY ELAN-B.ST 801 @ 95.56 fee 69.00; BUY EQT.ST 252 @ 303.50 fee 69.00; BUY LUND-B.ST 149 @ 510.66 fee 69.00
2024-06-20,502,849571,RATO-B.ST:65601; SHB-B.ST:102444; HUSQ-B.ST:135169; NIBE-B.ST:73483; VOLV-B.ST:82859; HEXA-B.ST:78264; NEWA-B.ST:77696; ELAN-B.ST:77892; EQT.ST:78172; LUND-B.ST:77490,
2024-06-24,502,852520,RATO-B.ST:65021; SHB-B.ST:102953; HUSQ-B.ST:136140; NIBE-B.ST:72608; VOLV-B.ST:83911; HEXA-B.ST:78099; NEWA-B.ST:77898; ELAN-B.ST:77892; EQT.ST:79564; LUND-B.ST:77932,
2024-06-25,502,837081,RATO-B.ST:63621; SHB-B.ST:102105; HUSQ-B.ST:130431; NIBE-B.ST:70437; VOLV-B.ST:82797; HEXA-B.ST:77008; NEWA-B.ST:77023; ELAN-B.ST:77742; EQT.ST:78072; LUND-B.ST:77342,
2024-06-26,502,836426,RATO-B.ST:62085; SHB-B.ST:102105; HUSQ-B.ST:131464; NIBE-B.ST:70362; VOLV-B.ST:82983; HEXA-B.ST:77934; NEWA-B.ST:77157; ELAN-B.ST:77142; EQT.ST:77277; LUND-B.ST:77416,
2024-06-27,45,832285,RATO-B.ST:62324; SHB-B.ST:102359; NIBE-B.ST:68613; VOLV-B.ST:82612; HEXA-B.ST:77868; NEWA-B.ST:77023; ELAN-B.ST:76841; EQT.ST:76879; LUND-B.ST:77711; EMBRAC-B.ST:130010,SELL HUSQ-B.ST 1581 @ 82.06 fee 89.52; BUY EMBRAC-B.ST 936 @ 138.90 fee 89.71
2024-06-28,45,830480,RATO-B.ST:61539; SHB-B.ST:103801; NIBE-B.ST:67754; VOLV-B.ST:83849; HEXA-B.ST:79090; NEWA-B.ST:73724; ELAN-B.ST:74740; EQT.ST:77873; LUND-B.ST:77269; EMBRAC-B.ST:130797,
2024-07-01,45,837471,RATO-B.ST:62392; SHB-B.ST:104479; NIBE-B.ST:68070; VOLV-B.ST:84560; HEXA-B.ST:79586; NEWA-B.ST:74599; ELAN-B.ST:76991; EQT.ST:78246; LUND-B.ST:78153; EMBRAC-B.ST:130347,
2024-07-02,45,833256,RATO-B.ST:62017; SHB-B.ST:103631; NIBE-B.ST:66759; VOLV-B.ST:82426; HEXA-B.ST:79652; NEWA-B.ST:74060; ELAN-B.ST:76691; EQT.ST:78694; LUND-B.ST:78596; EMBRAC-B.ST:130684,
2024-07-03,45,840330,RATO-B.ST:62700; SHB-B.ST:105497; NIBE-B.ST:69684; VOLV-B.ST:82642; HEXA-B.ST:80016; NEWA-B.ST:74060; ELAN-B.ST:75941; EQT.ST:78271; LUND-B.ST:78375; EMBRAC-B.ST:133099,
2024-07-04,36,844315,RATO-B.ST:62563; NIBE-B.ST:69457; VOLV-B.ST:83075; NEWA-B.ST:74868; ELAN-B.ST:76541; LUND-B.ST:78596; EMBRAC-B.ST:132987; HPOL-B.ST:133142; HUSQ-B.ST:133050,SELL SHB-B.ST 884 @ 121.07 fee 73.85; SELL HEXA-B.ST 662 @ 121.32 fee 69.00; SELL EQT.ST 252 @ 314.45 fee 69.00; BUY HPOL-B.ST 1183 @ 112.55 fee 91.87; BUY HUSQ-B.ST 1580 @ 84.21 fee 91.80
2024-07-05,36,849872,RATO-B.ST:62904; NIBE-B.ST:69910; VOLV-B.ST:82395; NEWA-B.ST:74935; ELAN-B.ST:77142; LUND-B.ST:78522; EMBRAC-B.ST:138097; HPOL-B.ST:133367; HUSQ-B.ST:132564,
2024-07-08,36,852730,RATO-B.ST:62802; NIBE-B.ST:70136; VOLV-B.ST:82426; NEWA-B.ST:76955; ELAN-B.ST:76391; LUND-B.ST:78227; EMBRAC-B.ST:139726; HPOL-B.ST:133254; HUSQ-B.ST:132777,
2024-07-09,36,839802,RATO-B.ST:63075; NIBE-B.ST:67422; VOLV-B.ST:81405; NEWA-B.ST:75541; ELAN-B.ST:76091; LUND-B.ST:77563; EMBRAC-B.ST:137030; HPOL-B.ST:131229; HUSQ-B.ST:130409,
2024-07-10,36,839072,RATO-B.ST:63246; NIBE-B.ST:65281; VOLV-B.ST:82395; NEWA-B.ST:73925; ELAN-B.ST:76241; LUND-B.ST:77416; EMBRAC-B.ST:139614; HPOL-B.ST:131116; HUSQ-B.ST:129802,
2024-07-11,29,854569,RATO-B.ST:63587; NIBE-B.ST:67543; VOLV-B.ST:83385; NEWA-B.ST:75945; ELAN-B.ST:76391; HPOL-B.ST:132917; HUSQ-B.ST:137875; BULTEN.ST:108508; SHB-B.ST:108390,SELL LUND-B.ST 149 @ 524.52 fee 69.00; SELL EMBRAC-B.ST 936 @ 148.56 fee 95.95; BUY BULTEN.ST 1475 @ 73.56 fee 74.87; BUY SHB-B.ST 901 @ 120.30 fee 74.79
2024-07-12,29,862834,RATO-B.ST:65362; NIBE-B.ST:70784; VOLV-B.ST:85333; NEWA-B.ST:76686; ELAN-B.ST:73390; HPOL-B.ST:134943; HUSQ-B.ST:139848; BULTEN.ST:107379; SHB-B.ST:109081,
2024-07-15,29,852299,RATO-B.ST:64679; NIBE-B.ST:68447; VOLV-B.ST:84498; NEWA-B.ST:75743; ELAN-B.ST:76391; HPOL-B.ST:132354; HUSQ-B.ST:137541; BULTEN.ST:105262; SHB-B.ST:107353,
2024-07-16,29,862483,RATO-B.ST:65464; NIBE-B.ST:68462; VOLV-B.ST:85210; NEWA-B.ST:77696; ELAN-B.ST:77442; HPOL-B.ST:133142; HUSQ-B.ST:136934; BULTEN.ST:110060; SHB-B.ST:108044,
2024-07-17,29,877469,RATO-B.ST:66044; NIBE-B.ST:69593; VOLV-B.ST:83880; NEWA-B.ST:77157; ELAN-B.ST:76091; HPOL-B.ST:140795; HUSQ-B.ST:139575; BULTEN.ST:109777; SHB-B.ST:114527,
2024-07-18,102,856349,RATO-B.ST:61266; VOLV-B.ST:88828; ELAN-B.ST:76541; HPOL-B.ST:138994; BULTEN.ST:110060; HOLM-B.ST:76174; HEXA-B.ST:76182; EQT.ST:76091; BEIJ-B.ST:76074; CEVI.ST:76037,SELL NIBE-B.ST 1518 @ 46.57 fee 69.00; SELL NEWA-B.ST 696 @ 109.02 fee 69.00; SELL HUSQ-B.ST 1580 @ 76.72 fee 83.64; SELL SHB-B.ST 901 @ 125.96 fee 78.31; BUY HOLM-B.ST 180 @ 423.19 fee 69.00; BUY HEXA-B.ST 658 @ 115.78 fee 69.00; BUY EQT.ST 237 @ 321.06 fee 69.00; BUY BEIJ-B.ST 415 @ 183.31 fee 69.00; BUY CEVI.ST 276 @ 275.49 fee 69.00
2024-07-19,102,835286,RATO-B.ST:58467; VOLV-B.ST:87034; ELAN-B.ST:75641; HPOL-B.ST:136968; BULTEN.ST:108225; HOLM-B.ST:75330; HEXA-B.ST:75754; EQT.ST:75997; BEIJ-B.ST:71590; CEVI.ST:70177,
2024-07-22,102,840467,RATO-B.ST:58740; VOLV-B.ST:88550; ELAN-B.ST:74815; HPOL-B.ST:137644; BULTEN.ST:108225; HOLM-B.ST:76772; HEXA-B.ST:77069; EQT.ST:78102; BEIJ-B.ST:72042; CEVI.ST:68406,
2024-07-23,102,835489,RATO-B.ST:58433; VOLV-B.ST:86942; ELAN-B.ST:74590; HPOL-B.ST:135393; BULTEN.ST:110060; HOLM-B.ST:75752; HEXA-B.ST:76346; EQT.ST:78663; BEIJ-B.ST:73256; CEVI.ST:65953,
2024-07-24,102,827744,RATO-B.ST:58024; VOLV-B.ST:83694; ELAN-B.ST:74740; HPOL-B.ST:134492; BULTEN.ST:108225; HOLM-B.ST:74872; HEXA-B.ST:74670; EQT.ST:78710; BEIJ-B.ST:72762; CEVI.ST:67452,
2024-07-25,22,821536,RATO-B.ST:58126; VOLV-B.ST:83632; HPOL-B.ST:132579; BULTEN.ST:108649; HEXA-B.ST:72864; HM-B.ST:91452; NIBE-B.ST:91477; SAAB-B.ST:91385; SKA-B.ST:91350,SELL ELAN-B.ST 801 @ 93.68 fee 69.00; SELL HOLM-B.ST 180 @ 416.35 fee 69.00; SELL EQT.ST 237 @ 326.29 fee 69.00; SELL BEIJ-B.ST 415 @ 167.55 fee 69.00; SELL CEVI.ST 276 @ 251.30 fee 69.00; BUY HM-B.ST 578 @ 158.22 fee 69.00; BUY NIBE-B.ST 1971 @ 46.41 fee 69.00; BUY SAAB-B.ST 387 @ 236.14 fee 69.00; BUY SKA-B.ST 459 @ 199.02 fee 69.00
2024-07-26,22,826400,RATO-B.ST:58638; VOLV-B.ST:84251; HPOL-B.ST:133142; BULTEN.ST:112882; HEXA-B.ST:70465; HM-B.ST:91645; NIBE-B.ST:89911; SAAB-B.ST:92905; SKA-B.ST:92540,
2024-07-29,22,825397,RATO-B.ST:58672; VOLV-B.ST:83849; HPOL-B.ST:132917; BULTEN.ST:110906; HEXA-B.ST:70006; HM-B.ST:91921; NIBE-B.ST:91340; SAAB-B.ST:93578; SKA-B.ST:92187,
2024-07-30,22,827738,RATO-B.ST:58877; VOLV-B.ST:84467; HPOL-B.ST:132467; BULTEN.ST:110765; HEXA-B.ST:70794; HM-B.ST:92474; NIBE-B.ST:91947; SAAB-B.ST:93078; SKA-B.ST:92848,
2024-07-31,22,830254,RATO-B.ST:58740; VOLV-B.ST:84529; HPOL-B.ST:134718; BULTEN.ST:109636; HEXA-B.ST:71615; HM-B.ST:91811; NIBE-B.ST:92025; SAAB-B.ST:95059; SKA-B.ST:92099,
2024-08-01,195,810781,RATO-B.ST:57819; VOLV-B.ST:82364; HPOL-B.ST:130891; BULTEN.ST:108225; HEXA-B.ST:69644; NIBE-B.ST:88247; SKA-B.ST:89456; EQT.ST:61281; CEVI.ST:61221; SINT.ST:61437,SELL HM-B.ST 578 @ 158.03 fee 69.00; SELL SAAB-B.ST 387 @ 240.61 fee 69.00; BUY EQT.ST 183 @ 334.87 fee 69.00; BUY CEVI.ST 248 @ 246.86 fee 69.00; BUY SINT.ST 553 @ 111.10 fee 69.00
2024-08-02,195,786692,RATO-B.ST:55942; VOLV-B.ST:80261; HPOL-B.ST:128415; BULTEN.ST:104839; HEXA-B.ST:67345; NIBE-B.ST:84723; SKA-B.ST:87232; EQT.ST:56587; CEVI.ST:60242; SINT.ST:60912,
2024-08-05,195,770161,RATO-B.ST:54098; VOLV-B.ST:77879; HPOL-B.ST:124926; BULTEN.ST:104416; HEXA-B.ST:65229; NIBE-B.ST:85291; SKA-B.ST:85536; EQT.ST:54167; CEVI.ST:59874; SINT.ST:58549,
2024-08-06,195,772421,RATO-B.ST:53791; VOLV-B.ST:77385; HPOL-B.ST:124813; BULTEN.ST:105121; HEXA-B.ST:65899; NIBE-B.ST:85017; SKA-B.ST:85008; EQT.ST:55088; CEVI.ST:60242; SINT.ST:59862,
2024-08-07,195,781151,RATO-B.ST:54849; VOLV-B.ST:78591; HPOL-B.ST:125601; BULTEN.ST:105403; HEXA-B.ST:66326; NIBE-B.ST:85056; SKA-B.ST:87100; EQT.ST:56858; CEVI.ST:59997; SINT.ST:61175,
2024-08-08,264,781804,RATO-B.ST:54508; VOLV-B.ST:79302; HPOL-B.ST:125264; BULTEN.ST:106532; NIBE-B.ST:84880; HOLM-B.ST:82728; HUSQ-B.ST:82858; MEKO.ST:82856; LUND-B.ST:82612,SELL HEXA-B.ST 658 @ 100.65 fee 69.00; SELL SKA-B.ST 459 @ 190.29 fee 69.00; SELL EQT.ST 183 @ 308.53 fee 69.00; SELL CEVI.ST 248 @ 240.93 fee 69.00; SELL SINT.ST 553 @ 112.05 fee 69.00; BUY HOLM-B.ST 213 @ 388.40 fee 69.00; BUY HUSQ-B.ST 1258 @ 65.86 fee 69.00; BUY MEKO.ST 810 @ 102.29 fee 69.00; BUY LUND-B.ST 159 @ 519.57 fee 69.00
2024-08-09,264,784945,RATO-B.ST:55361; VOLV-B.ST:79178; HPOL-B.ST:125151; BULTEN.ST:105685; NIBE-B.ST:87111; HOLM-B.ST:82645; HUSQ-B.ST:82665; MEKO.ST:83485; LUND-B.ST:83399,
2024-08-12,264,781703,RATO-B.ST:55293; VOLV-B.ST:79086; HPOL-B.ST:124813; BULTEN.ST:104557; NIBE-B.ST:87268; HOLM-B.ST:83020; HUSQ-B.ST:82012; MEKO.ST:82070; LUND-B.ST:83320,
2024-08-13,264,787750,RATO-B.ST:55976; VOLV-B.ST:79488; HPOL-B.ST:124026; BULTEN.ST:104416; NIBE-B.ST:90596; HOLM-B.ST:83311; HUSQ-B.ST:83970; MEKO.ST:82227; LUND-B.ST:83477,
2024-08-14,264,791309,RATO-B.ST:55942; VOLV-B.ST:80230; HPOL-B.ST:124476; BULTEN.ST:104416; NIBE-B.ST:91810; HOLM-B.ST:83186; HUSQ-B.ST:84259; MEKO.ST:82542; LUND-B.ST:84185,
2024-08-15,53,800162,RATO-B.ST:56829; VOLV-B.ST:81529; HPOL-B.ST:126051; BULTEN.ST:104416; MEKO.ST:83642; PCELL.ST:69607; EMBRAC-B.ST:69527; HM-B.ST:69513; ELAN-B.ST:69575; G5EN.ST:69420,SELL NIBE-B.ST 1971 @ 47.07 fee 69.00; SELL HOLM-B.ST 213 @ 402.66 fee 69.00; SELL HUSQ-B.ST 1258 @ 67.27 fee 69.00; SELL LUND-B.ST 159 @ 533.92 fee 69.00; BUY PCELL.ST 2910 @ 23.92 fee 69.00; BUY EMBRAC-B.ST 534 @ 130.20 fee 69.00; BUY HM-B.ST 456 @ 152.44 fee 69.00; BUY ELAN-B.ST 768 @ 90.59 fee 69.00; BUY G5EN.ST 772 @ 89.92 fee 69.00
2024-08-16,53,804539,RATO-B.ST:57136; VOLV-B.ST:81776; HPOL-B.ST:126051; BULTEN.ST:104557; MEKO.ST:84900; PCELL.ST:68909; EMBRAC-B.ST:73436; HM-B.ST:70167; ELAN-B.ST:68855; G5EN.ST:68699,
2024-08-19,53,814809,RATO-B.ST:57614; VOLV-B.ST:81684; HPOL-B.ST:126502; BULTEN.ST:109777; MEKO.ST:83957; PCELL.ST:71353; EMBRAC-B.ST:76576; HM-B.ST:70820; ELAN-B.ST:68064; G5EN.ST:68410,
2024-08-20,53,808946,RATO-B.ST:56761; VOLV-B.ST:81715; HPOL-B.ST:125714; BULTEN.ST:107661; MEKO.ST:85214; PCELL.ST:68036; EMBRAC-B.ST:78338; HM-B.ST:70493; ELAN-B.ST:67056; G5EN.ST:67905,
2024-08-21,53,808023,RATO-B.ST:57546; VOLV-B.ST:81405; HPOL-B.ST:126051; BULTEN.ST:108366; MEKO.ST:85529; PCELL.ST:66697; EMBRAC-B.ST:77056; HM-B.ST:70864; ELAN-B.ST:67344; G5EN.ST:67111,
2024-08-22,1,816328,RATO-B.ST:56795; VOLV-B.ST:81807; HPOL-B.ST:126277; BULTEN.ST:108649; PCELL.ST:66872; HM-B.ST:70907; G5EN.ST:66462; HOLM-B.ST:79508; NIBE-B.ST:79585; HUSQ-B.ST:79465,SELL MEKO.ST 810 @ 118.98 fee 69.00; SELL EMBRAC-B.ST 534 @ 141.90 fee 69.00; SELL ELAN-B.ST 768 @ 86.94 fee 69.00; BUY HOLM-B.ST 199 @ 399.54 fee 69.00; BUY NIBE-B.ST 1634 @ 48.71 fee 69.00; BUY HUSQ-B.ST 1181 @ 67.29 fee 69.00
2024-08-23,1,830432,RATO-B.ST:57785; VOLV-B.ST:82890; HPOL-B.ST:127965; BULTEN.ST:109495; PCELL.ST:69433; HM-B.ST:72389; G5EN.ST:67833; HOLM-B.ST:80558; NIBE-B.ST:82052; HUSQ-B.ST:80032,
2024-08-26,1,829791,RATO-B.ST:57512; VOLV-B.ST:83045; HPOL-B.ST:128415; BULTEN.ST:109354; PCELL.ST:67803; HM-B.ST:72781; G5EN.ST:66462; HOLM-B.ST:80519; NIBE-B.ST:84616; HUSQ-B.ST:79284,
2024-08-27,1,822604,RATO-B.ST:57819; VOLV-B.ST:82333; HPOL-B.ST:127627; BULTEN.ST:108790; PCELL.ST:65591; HM-B.ST:72737; G5EN.ST:66317; HOLM-B.ST:80169; NIBE-B.ST:82344; HUSQ-B.ST:78875,
2024-08-28,1,820613,RATO-B.ST:58126; VOLV-B.ST:82488; HPOL-B.ST:128640; BULTEN.ST:106814; PCELL.ST:66639; HM-B.ST:70472; G5EN.ST:66029; HOLM-B.ST:80403; NIBE-B.ST:82376; HUSQ-B.ST:78626,
2024-08-29,25,825887,RATO-B.ST:58126; BULTEN.ST:107661; PCELL.ST:67570; HM-B.ST:70319; G5EN.ST:68121; HUSQ-B.ST:78512; NOTE.ST:125171; CEVI.ST:125270; SINT.ST:125112,SELL VOLV-B.ST 318 @ 262.12 fee 69.00; SELL HPOL-B.ST 1183 @ 109.12 fee 89.07; SELL HOLM-B.ST 199 @ 406.96 fee 69.00; SELL NIBE-B.ST 1634 @ 50.61 fee 69.00; BUY NOTE.ST 999 @ 125.30 fee 86.37; BUY CEVI.ST 487 @ 257.23 fee 86.44; BUY SINT.ST 1166 @ 107.30 fee 86.33
2024-08-30,25,830634,RATO-B.ST:57785; BULTEN.ST:106955; PCELL.ST:69316; HM-B.ST:70798; G5EN.ST:69565; HUSQ-B.ST:78399; NOTE.ST:129289; CEVI.ST:126712; SINT.ST:121790,
2024-09-02,25,826947,RATO-B.ST:56863; BULTEN.ST:107520; PCELL.ST:71877; HM-B.ST:70711; G5EN.ST:68410; HUSQ-B.ST:77401; NOTE.ST:127756; CEVI.ST:127915; SINT.ST:118469,
2024-09-03,25,816305,RATO-B.ST:55703; BULTEN.ST:104839; PCELL.ST:70538; HM-B.ST:70929; G5EN.ST:66822; HUSQ-B.ST:75972; NOTE.ST:126128; CEVI.ST:127434; SINT.ST:117915,
2024-09-04,25,817643,RATO-B.ST:55293; BULTEN.ST:103851; PCELL.ST:73390; HM-B.ST:70864; G5EN.ST:66389; HUSQ-B.ST:74815; NOTE.ST:126224; CEVI.ST:128876; SINT.ST:117915,
2024-09-05,26,821553,RATO-B.ST:55293; BULTEN.ST:102158; PCELL.ST:78337; HM-B.ST:69774; G5EN.ST:66101; SINT.ST:121790; HEXA-B.ST:109392; SAAB-B.ST:109298; CLAS-B.ST:109384,SELL HUSQ-B.ST 1181 @ 63.12 fee 69.00; SELL NOTE.ST 999 @ 124.53 fee 85.84; SELL CEVI.ST 487 @ 266.11 fee 89.42; BUY HEXA-B.ST 1095 @ 99.90 fee 75.48; BUY SAAB-B.ST 489 @ 223.51 fee 75.42; BUY CLAS-B.ST 725 @ 150.87 fee 75.47
2024-09-06,26,810266,RATO-B.ST:54098; BULTEN.ST:100606; PCELL.ST:78104; HM-B.ST:68772; G5EN.ST:65596; SINT.ST:117361; HEXA-B.ST:107828; SAAB-B.ST:107718; CLAS-B.ST:110156,
2024-09-09,26,812602,RATO-B.ST:53996; BULTEN.ST:101311; PCELL.ST:73972; HM-B.ST:68358; G5EN.ST:65668; SINT.ST:120129; HEXA-B.ST:108856; SAAB-B.ST:109468; CLAS-B.ST:110817,
2024-09-10,26,816722,RATO-B.ST:57409; BULTEN.ST:99336; PCELL.ST:75718; HM-B.ST:67574; G5EN.ST:66534; SINT.ST:120129; HEXA-B.ST:108550; SAAB-B.ST:109419; CLAS-B.ST:112026,
2024-09-11,26,812231,RATO-B.ST:57102; BULTEN.ST:97502; PCELL.ST:77464; HM-B.ST:68358; G5EN.ST:66173; SINT.ST:118469; HEXA-B.ST:107697; SAAB-B.ST:109833; CLAS-B.ST:109608,
2024-09-12,22,818460,RATO-B.ST:57751; BULTEN.ST:99477; PCELL.ST:75951; HM-B.ST:70232; G5EN.ST:64152; SINT.ST:117915; HEXA-B.ST:109053; ELAN-B.ST:111995; HUSQ-B.ST:111912,SELL SAAB-B.ST 489 @ 229.13 fee 77.31; SELL CLAS-B.ST 725 @ 154.72 fee 77.40; BUY ELAN-B.ST 1291 @ 86.75 fee 77.28; BUY HUSQ-B.ST 1819 @ 61.52 fee 77.22
2024-09-13,22,841132,RATO-B.ST:58706; BULTEN.ST:100183; PCELL.ST:80898; HM-B.ST:72062; G5EN.ST:65235; SINT.ST:123451; HEXA-B.ST:110266; ELAN-B.ST:114414; HUSQ-B.ST:115895,
2024-09-16,22,840936,RATO-B.ST:58740; BULTEN.ST:100183; PCELL.ST:82586; HM-B.ST:74327; G5EN.ST:64874; SINT.ST:123451; HEXA-B.ST:108462; ELAN-B.ST:113689; HUSQ-B.ST:114602,
2024-09-17,22,853728,RATO-B.ST:58945; BULTEN.ST:102017; PCELL.ST:86427; HM-B.ST:76462; G5EN.ST:66606; SINT.ST:123451; HEXA-B.ST:109720; ELAN-B.ST:114777; HUSQ-B.ST:115301,
2024-09-18,22,848610,RATO-B.ST:58979; BULTEN.ST:103005; PCELL.ST:85612; HM-B.ST:76397; G5EN.ST:66895; SINT.ST:119576; HEXA-B.ST:108987; ELAN-B.ST:112963; HUSQ-B.ST:116174,
2024-09-19,49,858259,RATO-B.ST:59833; BULTEN.ST:102581; PCELL.ST:83924; HM-B.ST:77704; SINT.ST:122344; HEXA-B.ST:112945; ELAN-B.ST:112237; HUSQ-B.ST:118830; HPOL-B.ST:67812,SELL G5EN.ST 772 @ 88.05 fee 69.00; BUY HPOL-B.ST 641 @ 105.79 fee 69.00
2024-09-20,49,839598,RATO-B.ST:57546; BULTEN.ST:98207; PCELL.ST:81422; HM-B.ST:78292; SINT.ST:120683; HEXA-B.ST:111469; ELAN-B.ST:112116; HUSQ-B.ST:116454; HPOL-B.ST:63361,
2024-09-23,49,840939,RATO-B.ST:57819; BULTEN.ST:97219; PCELL.ST:82353; HM-B.ST:80144; SINT.ST:120129; HEXA-B.ST:110157; ELAN-B.ST:111753; HUSQ-B.ST:117223; HPOL-B.ST:64092,
2024-09-24,49,851720,RATO-B.ST:57614; BULTEN.ST:96373; PCELL.ST:91607; HM-B.ST:79534; SINT.ST:120129; HEXA-B.ST:110758; ELAN-B.ST:111391; HUSQ-B.ST:119564; HPOL-B.ST:64702,
2024-09-25,49,866605,RATO-B.ST:58024; BULTEN.ST:94538; PCELL.ST:103771; HM-B.ST:79011; SINT.ST:121790; HEXA-B.ST:113711; ELAN-B.ST:111270; HUSQ-B.ST:120472; HPOL-B.ST:63970,
2024-09-26,69,887917,BULTEN.ST:97784; SINT.ST:122897; HEXA-B.ST:117975; ELAN-B.ST:113326; HUSQ-B.ST:123442; HPOL-B.ST:65861; SAAB-B.ST:123266; G5EN.ST:123298,SELL RATO-B.ST 1774 @ 33.25 fee 69.00; SELL PCELL.ST 2910 @ 38.70 fee 77.71; SELL HM-B.ST 456 @ 165.29 fee 69.00; BUY SAAB-B.ST 570 @ 216.26 fee 85.05; BUY G5EN.ST 1426 @ 86.46 fee 85.08
2024-09-27,69,891487,BULTEN.ST:97360; SINT.ST:122897; HEXA-B.ST:120872; ELAN-B.ST:112842; HUSQ-B.ST:124525; HPOL-B.ST:65861; SAAB-B.ST:123096; G5EN.ST:123964,
2024-09-30,69,880510,BULTEN.ST:95526; SINT.ST:121790; HEXA-B.ST:119396; ELAN-B.ST:111632; HUSQ-B.ST:124036; HPOL-B.ST:64031; SAAB-B.ST:122331; G5EN.ST:121698,
2024-10-01,69,876451,BULTEN.ST:93551; SINT.ST:121790; HEXA-B.ST:118959; ELAN-B.ST:110423; HUSQ-B.ST:121031; HPOL-B.ST:64397; SAAB-B.ST:126666; G5EN.ST:119566,
2024-10-02,69,878859,BULTEN.ST:93833; SINT.ST:121790; HEXA-B.ST:118904; ELAN-B.ST:108246; HUSQ-B.ST:121625; HPOL-B.ST:63361; SAAB-B.ST:129867; G5EN.ST:121165,
2024-10-03,33,875285,BULTEN.ST:92845; ELAN-B.ST:107883; HUSQ-B.ST:121346; HPOL-B.ST:62690; SAAB-B.ST:129386; G5EN.ST:119299; RATO-B.ST:120990; BEIJ-B.ST:120815,SELL SINT.ST 1166 @ 107.30 fee 86.33; SELL HEXA-B.ST 1095 @ 106.84 fee 80.72; BUY RATO-B.ST 3721 @ 32.52 fee 83.48; BUY BEIJ-B.ST 752 @ 160.66 fee 83.36
2024-10-04,33,884691,BULTEN.ST:93410; ELAN-B.ST:110423; HUSQ-B.ST:122603; HPOL-B.ST:64336; SAAB-B.ST:128876; G5EN.ST:120365; RATO-B.ST:123495; BEIJ-B.ST:121150,
2024-10-07,33,877958,BULTEN.ST:93551; ELAN-B.ST:105706; HUSQ-B.ST:120926; HPOL-B.ST:63543; SAAB-B.ST:128904; G5EN.ST:121165; RATO-B.ST:123352; BEIJ-B.ST:120777,
2024-10-08,33,875527,BULTEN.ST:95808; ELAN-B.ST:105706; HUSQ-B.ST:120018; HPOL-B.ST:62629; SAAB-B.ST:128989; G5EN.ST:118633; RATO-B.ST:122636; BEIJ-B.ST:121075,
2024-10-09,33,881358,BULTEN.ST:97925; ELAN-B.ST:108367; HUSQ-B.ST:122394; HPOL-B.ST:63848; SAAB-B.ST:128733; G5EN.ST:117300; RATO-B.ST:121348; BEIJ-B.ST:121411,
2024-10-10,33,864486,BULTEN.ST:98207; ELAN-B.ST:105464; HUSQ-B.ST:120018; HPOL-B.ST:62629; SAAB-B.ST:120517; G5EN.ST:116366; RATO-B.ST:119916; BEIJ-B.ST:121336,
2024-10-11,33,866880,BULTEN.ST:97078; ELAN-B.ST:106069; HUSQ-B.ST:120717; HPOL-B.ST:63056; SAAB-B.ST:120375; G5EN.ST:115567; RATO-B.ST:121419; BEIJ-B.ST:122567,
2024-10-14,33,869282,BULTEN.ST:95949; ELAN-B.ST:106311; HUSQ-B.ST:118795; HPOL-B.ST:63056; SAAB-B.ST:121796; G5EN.ST:117699; RATO-B.ST:121920; BEIJ-B.ST:123722,
2024-10-15,33,872375,BULTEN.ST:95244; ELAN-B.ST:106069; HUSQ-B.ST:118725; HPOL-B.ST:62995; SAAB-B.ST:121597; G5EN.ST:120232; RATO-B.ST:124355; BEIJ-B.ST:123126,
2024-10-16,33,872482,BULTEN.ST:96937; ELAN-B.ST:105706; HUSQ-B.ST:118795; HPOL-B.ST:61714; SAAB-B.ST:123616; G5EN.ST:119965; RATO-B.ST:122851; BEIJ-B.ST:122865,
2024-10-17,99,877444,BULTEN.ST:96796; ELAN-B.ST:104013; HUSQ-B.ST:120332; HPOL-B.ST:63361; SAAB-B.ST:125265; VOLV-B.ST:122428; SWED-A.ST:122547; SINT.ST:122604,SELL G5EN.ST 1426 @ 84.88 fee 83.51; SELL RATO-B.ST 3721 @ 32.61 fee 83.73; SELL BEIJ-B.ST 752 @ 167.25 fee 86.78; BUY VOLV-B.ST 475 @ 257.74 fee 84.48; BUY SWED-A.ST 646 @ 189.70 fee 84.56; BUY SINT.ST 1158 @ 105.88 fee 84.60
2024-10-18,99,896721,BULTEN.ST:98066; ELAN-B.ST:114777; HUSQ-B.ST:121660; HPOL-B.ST:63787; SAAB-B.ST:124867; VOLV-B.ST:126724; SWED-A.ST:122487; SINT.ST:124253,
2024-10-21,99,897209,BULTEN.ST:98066; ELAN-B.ST:118164; HUSQ-B.ST:121264; HPOL-B.ST:62812; SAAB-B.ST:125066; VOLV-B.ST:125708; SWED-A.ST:121778; SINT.ST:124253,
2024-10-22,99,917220,BULTEN.ST:105827; ELAN-B.ST:119978; HUSQ-B.ST:120797; HPOL-B.ST:63178; SAAB-B.ST:136211; VOLV-B.ST:124645; SWED-A.ST:122783; SINT.ST:123703,
2024-10-23,99,920048,BULTEN.ST:102299; ELAN-B.ST:117438; HUSQ-B.ST:124754; HPOL-B.ST:63604; SAAB-B.ST:134675; VOLV-B.ST:125153; SWED-A.ST:128872; SINT.ST:123154,
2024-10-24,710,917189,BULTEN.ST:101170; HPOL-B.ST:63848; SWED-A.ST:125857; SINT.ST:123154; AZN.ST:83197; NOTE.ST:83875; EQT.ST:83905; BEIJ-B.ST:83795; G5EN.ST:83866; CLAS-B.ST:83812,SELL ELAN-B.ST 1291 @ 90.78 fee 80.87; SELL HUSQ-B.ST 1819 @ 70.07 fee 87.94; SELL SAAB-B.ST 570 @ 236.42 fee 92.98; SELL VOLV-B.ST 475 @ 261.92 fee 85.85; BUY AZN.ST 52 @ 1599.94 fee 69.00; BUY NOTE.ST 683 @ 122.80 fee 69.00; BUY EQT.ST 267 @ 314.25 fee 69.00; BUY BEIJ-B.ST 532 @ 157.51 fee 69.00; BUY G5EN.ST 998 @ 84.03 fee 69.00; BUY CLAS-B.ST 499 @ 167.96 fee 69.00
2024-10-25,710,918748,BULTEN.ST:98630; HPOL-B.ST:64946; SWED-A.ST:127039; SINT.ST:124253; AZN.ST:82782; NOTE.ST:83482; EQT.ST:84300; BEIJ-B.ST:83928; G5EN.ST:84425; CLAS-B.ST:84252,
2024-10-28,710,927322,BULTEN.ST:98489; HPOL-B.ST:64336; SWED-A.ST:128990; SINT.ST:124253; AZN.ST:83379; NOTE.ST:87083; EQT.ST:84642; BEIJ-B.ST:85728; G5EN.ST:84332; CLAS-B.ST:85378,
2024-10-29,710,933290,BULTEN.ST:98348; HPOL-B.ST:63787; SWED-A.ST:129995; SINT.ST:125353; AZN.ST:83093; NOTE.ST:90030; EQT.ST:84379; BEIJ-B.ST:85093; G5EN.ST:86291; CLAS-B.ST:86211,
2024-10-30,710,925147,BULTEN.ST:98066; HPOL-B.ST:62568; SWED-A.ST:128163; SINT.ST:126452; AZN.ST:80549; NOTE.ST:89375; EQT.ST:83483; BEIJ-B.ST:85199; G5EN.ST:84519; CLAS-B.ST:86064,
2024-10-31,294,919964,BULTEN.ST:97502; HPOL-B.ST:61531; AZN.ST:78940; BEIJ-B.ST:84643; G5EN.ST:86291; CLAS-B.ST:85721; LUND-B.ST:141727; HOLM-B.ST:141684; INVE-B.ST:141632,SELL SWED-A.ST 646 @ 197.84 fee 88.19; SELL SINT.ST 1158 @ 109.20 fee 87.25; SELL NOTE.ST 683 @ 131.14 fee 69.00; SELL EQT.ST 267 @ 304.88 fee 69.00; BUY LUND-B.ST 272 @ 521.06 fee 97.79; BUY HOLM-B.ST 345 @ 410.68 fee 97.76; BUY INVE-B.ST 478 @ 296.30 fee 97.73
2024-11-01,294,928079,BULTEN.ST:98348; HPOL-B.ST:62812; AZN.ST:79225; BEIJ-B.ST:87078; G5EN.ST:87037; CLAS-B.ST:86700; LUND-B.ST:142669; HOLM-B.ST:141954; INVE-B.ST:141961,
2024-11-04,294,933921,BULTEN.ST:96232; HPOL-B.ST:62934; AZN.ST:79485; BEIJ-B.ST:91473; G5EN.ST:87877; CLAS-B.ST:87435; LUND-B.ST:142804; HOLM-B.ST:142628; INVE-B.ST:142760,
2024-11-05,294,928472,BULTEN.ST:96514; HPOL-B.ST:63970; AZN.ST:73307; BEIJ-B.ST:93088; G5EN.ST:85918; CLAS-B.ST:88365; LUND-B.ST:142400; HOLM-B.ST:142021; INVE-B.ST:142596,
2024-11-06,294,928099,BULTEN.ST:95385; HPOL-B.ST:66166; AZN.ST:72372; BEIJ-B.ST:88402; G5EN.ST:93194; CLAS-B.ST:87288; LUND-B.ST:141592; HOLM-B.ST:140740; INVE-B.ST:142666,
2024-11-07,212,946079,AZN.ST:71230; BEIJ-B.ST:91156; CLAS-B.ST:91547; LUND-B.ST:144688; HOLM-B.ST:141482; INVE-B.ST:143723; HM-B.ST:87345; EQT.ST:87306; SINT.ST:87390,SELL BULTEN.ST 1475 @ 67.92 fee 69.13; SELL HPOL-B.ST 641 @ 103.13 fee 69.00; SELL G5EN.ST 998 @ 96.28 fee 69.00; BUY HM-B.ST 566 @ 154.32 fee 69.00; BUY EQT.ST 281 @ 310.70 fee 69.00; BUY SINT.ST 835 @ 104.66 fee 69.00
2024-11-08,212,939539,AZN.ST:72554; BEIJ-B.ST:90176; CLAS-B.ST:91057; LUND-B.ST:144553; HOLM-B.ST:139931; INVE-B.ST:142803; HM-B.ST:87649; EQT.ST:86059; SINT.ST:84545,
2024-11-11,212,947271,AZN.ST:73047; BEIJ-B.ST:90149; CLAS-B.ST:93603; LUND-B.ST:145899; HOLM-B.ST:140201; INVE-B.ST:144030; HM-B.ST:87097; EQT.ST:86863; SINT.ST:86171,
2024-11-12,212,933841,AZN.ST:73177; BEIJ-B.ST:88402; CLAS-B.ST:94141; LUND-B.ST:142535; HOLM-B.ST:137705; INVE-B.ST:140634; HM-B.ST:86683; EQT.ST:83369; SINT.ST:86983,
2024-11-13,212,931451,AZN.ST:74034; BEIJ-B.ST:87899; CLAS-B.ST:93015; LUND-B.ST:141996; HOLM-B.ST:138987; INVE-B.ST:139950; HM-B.ST:85551; EQT.ST:82011; SINT.ST:87796,
2024-11-14,63,936691,AZN.ST:74760; BEIJ-B.ST:88799; EQT.ST:81983; SINT.ST:86983; BULTEN.ST:100699; HPOL-B.ST:100715; HEXA-B.ST:100727; NEWA-B.ST:100731; CEVI.ST:100542; ELUX-B.ST:100688,SELL CLAS-B.ST 499 @ 188.66 fee 69.00; SELL LUND-B.ST 272 @ 528.48 fee 99.18; SELL HOLM-B.ST 345 @ 404.42 fee 96.27; SELL INVE-B.ST 478 @ 296.73 fee 97.87; SELL HM-B.ST 566 @ 151.15 fee 69.00; BUY BULTEN.ST 1491 @ 67.54 fee 69.48; BUY HPOL-B.ST 1015 @ 99.23 fee 69.49; BUY HEXA-B.ST 1053 @ 95.66 fee 69.50; BUY NEWA-B.ST 1031 @ 97.70 fee 69.50; BUY CEVI.ST 437 @ 230.07 fee 69.37; BUY ELUX-B.ST 1156 @ 87.10 fee 69.47
2024-11-15,63,926695,AZN.ST:72294; BEIJ-B.ST:85834; EQT.ST:81484; SINT.ST:87390; BULTEN.ST:100699; HPOL-B.ST:100233; HEXA-B.ST:98856; NEWA-B.ST:97888; CEVI.ST:101405; ELUX-B.ST:100549,
2024-11-18,63,918479,AZN.ST:71957; BEIJ-B.ST:85596; EQT.ST:81789; SINT.ST:85358; BULTEN.ST:99130; HPOL-B.ST:99460; HEXA-B.ST:99066; NEWA-B.ST:99185; CEVI.ST:97090; ELUX-B.ST:99786,
2024-11-19,63,908309,AZN.ST:72606; BEIJ-B.ST:84854; EQT.ST:80929; SINT.ST:85358; BULTEN.ST:98702; HPOL-B.ST:98591; HEXA-B.ST:97825; NEWA-B.ST:97290; CEVI.ST:94501; ELUX-B.ST:97590,
2024-11-20,63,897088,AZN.ST:73151; BEIJ-B.ST:83080; EQT.ST:81623; SINT.ST:84951; BULTEN.ST:95992; HPOL-B.ST:100522; HEXA-B.ST:96963; NEWA-B.ST:95495; CEVI.ST:91264; ELUX-B.ST:93983,
2024-11-21,29,900169,BEIJ-B.ST:83107; EQT.ST:83009; BULTEN.ST:96277; HPOL-B.ST:102453; HEXA-B.ST:95807; NEWA-B.ST:95295; CEVI.ST:92559; RATO-B.ST:83953; NIBE-B.ST:83944; ELAN-B.ST:83735,SELL AZN.ST 52 @ 1411.24 fee 69.00; SELL SINT.ST 835 @ 103.20 fee 69.00; SELL ELUX-B.ST 1156 @ 79.98 fee 69.00; BUY RATO-B.ST 2774 @ 30.26 fee 69.00; BUY NIBE-B.ST 1882 @ 44.60 fee 69.00; BUY ELAN-B.ST 1018 @ 82.25 fee 69.00
2024-11-22,29,914955,BEIJ-B.ST:86363; EQT.ST:85144; BULTEN.ST:97276; HPOL-B.ST:103516; HEXA-B.ST:96585; NEWA-B.ST:96343; CEVI.ST:93638; RATO-B.ST:85287; NIBE-B.ST:85514; ELAN-B.ST:85261,
2024-11-25,29,930840,BEIJ-B.ST:86019; EQT.ST:87944; BULTEN.ST:98274; HPOL-B.ST:104771; HEXA-B.ST:97951; NEWA-B.ST:97140; CEVI.ST:95579; RATO-B.ST:86515; NIBE-B.ST:90879; ELAN-B.ST:85737,
2024-11-26,29,909639,BEIJ-B.ST:85622; EQT.ST:86890; BULTEN.ST:95849; HPOL-B.ST:100619; HEXA-B.ST:96837; NEWA-B.ST:96343; CEVI.ST:92559; RATO-B.ST:84594; NIBE-B.ST:86468; ELAN-B.ST:83830,
2024-11-27,29,913621,BEIJ-B.ST:86363; EQT.ST:87528; BULTEN.ST:96562; HPOL-B.ST:100426; HEXA-B.ST:95722; NEWA-B.ST:97440; CEVI.ST:95579; RATO-B.ST:84700; NIBE-B.ST:87253; ELAN-B.ST:82018,
2024-11-28,888,920489,EQT.ST:87556; BULTEN.ST:96705; HPOL-B.ST:101778; HEXA-B.ST:96900; NEWA-B.ST:97789; CEVI.ST:96658; ELAN-B.ST:84402; AZN.ST:85240; ELUX-B.ST:86302; LUND-B.ST:86272,SELL BEIJ-B.ST 532 @ 163.28 fee 69.00; SELL RATO-B.ST 2774 @ 30.63 fee 69.00; SELL NIBE-B.ST 1882 @ 46.36 fee 69.00; BUY AZN.ST 58 @ 1469.65 fee 69.00; BUY ELUX-B.ST 1061 @ 81.34 fee 69.00; BUY LUND-B.ST 167 @ 516.60 fee 69.00
2024-11-29,888,928384,EQT.ST:92157; BULTEN.ST:97703; HPOL-B.ST:102067; HEXA-B.ST:97720; NEWA-B.ST:98246; CEVI.ST:94285; ELAN-B.ST:86214; AZN.ST:85182; ELUX-B.ST:86493; LUND-B.ST:87429,
2024-12-02,888,934413,EQT.ST:90400; BULTEN.ST:98987; HPOL-B.ST:103226; HEXA-B.ST:99423; NEWA-B.ST:100886; CEVI.ST:92775; ELAN-B.ST:87073; AZN.ST:85269; ELUX-B.ST:87066; LUND-B.ST:88421,
2024-12-03,888,932996,EQT.ST:90735; BULTEN.ST:96562; HPOL-B.ST:103612; HEXA-B.ST:100706; NEWA-B.ST:99007; CEVI.ST:92343; ELAN-B.ST:86882; AZN.ST:87295; ELUX-B.ST:86875; LUND-B.ST:88090,
2024-12-04,888,947137,EQT.ST:89870; BULTEN.ST:99130; HPOL-B.ST:105640; HEXA-B.ST:108613; NEWA-B.ST:101952; CEVI.ST:91480; ELAN-B.ST:87549; AZN.ST:84632; ELUX-B.ST:88466; LUND-B.ST:88917,
2024-12-05,224,949902,CEVI.ST:91049; AZN.ST:85153; ELUX-B.ST:88551; HOLM-B.ST:114252; BEIJ-B.ST:114154; MEKO.ST:114142; CLAS-B.ST:114149; SKA-B.ST:114181; INVE-B.ST:114047,SELL EQT.ST 281 @ 324.98 fee 69.00; SELL BULTEN.ST 1491 @ 65.82 fee 69.00; SELL HPOL-B.ST 1015 @ 103.70 fee 72.63; SELL HEXA-B.ST 1053 @ 105.79 fee 76.87; SELL NEWA-B.ST 1031 @ 98.49 fee 70.07; SELL ELAN-B.ST 1018 @ 87.50 fee 69.00; SELL LUND-B.ST 167 @ 529.96 fee 69.00; BUY HOLM-B.ST 279 @ 409.51 fee 78.83; BUY BEIJ-B.ST 667 @ 171.15 fee 78.77; BUY MEKO.ST 853 @ 133.81 fee 78.76; BUY CLAS-B.ST 526 @ 217.01 fee 78.76; BUY SKA-B.ST 512 @ 223.01 fee 78.79; BUY INVE-B.ST 378 @ 301.71 fee 78.69
2024-12-06,224,957866,CEVI.ST:89754; AZN.ST:86079; ELUX-B.ST:92625; HOLM-B.ST:114416; BEIJ-B.ST:115250; MEKO.ST:114645; CLAS-B.ST:114355; SKA-B.ST:115557; INVE-B.ST:114961,
2024-12-09,224,965321,CEVI.ST:93638; AZN.ST:86456; ELUX-B.ST:98376; HOLM-B.ST:115888; BEIJ-B.ST:115183; MEKO.ST:113638; CLAS-B.ST:113736; SKA-B.ST:114378; INVE-B.ST:113805,
2024-12-10,224,965251,CEVI.ST:94716; AZN.ST:85442; ELUX-B.ST:101241; HOLM-B.ST:114470; BEIJ-B.ST:113789; MEKO.ST:113806; CLAS-B.ST:114459; SKA-B.ST:114083; INVE-B.ST:113021,
2024-12-11,224,971056,CEVI.ST:97521; AZN.ST:85848; ELUX-B.ST:103066; HOLM-B.ST:115507; BEIJ-B.ST:114188; MEKO.ST:113806; CLAS-B.ST:114355; SKA-B.ST:114771; INVE-B.ST:111772,
2024-12-12,494,967280,CEVI.ST:97090; AZN.ST:85732; BEIJ-B.ST:113026; CLAS-B.ST:113426; INVE-B.ST:111007; HM-B.ST:89450; RATO-B.ST:89465; NEWA-B.ST:89454; EQT.ST:89280; LUND-B.ST:88855,SELL ELUX-B.ST 1061 @ 96.50 fee 70.65; SELL HOLM-B.ST 279 @ 414.78 fee 79.85; SELL MEKO.ST 853 @ 134.40 fee 79.11; SELL SKA-B.ST 512 @ 223.97 fee 79.12; BUY HM-B.ST 585 @ 152.91 fee 69.00; BUY RATO-B.ST 2899 @ 30.86 fee 69.00; BUY NEWA-B.ST 923 @ 96.92 fee 69.00; BUY EQT.ST 284 @ 314.36 fee 69.00; BUY LUND-B.ST 174 @ 510.66 fee 69.00
2024-12-13,494,962877,CEVI.ST:97737; AZN.ST:84458; BEIJ-B.ST:113159; CLAS-B.ST:113633; INVE-B.ST:110746; HM-B.ST:89222; RATO-B.ST:88684; NEWA-B.ST:87318; EQT.ST:88829; LUND-B.ST:88597,
2024-12-16,494,959258,CEVI.ST:95148; AZN.ST:84690; BEIJ-B.ST:112926; CLAS-B.ST:112394; INVE-B.ST:110653; HM-B.ST:87910; RATO-B.ST:88629; NEWA-B.ST:87818; EQT.ST:90689; LUND-B.ST:87908,
2024-12-17,494,950967,CEVI.ST:93853; AZN.ST:84834; BEIJ-B.ST:112395; CLAS-B.ST:111878; INVE-B.ST:110205; HM-B.ST:86797; RATO-B.ST:87346; NEWA-B.ST:86181; EQT.ST:89590; LUND-B.ST:87392,
2024-12-18,494,953984,CEVI.ST:95795; AZN.ST:83792; BEIJ-B.ST:112063; CLAS-B.ST:110537; INVE-B.ST:110485; HM-B.ST:86769; RATO-B.ST:87680; NEWA-B.ST:88091; EQT.ST:90886; LUND-B.ST:87392,
2024-12-19,45,929766,CEVI.ST:94285; HM-B.ST:84715; RATO-B.ST:85394; NEWA-B.ST:86000; EQT.ST:83784; LUND-B.ST:85480; NIBE-B.ST:136779; HUSQ-B.ST:136749; SAVE.ST:136535,SELL AZN.ST 58 @ 1420.73 fee 69.00; SELL BEIJ-B.ST 667 @ 163.03 fee 75.03; SELL CLAS-B.ST 526 @ 210.54 fee 76.41; SELL INVE-B.ST 378 @ 286.52 fee 74.73; BUY NIBE-B.ST 3272 @ 41.80 fee 94.38; BUY HUSQ-B.ST 2396 @ 57.07 fee 94.36; BUY SAVE.ST 614 @ 222.37 fee 94.21
2024-12-20,45,937713,CEVI.ST:95364; HM-B.ST:86084; RATO-B.ST:85728; NEWA-B.ST:87545; EQT.ST:85898; LUND-B.ST:85894; NIBE-B.ST:137039; HUSQ-B.ST:136749; SAVE.ST:137367,
2024-12-23,45,935225,CEVI.ST:95364; HM-B.ST:85000; RATO-B.ST:85784; NEWA-B.ST:87272; EQT.ST:85278; LUND-B.ST:85963; NIBE-B.ST:137039; HUSQ-B.ST:135280; SAVE.ST:138200,
2024-12-27,45,942945,CEVI.ST:93853; HM-B.ST:85029; RATO-B.ST:86565; NEWA-B.ST:88545; EQT.ST:87420; LUND-B.ST:86703; NIBE-B.ST:137722; HUSQ-B.ST:137318; SAVE.ST:139746,
2024-12-30,45,944152,CEVI.ST:93853; HM-B.ST:85057; RATO-B.ST:87402; NEWA-B.ST:88318; EQT.ST:86264; LUND-B.ST:86272; NIBE-B.ST:140517; HUSQ-B.ST:136797; SAVE.ST:139627,
2025-01-02,399,951533,CEVI.ST:91264; HM-B.ST:84858; RATO-B.ST:89967; NEWA-B.ST:90181; EQT.ST:87138; LUND-B.ST:87306; NIBE-B.ST:141979; HUSQ-B.ST:137460; HOLM-B.ST:140981,SELL SAVE.ST 614 @ 230.50 fee 97.66; BUY HOLM-B.ST 352 @ 400.51 fee 97.28
2025-01-03,399,952848,CEVI.ST:91696; HM-B.ST:83717; RATO-B.ST:90302; NEWA-B.ST:89909; EQT.ST:87786; LUND-B.ST:86961; NIBE-B.ST:144611; HUSQ-B.ST:136417; HOLM-B.ST:141050,
2025-01-07,399,949356,CEVI.ST:88891; HM-B.ST:85171; RATO-B.ST:89131; NEWA-B.ST:89818; EQT.ST:88378; LUND-B.ST:87650; NIBE-B.ST:139087; HUSQ-B.ST:139782; HOLM-B.ST:141050,
2025-01-08,399,937582,CEVI.ST:89754; HM-B.ST:83717; RATO-B.ST:89800; NEWA-B.ST:88727; EQT.ST:89731; LUND-B.ST:87306; NIBE-B.ST:133432; HUSQ-B.ST:135043; HOLM-B.ST:139674,
2025-01-09,399,936759,CEVI.ST:89107; HM-B.ST:83431; RATO-B.ST:89242; NEWA-B.ST:88454; EQT.ST:90322; LUND-B.ST:86789; NIBE-B.ST:132100; HUSQ-B.ST:134901; HOLM-B.ST:142013,
2025-01-10,96,925655,CEVI.ST:90401; HM-B.ST:82462; RATO-B.ST:88294; NEWA-B.ST:87954; NIBE-B.ST:124951; HUSQ-B.ST:134190; HOLM-B.ST:141669; BEIJ-B.ST:87893; MEKO.ST:87745,SELL EQT.ST 284 @ 313.97 fee 69.00; SELL LUND-B.ST 174 @ 496.81 fee 69.00; BUY BEIJ-B.ST 585 @ 150.24 fee 69.00; BUY MEKO.ST 700 @ 125.35 fee 69.00
2025-01-13,96,924576,CEVI.ST:88028; HM-B.ST:82005; RATO-B.ST:87680; NEWA-B.ST:85636; NIBE-B.ST:129240; HUSQ-B.ST:132295; HOLM-B.ST:144353; BEIJ-B.ST:88737; MEKO.ST:86505,
2025-01-14,96,928609,CEVI.ST:90833; HM-B.ST:82348; RATO-B.ST:88629; NEWA-B.ST:87591; NIBE-B.ST:125828; HUSQ-B.ST:133717; HOLM-B.ST:140362; BEIJ-B.ST:90222; MEKO.ST:88985,
2025-01-15,96,950274,CEVI.ST:95579; HM-B.ST:84487; RATO-B.ST:90246; NEWA-B.ST:89045; NIBE-B.ST:130150; HUSQ-B.ST:136275; HOLM-B.ST:141394; BEIJ-B.ST:92638; MEKO.ST:90362,
2025-01-16,96,961808,CEVI.ST:97090; HM-B.ST:84544; RATO-B.ST:91194; NEWA-B.ST:91272; NIBE-B.ST:133562; HUSQ-B.ST:137223; HOLM-B.ST:140775; BEIJ-B.ST:96103; MEKO.ST:89949,
2025-01-17,440,973492,CEVI.ST:97953; HM-B.ST:86113; RATO-B.ST:91417; NIBE-B.ST:137559; HUSQ-B.ST:138408; MEKO.ST:90225; AZN.ST:110232; SAVE.ST:110628; LUND-B.ST:110517,SELL NEWA-B.ST 923 @ 101.15 fee 69.00; SELL HOLM-B.ST 352 @ 403.06 fee 97.89; SELL BEIJ-B.ST 585 @ 165.72 fee 69.00; BUY AZN.ST 74 @ 1489.62 fee 76.06; BUY SAVE.ST 449 @ 246.39 fee 76.33; BUY LUND-B.ST 216 @ 511.65 fee 76.26
2025-01-20,440,967360,CEVI.ST:98169; HM-B.ST:85057; RATO-B.ST:91473; NIBE-B.ST:137039; HUSQ-B.ST:138123; MEKO.ST:89536; AZN.ST:108717; SAVE.ST:108715; LUND-B.ST:110090,
2025-01-21,440,988729,CEVI.ST:100110; HM-B.ST:85114; RATO-B.ST:92700; NIBE-B.ST:140582; HUSQ-B.ST:138265; MEKO.ST:90776; AZN.ST:110749; SAVE.ST:116803; LUND-B.ST:113189,
2025-01-22,440,980216,CEVI.ST:91696; HM-B.ST:85257; RATO-B.ST:93704; NIBE-B.ST:139444; HUSQ-B.ST:137792; MEKO.ST:90225; AZN.ST:110749; SAVE.ST:117934; LUND-B.ST:112975,
2025-01-23,440,986306,CEVI.ST:92559; HM-B.ST:84658; RATO-B.ST:93537; NIBE-B.ST:143311; HUSQ-B.ST:140161; MEKO.ST:90225; AZN.ST:111229; SAVE.ST:116890; LUND-B.ST:113296,
2025-01-24,70,988420,CEVI.ST:93206; HM-B.ST:85856; RATO-B.ST:94206; NIBE-B.ST:143766; HUSQ-B.ST:140398; MEKO.ST:89260; SAVE.ST:116629; NEWA-B.ST:112567; ELAN-B.ST:112462,SELL AZN.ST 74 @ 1509.09 fee 77.05; SELL LUND-B.ST 216 @ 524.52 fee 78.17; BUY NEWA-B.ST 1171 @ 96.13 fee 77.67; BUY ELAN-B.ST 1383 @ 81.32 fee 77.60
2025-01-27,70,993630,CEVI.ST:89538; HM-B.ST:85200; RATO-B.ST:95489; NIBE-B.ST:144286; HUSQ-B.ST:141156; MEKO.ST:88296; SAVE.ST:113846; NEWA-B.ST:119141; ELAN-B.ST:116608,
2025-01-28,70,994045,CEVI.ST:94716; HM-B.ST:87054; RATO-B.ST:97497; NIBE-B.ST:144709; HUSQ-B.ST:141582; MEKO.ST:89811; SAVE.ST:111237; NEWA-B.ST:117757; ELAN-B.ST:109611,
2025-01-29,70,998462,CEVI.ST:92343; HM-B.ST:87853; RATO-B.ST:96326; NIBE-B.ST:144026; HUSQ-B.ST:144236; MEKO.ST:90913; SAVE.ST:112890; NEWA-B.ST:121102; ELAN-B.ST:108704,
2025-01-30,70,1006714,CEVI.ST:95795; HM-B.ST:84829; RATO-B.ST:96939; NIBE-B.ST:147243; HUSQ-B.ST:143335; MEKO.ST:91740; SAVE.ST:115673; NEWA-B.ST:122255; ELAN-B.ST:108834,
2025-01-31,20,1002452,CEVI.ST:97737; HM-B.ST:84544; RATO-B.ST:97162; NIBE-B.ST:144904; HUSQ-B.ST:140919; SAVE.ST:114977; NEWA-B.ST:122255; ELAN-B.ST:108834; EMBRAC-B.ST:91101,SELL MEKO.ST 700 @ 130.27 fee 69.00; BUY EMBRAC-B.ST 745 @ 122.28 fee 69.00
2025-02-03,20,984474,CEVI.ST:93422; HM-B.ST:83061; RATO-B.ST:94820; NIBE-B.ST:141362; HUSQ-B.ST:137128; SAVE.ST:114194; NEWA-B.ST:120064; ELAN-B.ST:107279; EMBRAC-B.ST:93125,
2025-02-04,20,1001122,CEVI.ST:95579; HM-B.ST:84601; RATO-B.ST:95935; NIBE-B.ST:141329; HUSQ-B.ST:138502; SAVE.ST:115412; NEWA-B.ST:122947; ELAN-B.ST:106631; EMBRAC-B.ST:100165,
2025-02-05,20,996288,CEVI.ST:96011; HM-B.ST:84430; RATO-B.ST:95991; NIBE-B.ST:141719; HUSQ-B.ST:128457; SAVE.ST:115673; NEWA-B.ST:124331; ELAN-B.ST:104947; EMBRAC-B.ST:104710,
2025-02-06,20,1006981,CEVI.ST:88460; HM-B.ST:86027; RATO-B.ST:97888; NIBE-B.ST:148121; HUSQ-B.ST:125188; SAVE.ST:116542; NEWA-B.ST:133097; ELAN-B.ST:103651; EMBRAC-B.ST:107988,
2025-02-07,20,997158,NIBE-B.ST:142889; HUSQ-B.ST:125282; SAVE.ST:115238; ELAN-B.ST:103651; PCELL.ST:102083; VOLV-B.ST:101969; MEKO.ST:102007; CLAS-B.ST:101999; SINT.ST:102020,SELL CEVI.ST 437 @ 198.47 fee 69.00; SELL HM-B.ST 585 @ 147.05 fee 69.00; SELL RATO-B.ST 2899 @ 33.57 fee 69.00; SELL NEWA-B.ST 1171 @ 115.73 fee 93.51; SELL EMBRAC-B.ST 745 @ 141.20 fee 72.58; BUY PCELL.ST 3293 @ 31.00 fee 70.44; BUY VOLV-B.ST 337 @ 302.58 fee 70.36; BUY MEKO.ST 789 @ 129.29 fee 70.38; BUY CLAS-B.ST 414 @ 246.37 fee 70.38; BUY SINT.ST 998 @ 102.22 fee 70.39
2025-02-10,20,1004684,NIBE-B.ST:147146; HUSQ-B.ST:128173; SAVE.ST:115673; ELAN-B.ST:103263; PCELL.ST:103664; VOLV-B.ST:102428; MEKO.ST:103404; CLAS-B.ST:99866; SINT.ST:101049,
2025-02-11,20,997918,NIBE-B.ST:149681; HUSQ-B.ST:127936; SAVE.ST:108367; ELAN-B.ST:103263; PCELL.ST:99712; VOLV-B.ST:103280; MEKO.ST:102783; CLAS-B.ST:101343; SINT.ST:101534,
2025-02-12,20,1001397,NIBE-B.ST:149843; HUSQ-B.ST:128694; SAVE.ST:108193; ELAN-B.ST:102485; PCELL.ST:100305; VOLV-B.ST:103707; MEKO.ST:105267; CLAS-B.ST:101835; SINT.ST:101049,
2025-02-13,20,1026408,NIBE-B.ST:155855; HUSQ-B.ST:133101; SAVE.ST:107584; ELAN-B.ST:102097; PCELL.ST:113411; VOLV-B.ST:106689; MEKO.ST:104180; CLAS-B.ST:103394; SINT.ST:100077,
2025-02-14,19,1015358,NIBE-B.ST:145164; HUSQ-B.ST:136654; SAVE.ST:110454; ELAN-B.ST:100542; MEKO.ST:100143; CLAS-B.ST:102902; SHB-B.ST:159757; INVE-B.ST:159722,SELL PCELL.ST 3293 @ 33.76 fee 76.71; SELL VOLV-B.ST 337 @ 318.14 fee 73.98; SELL SINT.ST 998 @ 101.74 fee 70.06; BUY SHB-B.ST 915 @ 174.60 fee 110.23; BUY INVE-B.ST 507 @ 315.03 fee 110.21
2025-02-17,19,1018447,NIBE-B.ST:138989; HUSQ-B.ST:137555; SAVE.ST:111498; ELAN-B.ST:100801; MEKO.ST:102472; CLAS-B.ST:103476; SHB-B.ST:161512; INVE-B.ST:162124,
2025-02-18,19,1012228,NIBE-B.ST:138242; HUSQ-B.ST:135991; SAVE.ST:111324; ELAN-B.ST:99376; MEKO.ST:98125; CLAS-B.ST:104051; SHB-B.ST:162127; INVE-B.ST:162974,
2025-02-19,19,991168,NIBE-B.ST:130898; HUSQ-B.ST:131395; SAVE.ST:109237; ELAN-B.ST:100153; MEKO.ST:96728; CLAS-B.ST:102409; SHB-B.ST:159757; INVE-B.ST:160573,
2025-02-20,19,994417,NIBE-B.ST:132197; HUSQ-B.ST:133148; SAVE.ST:107932; ELAN-B.ST:98987; MEKO.ST:97970; CLAS-B.ST:100850; SHB-B.ST:162390; INVE-B.ST:160923,
2025-02-21,326,995572,NIBE-B.ST:131450; HUSQ-B.ST:133574; ELAN-B.ST:98210; CLAS-B.ST:100358; SHB-B.ST:166077; INVE-B.ST:161148; HM-B.ST:102349; EQT.ST:102080,SELL SAVE.ST 449 @ 239.80 fee 74.29; SELL MEKO.ST 789 @ 123.38 fee 69.00; BUY HM-B.ST 742 @ 137.94 fee 70.62; BUY EQT.ST 294 @ 347.21 fee 70.44
2025-02-24,326,994607,NIBE-B.ST:129793; HUSQ-B.ST:132390; ELAN-B.ST:99376; CLAS-B.ST:100276; SHB-B.ST:169149; INVE-B.ST:159672; HM-B.ST:103326; EQT.ST:100300,
2025-02-25,326,997653,NIBE-B.ST:131645; HUSQ-B.ST:131395; ELAN-B.ST:101060; CLAS-B.ST:99537; SHB-B.ST:171344; INVE-B.ST:159822; HM-B.ST:104267; EQT.ST:98258,
2025-02-26,326,1013391,NIBE-B.ST:134050; HUSQ-B.ST:132579; ELAN-B.ST:103004; CLAS-B.ST:100768; SHB-B.ST:174767; INVE-B.ST:162599; HM-B.ST:105786; EQT.ST:99513,
2025-02-27,326,1002703,NIBE-B.ST:133302; HUSQ-B.ST:129594; ELAN-B.ST:101319; CLAS-B.ST:99373; SHB-B.ST:176435; INVE-B.ST:160598; HM-B.ST:104665; EQT.ST:97091,
2025-02-28,61,995945,NIBE-B.ST:130768; HUSQ-B.ST:130305; ELAN-B.ST:99505; SHB-B.ST:174504; INVE-B.ST:159972; EQT.ST:97237; EMBRAC-B.ST:67898; CEVI.ST:67834; MEKO.ST:67860,SELL CLAS-B.ST 414 @ 240.03 fee 69.00; SELL HM-B.ST 742 @ 140.57 fee 71.97; BUY EMBRAC-B.ST 563 @ 120.60 fee 69.00; BUY CEVI.ST 389 @ 174.38 fee 69.00; BUY MEKO.ST 570 @ 119.05 fee 69.00
2025-03-03,61,995586,NIBE-B.ST:129273; HUSQ-B.ST:128978; ELAN-B.ST:96784; SHB-B.ST:179419; INVE-B.ST:162524; EQT.ST:97470; EMBRAC-B.ST:65601; CEVI.ST:66605; MEKO.ST:68870,
2025-03-04,61,960552,NIBE-B.ST:125503; HUSQ-B.ST:123813; ELAN-B.ST:94452; SHB-B.ST:173275; INVE-B.ST:155369; EQT.ST:91811; EMBRAC-B.ST:62977; CEVI.ST:65991; MEKO.ST:67300,
2025-03-05,61,987743,NIBE-B.ST:134017; HUSQ-B.ST:127936; ELAN-B.ST:95618; SHB-B.ST:181526; INVE-B.ST:158196; EQT.ST:93065; EMBRAC-B.ST:63247; CEVI.ST:65991; MEKO.ST:68085,
2025-03-06,61,1006361,NIBE-B.ST:138404; HUSQ-B.ST:137365; ELAN-B.ST:97044; SHB-B.ST:189075; INVE-B.ST:156845; EQT.ST:91373; EMBRAC-B.ST:63495; CEVI.ST:64838; MEKO.ST:67860,
2025-03-07,3,982495,NIBE-B.ST:135545; HUSQ-B.ST:137697; ELAN-B.ST:96137; SHB-B.ST:168184; INVE-B.ST:156645; EMBRAC-B.ST:61919; MEKO.ST:70216; SAVE.ST:156151,SELL EQT.ST 294 @ 308.61 fee 69.00; SELL CEVI.ST 389 @ 168.65 fee 69.00; BUY SAVE.ST 678 @ 230.31 fee 107.74
2025-03-10,3,974828,NIBE-B.ST:140972; HUSQ-B.ST:137649; ELAN-B.ST:97303; SHB-B.ST:162215; INVE-B.ST:154194; EMBRAC-B.ST:59487; MEKO.ST:70664; SAVE.ST:152342,
2025-03-11,3,953912,NIBE-B.ST:140419; HUSQ-B.ST:131679; ELAN-B.ST:93934; SHB-B.ST:158879; INVE-B.ST:151442; EMBRAC-B.ST:57099; MEKO.ST:70216; SAVE.ST:150241,
2025-03-12,3,950023,NIBE-B.ST:137852; HUSQ-B.ST:127604; ELAN-B.ST:93027; SHB-B.ST:158001; INVE-B.ST:152843; EMBRAC-B.ST:57257; MEKO.ST:71225; SAVE.ST:152211,
2025-03-13,3,949929,NIBE-B.ST:140972; HUSQ-B.ST:126988; ELAN-B.ST:93286; SHB-B.ST:157738; INVE-B.ST:152143; EMBRAC-B.ST:57831; MEKO.ST:68758; SAVE.ST:152211,
2025-03-14,166,965321,HUSQ-B.ST:125898; ELAN-B.ST:94193; EMBRAC-B.ST:58259; MEKO.ST:69318; PCELL.ST:123590; HM-B.ST:123531; RATO-B.ST:123591; BEIJ-B.ST:123495; CEVI.ST:123279,SELL NIBE-B.ST 3272 @ 44.84 fee 101.24; SELL SHB-B.ST 915 @ 172.58 fee 108.96; SELL INVE-B.ST 507 @ 305.12 fee 106.74; SELL SAVE.ST 678 @ 234.77 fee 109.83; BUY PCELL.ST 4710 @ 26.24 fee 85.28; BUY HM-B.ST 945 @ 130.72 fee 85.24; BUY RATO-B.ST 3549 @ 34.82 fee 85.28; BUY BEIJ-B.ST 801 @ 154.18 fee 85.21; BUY CEVI.ST 737 @ 167.27 fee 85.06
2025-03-17,166,970274,HUSQ-B.ST:127936; ELAN-B.ST:96914; EMBRAC-B.ST:57268; MEKO.ST:68870; PCELL.ST:123967; HM-B.ST:124222; RATO-B.ST:121611; BEIJ-B.ST:124730; CEVI.ST:124589,
2025-03-18,166,973136,HUSQ-B.ST:128504; ELAN-B.ST:97950; EMBRAC-B.ST:57381; MEKO.ST:69879; PCELL.ST:123873; HM-B.ST:125052; RATO-B.ST:120860; BEIJ-B.ST:126046; CEVI.ST:123425,
2025-03-19,166,981822,HUSQ-B.ST:128220; ELAN-B.ST:97562; EMBRAC-B.ST:59881; MEKO.ST:70104; PCELL.ST:124438; HM-B.ST:126895; RATO-B.ST:122772; BEIJ-B.ST:125886; CEVI.ST:125899,
2025-03-20,166,965609,HUSQ-B.ST:120686; ELAN-B.ST:97173; EMBRAC-B.ST:60568; MEKO.ST:68645; PCELL.ST:122083; HM-B.ST:126204; RATO-B.ST:122089; BEIJ-B.ST:124571; CEVI.ST:123425,
2025-03-21,99,952553,ELAN-B.ST:94841; EMBRAC-B.ST:61029; MEKO.ST:66963; PCELL.ST:116808; HM-B.ST:124637; RATO-B.ST:121406; BEIJ-B.ST:121781; CEVI.ST:125026; HPOL-B.ST:60043; SAVE.ST:59920,SELL HUSQ-B.ST 2396 @ 50.13 fee 82.88; BUY HPOL-B.ST 645 @ 93.09 fee 69.00; BUY SAVE.ST 258 @ 232.25 fee 69.00
2025-03-24,99,966104,ELAN-B.ST:93157; EMBRAC-B.ST:58811; MEKO.ST:68309; PCELL.ST:134141; HM-B.ST:124314; RATO-B.ST:121747; BEIJ-B.ST:121980; CEVI.ST:124007; HPOL-B.ST:58970; SAVE.ST:60570,
2025-03-25,99,970545,ELAN-B.ST:93286; EMBRAC-B.ST:59892; MEKO.ST:69431; PCELL.ST:132728; HM-B.ST:124683; RATO-B.ST:122635; BEIJ-B.ST:121223; CEVI.ST:125608; HPOL-B.ST:59491; SAVE.ST:61469,
2025-03-26,99,954135,ELAN-B.ST:92898; EMBRAC-B.ST:58642; MEKO.ST:68870; PCELL.ST:134800; HM-B.ST:122379; RATO-B.ST:121269; BEIJ-B.ST:118472; CEVI.ST:120659; HPOL-B.ST:56576; SAVE.ST:59470,
2025-03-27,99,954497,ELAN-B.ST:90306; EMBRAC-B.ST:58755; MEKO.ST:69431; PCELL.ST:138003; HM-B.ST:122886; RATO-B.ST:120098; BEIJ-B.ST:115243; CEVI.ST:124444; HPOL-B.ST:56362; SAVE.ST:58871,
2025-03-28,22,945186,ELAN-B.ST:92638; EMBRAC-B.ST:60196; PCELL.ST:131503; HM-B.ST:122425; RATO-B.ST:118962; BEIJ-B.ST:114645; CEVI.ST:122406; BULTEN.ST:91265; HUSQ-B.ST:91122,SELL MEKO.ST 570 @ 121.61 fee 69.00; SELL HPOL-B.ST 645 @ 84.91 fee 69.00; SELL SAVE.ST 258 @ 227.02 fee 69.00; BUY BULTEN.ST 1470 @ 62.08 fee 69.00; BUY HUSQ-B.ST 1895 @ 48.09 fee 69.00
2025-03-31,22,921550,ELAN-B.ST:89529; EMBRAC-B.ST:59577; PCELL.ST:125380; HM-B.ST:121504; RATO-B.ST:114136; BEIJ-B.ST:112094; CEVI.ST:121533; BULTEN.ST:89015; HUSQ-B.ST:88761,
2025-04-01,22,934132,ELAN-B.ST:87197; EMBRAC-B.ST:59261; PCELL.ST:128300; HM-B.ST:124222; RATO-B.ST:116620; BEIJ-B.ST:115044; CEVI.ST:123862; BULTEN.ST:89999; HUSQ-B.ST:89605,
2025-04-02,22,928422,ELAN-B.ST:84605; EMBRAC-B.ST:60635; PCELL.ST:125757; HM-B.ST:124314; RATO-B.ST:115130; BEIJ-B.ST:114486; CEVI.ST:125171; BULTEN.ST:89015; HUSQ-B.ST:89286,
2025-04-03,22,890821,ELAN-B.ST:84346; EMBRAC-B.ST:56480; PCELL.ST:118975; HM-B.ST:119615; RATO-B.ST:107961; BEIJ-B.ST:113091; CEVI.ST:119641; BULTEN.ST:86765; HUSQ-B.ST:83927,
2025-04-04,168,861570,ELAN-B.ST:80071; EMBRAC-B.ST:56064; PCELL.ST:115018; RATO-B.ST:100011; NIBE-B.ST:102126; NEWA-B.ST:102143; EQT.ST:102066; SAVE.ST:102111; INVE-B.ST:101793,SELL HM-B.ST 945 @ 124.97 fee 81.48; SELL BEIJ-B.ST 801 @ 132.38 fee 73.16; SELL CEVI.ST 737 @ 158.78 fee 80.74; SELL BULTEN.ST 1470 @ 58.64 fee 69.00; SELL HUSQ-B.ST 1895 @ 44.20 fee 69.00; BUY NIBE-B.ST 2997 @ 34.08 fee 70.47; BUY NEWA-B.ST 1139 @ 89.68 fee 70.48; BUY EQT.ST 401 @ 254.53 fee 70.43; BUY SAVE.ST 469 @ 217.72 fee 70.46; BUY INVE-B.ST 376 @ 270.73 fee 70.24
2025-04-07,168,820421,ELAN-B.ST:77479; EMBRAC-B.ST:54391; PCELL.ST:112852; RATO-B.ST:92842; NIBE-B.ST:95250; NEWA-B.ST:97543; EQT.ST:93073; SAVE.ST:101021; INVE-B.ST:95801,
2025-04-08,168,848840,ELAN-B.ST:76832; EMBRAC-B.ST:57313; PCELL.ST:118880; RATO-B.ST:95113; NIBE-B.ST:100608; NEWA-B.ST:99619; EQT.ST:95580; SAVE.ST:106199; INVE-B.ST:98528,
2025-04-09,168,820190,ELAN-B.ST:78516; EMBRAC-B.ST:55669; PCELL.ST:114736; RATO-B.ST:92487; NIBE-B.ST:98435; NEWA-B.ST:94009; EQT.ST:90924; SAVE.ST:101021; INVE-B.ST:94224,
2025-04-10,168,858207,ELAN-B.ST:81107; EMBRAC-B.ST:59689; PCELL.ST:119917; RATO-B.ST:96036; NIBE-B.ST:99864; NEWA-B.ST:95524; EQT.ST:98604; SAVE.ST:106562; INVE-B.ST:100736,
2025-04-11,109,876366,ELAN-B.ST:81755; EMBRAC-B.ST:59960; PCELL.ST:131786; RATO-B.ST:97527; NIBE-B.ST:100400; INVE-B.ST:100161; VOLV-B.ST:76135; ELUX-B.ST:76263; CEVI.ST:76196; SKA-B.ST:76076,SELL NEWA-B.ST 1139 @ 86.13 fee 69.00; SELL EQT.ST 401 @ 247.28 fee 69.00; SELL SAVE.ST 469 @ 229.92 fee 74.41; BUY VOLV-B.ST 315 @ 241.70 fee 69.00; BUY ELUX-B.ST 1142 @ 66.78 fee 69.00; BUY CEVI.ST 507 @ 150.29 fee 69.00; BUY SKA-B.ST 385 @ 197.60 fee 69.00
2025-04-14,109,907803,ELAN-B.ST:84735; EMBRAC-B.ST:62110; PCELL.ST:138568; RATO-B.ST:102708; NIBE-B.ST:105609; INVE-B.ST:102331; VOLV-B.ST:78278; ELUX-B.ST:78250; CEVI.ST:76797; SKA-B.ST:78309,
2025-04-15,109,932590,ELAN-B.ST:88363; EMBRAC-B.ST:63608; PCELL.ST:141112; RATO-B.ST:107748; NIBE-B.ST:110282; INVE-B.ST:104205; VOLV-B.ST:80672; ELUX-B.ST:80009; CEVI.ST:76596; SKA-B.ST:79888,
2025-04-16,109,918358,ELAN-B.ST:87326; EMBRAC-B.ST:62673; PCELL.ST:136967; RATO-B.ST:106328; NIBE-B.ST:107275; INVE-B.ST:102517; VOLV-B.ST:79727; ELUX-B.ST:79483; CEVI.ST:75295; SKA-B.ST:80658,
2025-04-17,109,912433,ELAN-B.ST:89399; EMBRAC-B.ST:61682; PCELL.ST:133481; RATO-B.ST:105050; NIBE-B.ST:107246; INVE-B.ST:102999; VOLV-B.ST:79191; ELUX-B.ST:77907; CEVI.ST:75095; SKA-B.ST:80272,
2025-04-22,187,921339,EMBRAC-B.ST:64114; PCELL.ST:127829; RATO-B.ST:107322; NIBE-B.ST:108913; INVE-B.ST:103667; VOLV-B.ST:79128; ELUX-B.ST:79940; CEVI.ST:78599; HEXA-B.ST:85945; EQT.ST:85695,SELL ELAN-B.ST 1383 @ 66.52 fee 69.00; SELL SKA-B.ST 385 @ 207.80 fee 69.00; BUY HEXA-B.ST 981 @ 87.61 fee 69.00; BUY EQT.ST 338 @ 253.54 fee 69.00
2025-04-23,187,949048,EMBRAC-B.ST:65015; PCELL.ST:135083; RATO-B.ST:108741; NIBE-B.ST:113556; INVE-B.ST:104465; VOLV-B.ST:79317; ELUX-B.ST:82498; CEVI.ST:81302; HEXA-B.ST:89197; EQT.ST:89686,
2025-04-24,187,948693,EMBRAC-B.ST:65466; PCELL.ST:123779; RATO-B.ST:110019; NIBE-B.ST:117187; INVE-B.ST:104780; VOLV-B.ST:81522; ELUX-B.ST:83777; CEVI.ST:82604; HEXA-B.ST:89216; EQT.ST:90156,
2025-04-25,187,952803,EMBRAC-B.ST:66333; PCELL.ST:116054; RATO-B.ST:113710; NIBE-B.ST:119479; INVE-B.ST:106171; VOLV-B.ST:83034; ELUX-B.ST:83686; CEVI.ST:81302; HEXA-B.ST:91450; EQT.ST:91397,
2025-04-28,187,957730,EMBRAC-B.ST:66389; PCELL.ST:122083; RATO-B.ST:113923; NIBE-B.ST:119420; INVE-B.ST:105745; VOLV-B.ST:84042; ELUX-B.ST:84074; CEVI.ST:80602; HEXA-B.ST:90372; EQT.ST:90894,
2025-04-29,10,953114,EMBRAC-B.ST:66096; PCELL.ST:117750; RATO-B.ST:113355; INVE-B.ST:104391; ELUX-B.ST:69388; HEXA-B.ST:89863; HPOL-B.ST:130812; ELAN-B.ST:130839; HUSQ-B.ST:130611,SELL NIBE-B.ST 2997 @ 39.62 fee 81.93; SELL VOLV-B.ST 315 @ 264.40 fee 69.00; SELL CEVI.ST 507 @ 195.12 fee 69.00; SELL EQT.ST 338 @ 271.30 fee 69.00; BUY HPOL-B.ST 1561 @ 83.80 fee 90.26; BUY ELAN-B.ST 2414 @ 54.20 fee 90.28; BUY HUSQ-B.ST 2957 @ 44.17 fee 90.12
2025-04-30,10,960831,EMBRAC-B.ST:68495; PCELL.ST:116620; RATO-B.ST:116549; INVE-B.ST:105856; ELUX-B.ST:68520; HEXA-B.ST:91763; HPOL-B.ST:130656; ELAN-B.ST:129149; HUSQ-B.ST:133213,
2025-05-02,10,970377,EMBRAC-B.ST:68326; PCELL.ST:122648; RATO-B.ST:117259; INVE-B.ST:107266; ELUX-B.ST:68474; HEXA-B.ST:91430; HPOL-B.ST:134168; ELAN-B.ST:127701; HUSQ-B.ST:133095,
2025-05-05,10,973371,EMBRAC-B.ST:68055; PCELL.ST:118315; RATO-B.ST:126131; INVE-B.ST:106932; ELUX-B.ST:68497; HEXA-B.ST:92136; HPOL-B.ST:133153; ELAN-B.ST:126011; HUSQ-B.ST:134130,
2025-05-06,10,959817,EMBRAC-B.ST:68326; PCELL.ST:114641; RATO-B.ST:127977; INVE-B.ST:105392; ELUX-B.ST:68292; HEXA-B.ST:89722; HPOL-B.ST:131046; ELAN-B.ST:121907; HUSQ-B.ST:132503,
2025-05-07,132526,964080,EMBRAC-B.ST:68269; PCELL.ST:112475; RATO-B.ST:129538; INVE-B.ST:105355; ELUX-B.ST:67561; HEXA-B.ST:89722; ELAN-B.ST:124562; HUSQ-B.ST:134070,SELL HPOL-B.ST 1561 @ 84.95 fee 91.50
2025-05-08,132526,977156,EMBRAC-B.ST:68078; PCELL.ST:114924; RATO-B.ST:132165; INVE-B.ST:106558; ELUX-B.ST:68977; HEXA-B.ST:90821; ELAN-B.ST:125045; HUSQ-B.ST:138062,
2025-05-09,132526,982641,EMBRAC-B.ST:68720; PCELL.ST:113888; RATO-B.ST:133584; INVE-B.ST:106840; ELUX-B.ST:70164; HEXA-B.ST:92155; ELAN-B.ST:126494; HUSQ-B.ST:138269,
2025-05-12,132526,1030491,EMBRAC-B.ST:71771; PCELL.ST:120105; RATO-B.ST:138056; INVE-B.ST:110713; ELUX-B.ST:76217; HEXA-B.ST:97374; ELAN-B.ST:135908; HUSQ-B.ST:147820,
2025-05-13,132526,1028249,EMBRAC-B.ST:71051; PCELL.ST:119446; RATO-B.ST:138482; INVE-B.ST:110300; ELUX-B.ST:75852; HEXA-B.ST:98787; ELAN-B.ST:134460; HUSQ-B.ST:147347,
2025-05-14,234,1021861,EMBRAC-B.ST:70803; PCELL.ST:120105; RATO-B.ST:137488; ELUX-B.ST:73682; ELAN-B.ST:134460; HUSQ-B.ST:145928; HPOL-B.ST:113131; VOLV-B.ST:112949; BEIJ-B.ST:113081,SELL INVE-B.ST 376 @ 291.80 fee 75.70; SELL HEXA-B.ST 981 @ 99.42 fee 69.00; BUY HPOL-B.ST 1274 @ 88.80 fee 78.06; BUY VOLV-B.ST 406 @ 278.20 fee 77.93; BUY BEIJ-B.ST 742 @ 152.40 fee 78.03
2025-05-15,234,1019779,EMBRAC-B.ST:69666; PCELL.ST:117373; RATO-B.ST:138766; ELUX-B.ST:73979; ELAN-B.ST:134701; HUSQ-B.ST:146224; HPOL-B.ST:112558; VOLV-B.ST:112827; BEIJ-B.ST:113452,
2025-05-16,234,1011876,EMBRAC-B.ST:68348; PCELL.ST:119069; RATO-B.ST:137914; ELUX-B.ST:73179; ELAN-B.ST:133253; HUSQ-B.ST:144095; HPOL-B.ST:112176; VOLV-B.ST:111975; BEIJ-B.ST:111634,
2025-05-19,234,1021140,EMBRAC-B.ST:69418; PCELL.ST:118315; RATO-B.ST:138340; ELUX-B.ST:73750; ELAN-B.ST:135908; HUSQ-B.ST:147968; HPOL-B.ST:113068; VOLV-B.ST:112097; BEIJ-B.ST:112042,
2025-05-20,234,1023890,EMBRAC-B.ST:70747; PCELL.ST:117562; RATO-B.ST:138411; ELUX-B.ST:74641; ELAN-B.ST:136391; HUSQ-B.ST:148678; HPOL-B.ST:114087; VOLV-B.ST:112137; BEIJ-B.ST:111003,
2025-05-21,202,1022103,PCELL.ST:120293; RATO-B.ST:138127; ELUX-B.ST:73248; HUSQ-B.ST:145070; VOLV-B.ST:111366; BULTEN.ST:144751; MEKO.ST:144698; INVE-B.ST:144347,SELL EMBRAC-B.ST 563 @ 126.50 fee 69.00; SELL ELAN-B.ST 2414 @ 57.70 fee 96.11; SELL HPOL-B.ST 1274 @ 89.50 fee 78.68; SELL BEIJ-B.ST 742 @ 148.05 fee 75.80; BUY BULTEN.ST 2441 @ 59.30 fee 99.88; BUY MEKO.ST 1276 @ 113.40 fee 99.84; BUY INVE-B.ST 494 @ 292.20 fee 99.60
2025-05-22,202,993525,PCELL.ST:114830; RATO-B.ST:133868; ELUX-B.ST:70895; HUSQ-B.ST:140487; VOLV-B.ST:108970; BULTEN.ST:142554; MEKO.ST:141891; INVE-B.ST:139827,
2025-05-23,202,985434,PCELL.ST:113511; RATO-B.ST:133088; ELUX-B.ST:70302; HUSQ-B.ST:138535; VOLV-B.ST:107590; BULTEN.ST:140358; MEKO.ST:143678; INVE-B.ST:138172,
2025-05-26,202,997438,PCELL.ST:115207; RATO-B.ST:138056; ELUX-B.ST:72083; HUSQ-B.ST:140694; VOLV-B.ST:109864; BULTEN.ST:137672; MEKO.ST:143167; INVE-B.ST:140494,
2025-05-27,202,998572,PCELL.ST:114265; RATO-B.ST:138056; ELUX-B.ST:71603; HUSQ-B.ST:143267; VOLV-B.ST:108889; BULTEN.ST:138161; MEKO.ST:143933; INVE-B.ST:140197,
2025-05-28,10,997718,PCELL.ST:112946; RATO-B.ST:137772; ELUX-B.ST:72266; HUSQ-B.ST:145189; VOLV-B.ST:108483; BULTEN.ST:137672; MEKO.ST:144188; HPOL-B.ST:69626; G5EN.ST:69566,SELL INVE-B.ST 494 @ 281.85 fee 96.07; BUY HPOL-B.ST 781 @ 89.15 fee 69.00; BUY G5EN.ST 635 @ 109.55 fee 69.00
2025-05-30,10,1005630,PCELL.ST:117373; RATO-B.ST:137133; ELUX-B.ST:71352; HUSQ-B.ST:143296; VOLV-B.ST:107955; BULTEN.ST:141822; MEKO.ST:146230; HPOL-B.ST:69587; G5EN.ST:70872,
2025-06-02,10,991292,PCELL.ST:116431; RATO-B.ST:136566; ELUX-B.ST:67629; HUSQ-B.ST:140191; VOLV-B.ST:104992; BULTEN.ST:139869; MEKO.ST:147506; HPOL-B.ST:68533; G5EN.ST:69566,
2025-06-03,10,999537,PCELL.ST:117750; RATO-B.ST:137701; ELUX-B.ST:68223; HUSQ-B.ST:140753; VOLV-B.ST:105316; BULTEN.ST:140846; MEKO.ST:148271; HPOL-B.ST:68845; G5EN.ST:71821,
2025-06-04,10,1017572,PCELL.ST:123873; RATO-B.ST:140540; ELUX-B.ST:69160; HUSQ-B.ST:144449; VOLV-B.ST:105885; BULTEN.ST:138893; MEKO.ST:150823; HPOL-B.ST:69743; G5EN.ST:74196,
2025-06-05,207,1018409,PCELL.ST:122083; RATO-B.ST:141960; ELUX-B.ST:67515; VOLV-B.ST:106819; BULTEN.ST:140358; G5EN.ST:73008; ELAN-B.ST:122256; EQT.ST:122061; INVE-B.ST:122141,SELL HUSQ-B.ST 2957 @ 48.80 fee 99.57; SELL MEKO.ST 1276 @ 119.80 fee 105.48; SELL HPOL-B.ST 781 @ 89.65 fee 69.00; BUY ELAN-B.ST 2041 @ 59.90 fee 84.36; BUY EQT.ST 435 @ 280.60 fee 84.22; BUY INVE-B.ST 430 @ 284.05 fee 84.28
2025-06-09,207,1042750,PCELL.ST:126511; RATO-B.ST:144941; ELUX-B.ST:70142; VOLV-B.ST:107387; BULTEN.ST:149633; G5EN.ST:71703; ELAN-B.ST:126134; EQT.ST:123758; INVE-B.ST:122335,
2025-06-10,207,1047825,PCELL.ST:126416; RATO-B.ST:146077; ELUX-B.ST:72448; VOLV-B.ST:109458; BULTEN.ST:148413; G5EN.ST:71346; ELAN-B.ST:125522; EQT.ST:125236; INVE-B.ST:122701,
2025-06-11,207,1048329,PCELL.ST:125286; RATO-B.ST:146077; ELUX-B.ST:71284; VOLV-B.ST:107955; BULTEN.ST:147925; G5EN.ST:70872; ELAN-B.ST:131236; EQT.ST:125410; INVE-B.ST:122077,
2025-06-12,207,1029992,PCELL.ST:118598; RATO-B.ST:144089; ELUX-B.ST:71306; VOLV-B.ST:107955; BULTEN.ST:145972; G5EN.ST:70397; ELAN-B.ST:129195; EQT.ST:122409; INVE-B.ST:119862,
2025-06-13,41,1015978,PCELL.ST:116808; ELUX-B.ST:75372; ELAN-B.ST:124705; EQT.ST:119712; INVE-B.ST:118207; HPOL-B.ST:153792; HUSQ-B.ST:153829; LUND-B.ST:153511,SELL RATO-B.ST 3549 @ 39.62 fee 97.02; SELL VOLV-B.ST 406 @ 264.60 fee 74.13; SELL BULTEN.ST 2441 @ 59.00 fee 99.37; SELL G5EN.ST 635 @ 109.55 fee 69.00; BUY HPOL-B.ST 1780 @ 86.40 fee 106.12; BUY HUSQ-B.ST 3175 @ 48.45 fee 106.14; BUY LUND-B.ST 329 @ 466.60 fee 105.92
2025-06-16,41,1026814,PCELL.ST:119069; ELUX-B.ST:77770; ELAN-B.ST:121031; EQT.ST:122670; INVE-B.ST:119411; HPOL-B.ST:156462; HUSQ-B.ST:154940; LUND-B.ST:155420,
2025-06-17,41,1010313,PCELL.ST:115112; ELUX-B.ST:76537; ELAN-B.ST:117562; EQT.ST:120190; INVE-B.ST:118078; HPOL-B.ST:155483; HUSQ-B.ST:152876; LUND-B.ST:154433,
2025-06-18,41,1005887,PCELL.ST:115395; ELUX-B.ST:75372; ELAN-B.ST:114704; EQT.ST:120408; INVE-B.ST:118616; HPOL-B.ST:154593; HUSQ-B.ST:152654; LUND-B.ST:154104,
2025-06-19,41,1002051,PCELL.ST:111721; ELUX-B.ST:75121; ELAN-B.ST:115316; EQT.ST:119364; INVE-B.ST:118293; HPOL-B.ST:153525; HUSQ-B.ST:154368; LUND-B.ST:154301,
2025-06-23,23,999136,PCELL.ST:114076; ELUX-B.ST:74230; EQT.ST:120495; HPOL-B.ST:152813; HUSQ-B.ST:153384; BULTEN.ST:96066; NIBE-B.ST:96078; BEIJ-B.ST:95991; G5EN.ST:95979,SELL ELAN-B.ST 2041 @ 56.10 fee 79.01; SELL INVE-B.ST 430 @ 272.60 fee 80.88; SELL LUND-B.ST 329 @ 464.80 fee 105.51; BUY BULTEN.ST 1631 @ 58.90 fee 69.00; BUY NIBE-B.ST 2504 @ 38.37 fee 69.00; BUY BEIJ-B.ST 653 @ 147.00 fee 69.00; BUY G5EN.ST 897 @ 107.00 fee 69.00
2025-06-24,23,1015779,PCELL.ST:114924; ELUX-B.ST:76445; EQT.ST:126237; HPOL-B.ST:156551; HUSQ-B.ST:156369; BULTEN.ST:96555; NIBE-B.ST:96704; BEIJ-B.ST:96709; G5EN.ST:95261,
2025-06-25,23,1018351,PCELL.ST:113323; ELUX-B.ST:74915; EQT.ST:127672; HPOL-B.ST:160289; HUSQ-B.ST:155099; BULTEN.ST:97044; NIBE-B.ST:97005; BEIJ-B.ST:95567; G5EN.ST:97414,
2025-06-26,23,1027805,PCELL.ST:110779; ELUX-B.ST:74801; EQT.ST:134459; HPOL-B.ST:161446; HUSQ-B.ST:155448; BULTEN.ST:96555; NIBE-B.ST:98132; BEIJ-B.ST:97134; G5EN.ST:99029,
2025-06-27,23,1063921,PCELL.ST:117467; ELUX-B.ST:78638; EQT.ST:138548; HPOL-B.ST:165807; HUSQ-B.ST:161417; BULTEN.ST:101122; NIBE-B.ST:102288; BEIJ-B.ST:98864; G5EN.ST:99746,
2025-06-30,257,1047754,PCELL.ST:117562; NIBE-B.ST:101011; G5EN.ST:97773; NOTE.ST:121837; ELAN-B.ST:121929; SAVE.ST:121818; MEKO.ST:121911; SINT.ST:121965; INVE-B.ST:121691,SELL ELUX-B.ST 1142 @ 67.28 fee 69.00; SELL EQT.ST 435 @ 315.90 fee 94.82; SELL HPOL-B.ST 1780 @ 91.70 fee 112.63; SELL HUSQ-B.ST 3175 @ 49.79 fee 109.08; SELL BULTEN.ST 1631 @ 60.90 fee 69.00; SELL BEIJ-B.ST 653 @ 149.35 fee 69.00; BUY NOTE.ST 678 @ 179.70 fee 84.07; BUY ELAN-B.ST 2095 @ 58.20 fee 84.13; BUY SAVE.ST 474 @ 257.00 fee 84.05; BUY MEKO.ST 1133 @ 107.60 fee 84.12; BUY SINT.ST 1038 @ 117.50 fee 84.16; BUY INVE-B.ST 435 @ 279.75 fee 83.97
2025-07-01,257,1050042,PCELL.ST:118127; NIBE-B.ST:100886; G5EN.ST:98311; NOTE.ST:118989; ELAN-B.ST:123396; SAVE.ST:121344; MEKO.ST:123497; SINT.ST:123522; INVE-B.ST:121713,
2025-07-02,257,1056380,PCELL.ST:117279; NIBE-B.ST:107797; G5EN.ST:99208; NOTE.ST:118514; ELAN-B.ST:123605; SAVE.ST:121154; MEKO.ST:123044; SINT.ST:123003; INVE-B.ST:122518,
2025-07-03,257,1062489,PCELL.ST:116620; NIBE-B.ST:107121; G5EN.ST:98311; NOTE.ST:119328; ELAN-B.ST:124862; SAVE.ST:124852; MEKO.ST:124857; SINT.ST:123003; INVE-B.ST:123279,
2025-07-04,257,1065583,PCELL.ST:117467; NIBE-B.ST:107697; G5EN.ST:97952; NOTE.ST:121633; ELAN-B.ST:126748; SAVE.ST:124188; MEKO.ST:125310; SINT.ST:121965; INVE-B.ST:122365,
2025-07-07,75,1052640,PCELL.ST:114453; NIBE-B.ST:106395; G5EN.ST:95800; MEKO.ST:122137; SINT.ST:118332; HM-B.ST:99087; BULTEN.ST:99138; HPOL-B.ST:99125; BEIJ-B.ST:99028; CLAS-B.ST:99070,SELL NOTE.ST 678 @ 176.20 fee 82.43; SELL ELAN-B.ST 2095 @ 60.70 fee 87.74; SELL SAVE.ST 474 @ 267.20 fee 87.39; SELL INVE-B.ST 435 @ 282.00 fee 84.64; BUY HM-B.ST 723 @ 137.05 fee 69.00; BUY BULTEN.ST 1599 @ 62.00 fee 69.00; BUY HPOL-B.ST 1063 @ 93.25 fee 69.00; BUY BEIJ-B.ST 635 @ 155.95 fee 69.00; BUY CLAS-B.ST 312 @ 317.53 fee 69.00
2025-07-08,75,1057110,PCELL.ST:115112; NIBE-B.ST:107572; G5EN.ST:95441; MEKO.ST:122364; SINT.ST:120927; HM-B.ST:97786; BULTEN.ST:100257; HPOL-B.ST:99869; BEIJ-B.ST:98266; CLAS-B.ST:99441,
2025-07-09,75,1065162,PCELL.ST:114453; NIBE-B.ST:107572; G5EN.ST:97055; MEKO.ST:123497; SINT.ST:120927; HM-B.ST:98436; BULTEN.ST:101696; HPOL-B.ST:100772; BEIJ-B.ST:98330; CLAS-B.ST:102348,
2025-07-10,75,1074234,PCELL.ST:119634; NIBE-B.ST:111153; G5EN.ST:97773; MEKO.ST:125310; SINT.ST:118851; HM-B.ST:100172; BULTEN.ST:94341; HPOL-B.ST:102420; BEIJ-B.ST:100489; CLAS-B.ST:104017,
2025-07-11,75,1068647,PCELL.ST:122366; NIBE-B.ST:108799; G5EN.ST:98670; MEKO.ST:123497; SINT.ST:118851; HM-B.ST:97966; BULTEN.ST:94021; HPOL-B.ST:99922; BEIJ-B.ST:99473; CLAS-B.ST:105007,
2025-07-14,309,1060299,PCELL.ST:117750; NIBE-B.ST:107346; G5EN.ST:97952; MEKO.ST:123497; SINT.ST:121446; HM-B.ST:96882; BULTEN.ST:93222; BEIJ-B.ST:98076; CLAS-B.ST:105811; EQT.ST:98009,SELL HPOL-B.ST 1063 @ 92.55 fee 69.00; BUY EQT.ST 291 @ 336.80 fee 69.00
2025-07-15,309,1067813,PCELL.ST:120953; NIBE-B.ST:109550; G5EN.ST:97594; MEKO.ST:123724; SINT.ST:121965; HM-B.ST:97786; BULTEN.ST:93861; BEIJ-B.ST:100330; CLAS-B.ST:104141; EQT.ST:97601,
2025-07-16,309,1061594,PCELL.ST:117656; NIBE-B.ST:107346; G5EN.ST:99208; MEKO.ST:125310; SINT.ST:119370; HM-B.ST:97966; BULTEN.ST:93222; BEIJ-B.ST:99155; CLAS-B.ST:103461; EQT.ST:98591,
2025-07-17,309,1085404,PCELL.ST:142054; NIBE-B.ST:107922; G5EN.ST:99746; MEKO.ST:125083; SINT.ST:118332; HM-B.ST:98436; BULTEN.ST:92742; BEIJ-B.ST:100266; CLAS-B.ST:103028; EQT.ST:97485,
2025-07-18,309,1099504,PCELL.ST:152133; NIBE-B.ST:109350; G5EN.ST:100823; MEKO.ST:124403; SINT.ST:119370; HM-B.ST:100569; BULTEN.ST:91623; BEIJ-B.ST:101791; CLAS-B.ST:101853; EQT.ST:97281,
2025-07-21,4,1121532,PCELL.ST:171256; NIBE-B.ST:109224; G5EN.ST:99029; MEKO.ST:123950; SINT.ST:122484; BULTEN.ST:91783; BEIJ-B.ST:102997; CLAS-B.ST:100863; EQT.ST:97980; EMBRAC-B.ST:101963,SELL HM-B.ST 723 @ 140.80 fee 70.24; BUY EMBRAC-B.ST 972 @ 104.90 fee 70.35
2025-07-22,4,1107372,PCELL.ST:166169; NIBE-B.ST:108323; G5EN.ST:97952; MEKO.ST:124177; SINT.ST:119889; BULTEN.ST:91623; BEIJ-B.ST:101949; CLAS-B.ST:99379; EQT.ST:94953; EMBRAC-B.ST:102954,
2025-07-23,4,1123824,PCELL.ST:163908; NIBE-B.ST:113907; G5EN.ST:97952; MEKO.ST:126669; SINT.ST:119889; BULTEN.ST:95300; BEIJ-B.ST:104299; CLAS-B.ST:100492; EQT.ST:96816; EMBRAC-B.ST:104587,
2025-07-24,4,1134992,PCELL.ST:170031; NIBE-B.ST:112930; G5EN.ST:97235; MEKO.ST:127576; SINT.ST:121446; BULTEN.ST:96740; BEIJ-B.ST:105156; CLAS-B.ST:100616; EQT.ST:97078; EMBRAC-B.ST:106181,
2025-07-25,4,1116394,PCELL.ST:172951; NIBE-B.ST:114232; G5EN.ST:98311; MEKO.ST:103443; SINT.ST:122484; BULTEN.ST:96260; BEIJ-B.ST:104775; CLAS-B.ST:101296; EQT.ST:96554; EMBRAC-B.ST:106084,
2025-07-28,4,1092273,NIBE-B.ST:113957; G5EN.ST:96876; MEKO.ST:100384; SINT.ST:121446; BULTEN.ST:95780; BEIJ-B.ST:105251; CLAS-B.ST:100121; EQT.ST:96234; RATO-B.ST:131195; HOLM-B.ST:131026,SELL PCELL.ST 4710 @ 34.30 fee 111.47; SELL EMBRAC-B.ST 972 @ 103.94 fee 69.71; BUY RATO-B.ST 3742 @ 35.06 fee 90.52; BUY HOLM-B.ST 343 @ 382.00 fee 90.41
2025-07-29,4,1095703,NIBE-B.ST:110176; G5EN.ST:92750; MEKO.ST:100270; SINT.ST:119370; BULTEN.ST:93062; BEIJ-B.ST:107950; CLAS-B.ST:103275; EQT.ST:98649; RATO-B.ST:134712; HOLM-B.ST:135485,
2025-07-30,4,1088508,NIBE-B.ST:116361; G5EN.ST:93826; MEKO.ST:98004; SINT.ST:119889; BULTEN.ST:93542; BEIJ-B.ST:106426; CLAS-B.ST:105563; EQT.ST:98329; RATO-B.ST:129174; HOLM-B.ST:127390,
2025-07-31,4,1078332,NIBE-B.ST:112980; G5EN.ST:94723; MEKO.ST:97098; SINT.ST:118851; BULTEN.ST:94341; BEIJ-B.ST:104394; CLAS-B.ST:105440; EQT.ST:95652; RATO-B.ST:129997; HOLM-B.ST:124852,
2025-08-01,4,1066721,NIBE-B.ST:111278; G5EN.ST:94185; MEKO.ST:96872; SINT.ST:117813; BULTEN.ST:92742; BEIJ-B.ST:103188; CLAS-B.ST:103584; EQT.ST:93760; RATO-B.ST:128650; HOLM-B.ST:124646,
2025-08-04,141,1073188,G5EN.ST:94723; MEKO.ST:95285; BULTEN.ST:91783; BEIJ-B.ST:105029; CLAS-B.ST:106244; RATO-B.ST:131569; EMBRAC-B.ST:112161; LUND-B.ST:112053; HPOL-B.ST:112209; CEVI.ST:111992,SELL NIBE-B.ST 2504 @ 44.00 fee 76.02; SELL SINT.ST 1038 @ 114.50 fee 82.01; SELL EQT.ST 291 @ 326.30 fee 69.00; SELL HOLM-B.ST 343 @ 365.00 fee 86.38; BUY EMBRAC-B.ST 1107 @ 101.32 fee 77.39; BUY LUND-B.ST 236 @ 474.80 fee 77.32; BUY HPOL-B.ST 1356 @ 82.75 fee 77.42; BUY CEVI.ST 658 @ 170.20 fee 77.27
2025-08-05,141,1080153,G5EN.ST:95620; MEKO.ST:95512; BULTEN.ST:91143; BEIJ-B.ST:105188; CLAS-B.ST:107109; RATO-B.ST:131569; EMBRAC-B.ST:114707; LUND-B.ST:112714; HPOL-B.ST:112616; CEVI.ST:113834,
2025-08-06,141,1074347,G5EN.ST:93288; MEKO.ST:95625; BULTEN.ST:90983; BEIJ-B.ST:108141; CLAS-B.ST:106491; RATO-B.ST:132392; EMBRAC-B.ST:114110; LUND-B.ST:112808; HPOL-B.ST:111667; CEVI.ST:108702,
2025-08-07,141,1074970,G5EN.ST:81717; MEKO.ST:95512; BULTEN.ST:92902; BEIJ-B.ST:109887; CLAS-B.ST:109088; RATO-B.ST:133889; EMBRAC-B.ST:114397; LUND-B.ST:114460; HPOL-B.ST:113090; CEVI.ST:109886,
2025-08-08,141,1074545,G5EN.ST:82524; MEKO.ST:96305; BULTEN.ST:92262; BEIJ-B.ST:110204; CLAS-B.ST:107357; RATO-B.ST:133889; EMBRAC-B.ST:113844; LUND-B.ST:114743; HPOL-B.ST:114311; CEVI.ST:108965,
2025-08-11,60,1065254,MEKO.ST:95059; BULTEN.ST:91463; BEIJ-B.ST:109728; CLAS-B.ST:106986; RATO-B.ST:132317; LUND-B.ST:114130; HPOL-B.ST:112548; CEVI.ST:108702; HOLM-B.ST:97075; SOBI.ST:97188,SELL G5EN.ST 897 @ 90.30 fee 69.00; SELL EMBRAC-B.ST 1107 @ 102.50 fee 78.29; BUY HOLM-B.ST 256 @ 379.20 fee 69.00; BUY SOBI.ST 356 @ 273.00 fee 69.00
2025-08-12,60,1069266,MEKO.ST:97438; BULTEN.ST:92582; BEIJ-B.ST:109982; CLAS-B.ST:106862; RATO-B.ST:131943; LUND-B.ST:113705; HPOL-B.ST:112616; CEVI.ST:109360; HOLM-B.ST:96819; SOBI.ST:97900,
2025-08-13,60,1066112,MEKO.ST:98571; BULTEN.ST:90184; BEIJ-B.ST:108268; CLAS-B.ST:105811; RATO-B.ST:132018; LUND-B.ST:113988; HPOL-B.ST:113497; CEVI.ST:108702; HOLM-B.ST:96973; SOBI.ST:98042,
2025-08-14,60,1053427,MEKO.ST:96872; BULTEN.ST:89384; BEIJ-B.ST:108299; CLAS-B.ST:106986; RATO-B.ST:131269; LUND-B.ST:113705; HPOL-B.ST:113158; CEVI.ST:103832; HOLM-B.ST:93030; SOBI.ST:96832,
2025-08-15,60,1058089,MEKO.ST:98231; BULTEN.ST:89544; BEIJ-B.ST:108649; CLAS-B.ST:107109; RATO-B.ST:132018; LUND-B.ST:114271; HPOL-B.ST:113565; CEVI.ST:103832; HOLM-B.ST:93338; SOBI.ST:97473,
2025-08-18,10,1053735,MEKO.ST:98004; BULTEN.ST:89704; CLAS-B.ST:105811; RATO-B.ST:129698; LUND-B.ST:112902; HPOL-B.ST:112819; CEVI.ST:104490; HOLM-B.ST:92928; EMBRAC-B.ST:103700; G5EN.ST:103668,SELL BEIJ-B.ST 635 @ 169.40 fee 74.22; SELL SOBI.ST 356 @ 281.00 fee 69.02; BUY EMBRAC-B.ST 1220 @ 85.00 fee 71.55; BUY G5EN.ST 1081 @ 95.90 fee 71.53
2025-08-19,10,1072656,MEKO.ST:99477; BULTEN.ST:92422; CLAS-B.ST:107728; RATO-B.ST:132093; LUND-B.ST:115310; HPOL-B.ST:115260; CEVI.ST:107649; HOLM-B.ST:94157; EMBRAC-B.ST:102504; G5EN.ST:106046,
2025-08-20,10,1075979,MEKO.ST:99251; BULTEN.ST:91463; CLAS-B.ST:107666; RATO-B.ST:132167; LUND-B.ST:115215; HPOL-B.ST:114989; CEVI.ST:111728; HOLM-B.ST:95181; EMBRAC-B.ST:101614; G5EN.ST:106695,
2025-08-21,10,1077402,MEKO.ST:97891; BULTEN.ST:90823; CLAS-B.ST:108223; RATO-B.ST:134413; LUND-B.ST:113988; HPOL-B.ST:114175; CEVI.ST:114229; HOLM-B.ST:95232; EMBRAC-B.ST:101724; G5EN.ST:106695,
2025-08-22,10,1095894,MEKO.ST:100497; BULTEN.ST:90823; CLAS-B.ST:108779; RATO-B.ST:135760; LUND-B.ST:115734; HPOL-B.ST:116141; CEVI.ST:119493; HOLM-B.ST:96717; EMBRAC-B.ST:104920; G5EN.ST:107019,
2025-08-25,458,1091775,BULTEN.ST:90983; CLAS-B.ST:108532; RATO-B.ST:135685; G5EN.ST:105073; SAAB-B.ST:130005; EQT.ST:130058; BEIJ-B.ST:130313; SWED-A.ST:130312; SAVE.ST:130356,SELL MEKO.ST 1133 @ 87.70 fee 69.00; SELL LUND-B.ST 236 @ 488.40 fee 79.53; SELL HPOL-B.ST 1356 @ 85.40 fee 79.90; SELL CEVI.ST 658 @ 177.80 fee 80.72; SELL HOLM-B.ST 256 @ 378.20 fee 69.00; SELL EMBRAC-B.ST 1220 @ 88.65 fee 74.63; BUY SAAB-B.ST 243 @ 535.00 fee 89.70; BUY EQT.ST 376 @ 345.90 fee 89.74; BUY BEIJ-B.ST 767 @ 169.90 fee 89.92; BUY SWED-A.ST 473 @ 275.50 fee 89.91; BUY SAVE.ST 459 @ 284.00 fee 89.95
2025-08-26,458,1081709,BULTEN.ST:89224; CLAS-B.ST:107913; RATO-B.ST:133739; G5EN.ST:103344; SAAB-B.ST:130928; EQT.ST:128592; BEIJ-B.ST:128396; SWED-A.ST:129034; SAVE.ST:130081,
2025-08-27,458,1072766,BULTEN.ST:88744; CLAS-B.ST:107295; RATO-B.ST:134862; G5EN.ST:101182; SAAB-B.ST:130442; EQT.ST:129194; BEIJ-B.ST:124062; SWED-A.ST:126906; SAVE.ST:129622,
2025-08-28,458,1064552,BULTEN.ST:88904; CLAS-B.ST:104388; RATO-B.ST:132691; G5EN.ST:100641; SAAB-B.ST:131001; EQT.ST:129156; BEIJ-B.ST:124254; SWED-A.ST:126007; SAVE.ST:127051,
2025-08-29,458,1057707,BULTEN.ST:87945; CLAS-B.ST:103461; RATO-B.ST:131793; G5EN.ST:100425; SAAB-B.ST:130054; EQT.ST:127840; BEIJ-B.ST:123410; SWED-A.ST:125913; SAVE.ST:126409,
2025-09-01,81,1057791,BULTEN.ST:87625; CLAS-B.ST:103275; RATO-B.ST:132018; EMBRAC-B.ST:105000; PCELL.ST:105044; HOLM-B.ST:105042; HPOL-B.ST:104982; SOBI.ST:104993; NEWA-B.ST:104949; MEKO.ST:104781,SELL G5EN.ST 1081 @ 90.50 fee 69.00; SELL SAAB-B.ST 243 @ 540.10 fee 90.56; SELL EQT.ST 376 @ 342.50 fee 88.86; SELL BEIJ-B.ST 767 @ 163.20 fee 86.37; SELL SWED-A.ST 473 @ 268.70 fee 87.70; SELL SAVE.ST 459 @ 273.00 fee 86.46; BUY EMBRAC-B.ST 1250 @ 84.00 fee 72.45; BUY PCELL.ST 3905 @ 26.90 fee 72.48; BUY HOLM-B.ST 287 @ 366.00 fee 72.48; BUY HPOL-B.ST 1238 @ 84.80 fee 72.44; BUY SOBI.ST 371 @ 283.00 fee 72.45; BUY NEWA-B.ST 979 @ 107.20 fee 72.41; BUY MEKO.ST 1292 @ 81.10 fee 72.30
2025-09-02,81,1035349,BULTEN.ST:86986; CLAS-B.ST:101173; RATO-B.ST:128650; EMBRAC-B.ST:102037; PCELL.ST:101530; HOLM-B.ST:103550; HPOL-B.ST:102011; SOBI.ST:102025; NEWA-B.ST:104851; MEKO.ST:102456,
2025-09-03,81,1039937,BULTEN.ST:86506; CLAS-B.ST:100492; RATO-B.ST:129398; EMBRAC-B.ST:102587; PCELL.ST:105044; HOLM-B.ST:103263; HPOL-B.ST:101578; SOBI.ST:103954; NEWA-B.ST:106515; MEKO.ST:100518,
2025-09-04,81,1045715,BULTEN.ST:87305; CLAS-B.ST:101482; RATO-B.ST:129922; EMBRAC-B.ST:108525; PCELL.ST:103092; HOLM-B.ST:103148; HPOL-B.ST:101949; SOBI.ST:101654; NEWA-B.ST:107005; MEKO.ST:101551,
2025-09-05,81,1057676,BULTEN.ST:87625; CLAS-B.ST:101544; RATO-B.ST:130820; EMBRAC-B.ST:109850; PCELL.ST:106841; HOLM-B.ST:104927; HPOL-B.ST:102506; SOBI.ST:102470; NEWA-B.ST:107005; MEKO.ST:104006,
2025-09-08,83,1069947,BULTEN.ST:87945; CLAS-B.ST:101667; RATO-B.ST:132841; HPOL-B.ST:104797; SOBI.ST:102396; NEWA-B.ST:108669; MEKO.ST:105815; NIBE-B.ST:108656; ELUX-B.ST:108652; CEVI.ST:108427,SELL EMBRAC-B.ST 1250 @ 87.71 fee 75.65; SELL PCELL.ST 3905 @ 28.54 fee 76.90; SELL HOLM-B.ST 287 @ 366.20 fee 72.52; BUY NIBE-B.ST 2834 @ 38.34 fee 74.97; BUY ELUX-B.ST 1934 @ 56.18 fee 74.97; BUY CEVI.ST 621 @ 174.60 fee 74.81
2025-09-09,83,1068863,BULTEN.ST:87785; CLAS-B.ST:101482; RATO-B.ST:133140; HPOL-B.ST:104673; SOBI.ST:102619; NEWA-B.ST:107886; MEKO.ST:104264; NIBE-B.ST:106275; ELUX-B.ST:109000; CEVI.ST:111656,
2025-09-10,83,1078431,BULTEN.ST:87625; CLAS-B.ST:115272; RATO-B.ST:132392; HPOL-B.ST:105911; SOBI.ST:99947; NEWA-B.ST:107690; MEKO.ST:104910; NIBE-B.ST:105510; ELUX-B.ST:105945; CEVI.ST:113146,
2025-09-11,83,1079521,BULTEN.ST:87465; CLAS-B.ST:118303; RATO-B.ST:132766; HPOL-B.ST:106716; SOBI.ST:99428; NEWA-B.ST:106711; MEKO.ST:106590; NIBE-B.ST:104320; ELUX-B.ST:104243; CEVI.ST:112898,
2025-09-12,83,1079601,BULTEN.ST:86666; CLAS-B.ST:120900; RATO-B.ST:133140; HPOL-B.ST:106592; SOBI.ST:100096; NEWA-B.ST:107103; MEKO.ST:108916; NIBE-B.ST:103073; ELUX-B.ST:104359; CEVI.ST:108675,
2025-09-15,16,1083022,BULTEN.ST:85706; CLAS-B.ST:121306; RATO-B.ST:134862; HPOL-B.ST:106220; SOBI.ST:101283; NEWA-B.ST:108865; NIBE-B.ST:102506; ELUX-B.ST:104281; PCELL.ST:109056; SHB-B.ST:108922,SELL MEKO.ST 1292 @ 84.30 fee 75.15; SELL CEVI.ST 621 @ 176.00 fee 75.41; BUY PCELL.ST 3906 @ 27.92 fee 75.25; BUY SHB-B.ST 549 @ 198.40 fee 75.16
2025-09-16,16,1076588,BULTEN.ST:84427; CLAS-B.ST:120931; RATO-B.ST:132167; HPOL-B.ST:106220; SOBI.ST:103583; NEWA-B.ST:108865; NIBE-B.ST:101259; ELUX-B.ST:102463; PCELL.ST:108118; SHB-B.ST:108537,
2025-09-17,16,1089538,BULTEN.ST:85387; CLAS-B.ST:122054; RATO-B.ST:132991; HPOL-B.ST:106778; SOBI.ST:101728; NEWA-B.ST:110040; NIBE-B.ST:102421; ELUX-B.ST:104281; PCELL.ST:113274; SHB-B.ST:110569,
